grid_id,row,col,land_fraction,union_name,is_forest,is_gabura,cx,cy,lon,lat
G_00000,0,34,0.16652719696135906,Kashimari,False,False,722750.0,2478750.0,89.163755,22.400399
G_00001,0,35,0.8658014836039983,Kashimari,False,False,723250.0,2478750.0,89.168609,22.400334
G_00002,0,36,0.7838866377232235,Kashimari,False,False,723750.0,2478750.0,89.173463,22.400269
G_00003,0,37,0.39769756697580005,Kashimari,False,False,724250.0,2478750.0,89.178317,22.400204
G_00004,1,14,0.1409465512092015,Bhurulia,False,False,712750.0,2478250.0,89.066599,22.397156
G_00005,1,18,0.37100832308162573,Bhurulia,False,False,714750.0,2478250.0,89.086017,22.396907
G_00006,1,20,0.2501308229531985,Bhurulia,False,False,715750.0,2478250.0,89.095726,22.396781
G_00007,1,34,0.6731993789903349,Kashimari,False,False,722750.0,2478250.0,89.163685,22.395886
G_00008,1,35,1.0,Kashimari,False,False,723250.0,2478250.0,89.168539,22.395821
G_00009,1,36,1.0,Kashimari,False,False,723750.0,2478250.0,89.173393,22.395755
G_00010,1,37,1.0,Kashimari,False,False,724250.0,2478250.0,89.178247,22.39569
G_00011,1,38,0.9025020993264248,Kashimari,False,False,724750.0,2478250.0,89.183101,22.395625
G_00012,1,39,0.2311047355192649,Kashimari,False,False,725250.0,2478250.0,89.187955,22.395559
G_00013,2,14,0.5909722086617293,Bhurulia,False,False,712750.0,2477750.0,89.066532,22.392642
G_00014,2,15,0.7241026482530628,Bhurulia,False,False,713250.0,2477750.0,89.071387,22.39258
G_00015,2,16,0.76802860208435,Bhurulia,False,False,713750.0,2477750.0,89.076241,22.392518
G_00016,2,17,0.5172874918930025,Bhurulia,False,False,714250.0,2477750.0,89.081095,22.392455
G_00017,2,18,0.9709426485349832,Bhurulia,False,False,714750.0,2477750.0,89.085949,22.392393
G_00018,2,19,0.6965578183548465,Bhurulia,False,False,715250.0,2477750.0,89.090804,22.39233
G_00019,2,20,0.7788289078705518,Bhurulia,False,False,715750.0,2477750.0,89.095658,22.392267
G_00020,2,21,0.0932749774369966,Bhurulia,False,False,716250.0,2477750.0,89.100512,22.392204
G_00021,2,31,0.6863870478583917,Kashimari,False,False,721250.0,2477750.0,89.149053,22.391566
G_00022,2,32,0.6317552360684265,Kashimari,False,False,721750.0,2477750.0,89.153907,22.391501
G_00023,2,33,0.7667494112576494,Kashimari,False,False,722250.0,2477750.0,89.158761,22.391437
G_00024,2,34,1.0,Kashimari,False,False,722750.0,2477750.0,89.163615,22.391372
G_00025,2,35,1.0,Kashimari,False,False,723250.0,2477750.0,89.168469,22.391307
G_00026,2,36,1.0,Kashimari,False,False,723750.0,2477750.0,89.173323,22.391242
G_00027,2,37,1.0,Kashimari,False,False,724250.0,2477750.0,89.178177,22.391176
G_00028,2,38,1.0,Kashimari,False,False,724750.0,2477750.0,89.18303,22.391111
G_00029,2,39,0.9197076156354084,Kashimari,False,False,725250.0,2477750.0,89.187884,22.391045
G_00030,3,14,0.6242736740316267,Bhurulia,False,False,712750.0,2477250.0,89.066466,22.388128
G_00031,3,15,1.0,Bhurulia,False,False,713250.0,2477250.0,89.07132,22.388066
G_00032,3,16,1.0,Bhurulia,False,False,713750.0,2477250.0,89.076174,22.388003
G_00033,3,17,1.0,Bhurulia,False,False,714250.0,2477250.0,89.081028,22.387941
G_00034,3,18,1.0,Bhurulia,False,False,714750.0,2477250.0,89.085882,22.387879
G_00035,3,19,1.0,Bhurulia,False,False,715250.0,2477250.0,89.090736,22.387816
G_00036,3,20,1.0,Bhurulia,False,False,715750.0,2477250.0,89.09559,22.387753
G_00037,3,21,0.6105158948361551,Bhurulia,False,False,716250.0,2477250.0,89.100444,22.38769
G_00038,3,30,0.43985034496294706,Kashimari,False,False,720750.0,2477250.0,89.14413,22.387117
G_00039,3,31,1.0,Kashimari,False,False,721250.0,2477250.0,89.148984,22.387052
G_00040,3,32,1.0,Kashimari,False,False,721750.0,2477250.0,89.153837,22.386988
G_00041,3,33,1.0,Kashimari,False,False,722250.0,2477250.0,89.158691,22.386923
G_00042,3,34,1.0,Kashimari,False,False,722750.0,2477250.0,89.163545,22.386858
G_00043,3,35,1.0,Kashimari,False,False,723250.0,2477250.0,89.168399,22.386793
G_00044,3,36,1.0,Kashimari,False,False,723750.0,2477250.0,89.173253,22.386728
G_00045,3,37,1.0,Kashimari,False,False,724250.0,2477250.0,89.178106,22.386663
G_00046,3,38,1.0,Kashimari,False,False,724750.0,2477250.0,89.18296,22.386597
G_00047,3,39,1.0,Kashimari,False,False,725250.0,2477250.0,89.187814,22.386531
G_00048,3,40,0.2490502175618745,Kashimari,False,False,725750.0,2477250.0,89.192667,22.386466
G_00049,4,14,0.36052603288478224,Bhurulia,False,False,712750.0,2476750.0,89.066399,22.383614
G_00050,4,15,1.0,Bhurulia,False,False,713250.0,2476750.0,89.071253,22.383552
G_00051,4,16,1.0,Bhurulia,False,False,713750.0,2476750.0,89.076107,22.383489
G_00052,4,17,1.0,Bhurulia,False,False,714250.0,2476750.0,89.080961,22.383427
G_00053,4,18,1.0,Bhurulia,False,False,714750.0,2476750.0,89.085815,22.383364
G_00054,4,19,1.0,Bhurulia,False,False,715250.0,2476750.0,89.090669,22.383302
G_00055,4,20,1.0,Bhurulia,False,False,715750.0,2476750.0,89.095523,22.383239
G_00056,4,21,0.9861285368717833,Bhurulia,False,False,716250.0,2476750.0,89.100376,22.383176
G_00057,4,30,0.6423177092312031,Kashimari,False,False,720750.0,2476750.0,89.14406,22.382603
G_00058,4,31,1.0,Kashimari,False,False,721250.0,2476750.0,89.148914,22.382538
G_00059,4,32,1.0,Kashimari,False,False,721750.0,2476750.0,89.153768,22.382474
G_00060,4,33,1.0,Kashimari,False,False,722250.0,2476750.0,89.158622,22.382409
G_00061,4,34,1.0,Kashimari,False,False,722750.0,2476750.0,89.163475,22.382344
G_00062,4,35,1.0,Kashimari,False,False,723250.0,2476750.0,89.168329,22.382279
G_00063,4,36,1.0,Kashimari,False,False,723750.0,2476750.0,89.173182,22.382214
G_00064,4,37,1.0,Kashimari,False,False,724250.0,2476750.0,89.178036,22.382149
G_00065,4,38,1.0,Kashimari,False,False,724750.0,2476750.0,89.18289,22.382083
G_00066,4,39,1.0,Kashimari,False,False,725250.0,2476750.0,89.187743,22.382018
G_00067,4,40,0.4531057806193189,Kashimari,False,False,725750.0,2476750.0,89.192597,22.381952
G_00068,5,14,0.7420764659265956,Bhurulia,False,False,712750.0,2476250.0,89.066332,22.3791
G_00069,5,15,1.0,Bhurulia,False,False,713250.0,2476250.0,89.071186,22.379038
G_00070,5,16,1.0,Bhurulia,False,False,713750.0,2476250.0,89.07604,22.378975
G_00071,5,17,1.0,Bhurulia,False,False,714250.0,2476250.0,89.080894,22.378913
G_00072,5,18,1.0,Bhurulia,False,False,714750.0,2476250.0,89.085747,22.37885
G_00073,5,19,1.0,Bhurulia,False,False,715250.0,2476250.0,89.090601,22.378788
G_00074,5,20,1.0,Bhurulia,False,False,715750.0,2476250.0,89.095455,22.378725
G_00075,5,21,1.0,Bhurulia,False,False,716250.0,2476250.0,89.100309,22.378662
G_00076,5,22,0.5303027560474795,Bhurulia,False,False,716750.0,2476250.0,89.105162,22.378599
G_00077,5,23,0.3430927674033512,Bhurulia,False,False,717250.0,2476250.0,89.110016,22.378536
G_00078,5,30,0.6817362334666132,Kashimari,False,False,720750.0,2476250.0,89.143991,22.378089
G_00079,5,31,1.0,Kashimari,False,False,721250.0,2476250.0,89.148845,22.378024
G_00080,5,32,1.0,Kashimari,False,False,721750.0,2476250.0,89.153698,22.37796
G_00081,5,33,1.0,Kashimari,False,False,722250.0,2476250.0,89.158552,22.377895
G_00082,5,34,1.0,Kashimari,False,False,722750.0,2476250.0,89.163405,22.37783
G_00083,5,35,1.0,Kashimari,False,False,723250.0,2476250.0,89.168259,22.377765
G_00084,5,36,1.0,Kashimari,False,False,723750.0,2476250.0,89.173112,22.3777
G_00085,5,37,1.0,Kashimari,False,False,724250.0,2476250.0,89.177966,22.377635
G_00086,5,38,1.0,Kashimari,False,False,724750.0,2476250.0,89.182819,22.377569
G_00087,5,39,1.0,Kashimari,False,False,725250.0,2476250.0,89.187672,22.377504
G_00088,5,40,0.5092410313466295,Kashimari,False,False,725750.0,2476250.0,89.192526,22.377438
G_00089,6,14,0.08892942008245844,Bhurulia,False,False,712750.0,2475750.0,89.066266,22.374585
G_00090,6,15,0.6489804463875685,Bhurulia,False,False,713250.0,2475750.0,89.071119,22.374523
G_00091,6,16,1.0,Bhurulia,False,False,713750.0,2475750.0,89.075973,22.374461
G_00092,6,17,1.0,Bhurulia,False,False,714250.0,2475750.0,89.080827,22.374399
G_00093,6,18,1.0,Bhurulia,False,False,714750.0,2475750.0,89.08568,22.374336
G_00094,6,19,1.0,Bhurulia,False,False,715250.0,2475750.0,89.090534,22.374274
G_00095,6,20,1.0,Bhurulia,False,False,715750.0,2475750.0,89.095387,22.374211
G_00096,6,21,1.0,Bhurulia,False,False,716250.0,2475750.0,89.100241,22.374148
G_00097,6,22,1.0,Bhurulia,False,False,716750.0,2475750.0,89.105094,22.374085
G_00098,6,23,0.9868525548941937,Bhurulia,False,False,717250.0,2475750.0,89.109948,22.374022
G_00099,6,24,0.14405220854059594,Bhurulia,False,False,717750.0,2475750.0,89.114801,22.373958
G_00100,6,30,0.8973499974852455,Kashimari,False,False,720750.0,2475750.0,89.143922,22.373575
G_00101,6,31,1.0,Kashimari,False,False,721250.0,2475750.0,89.148776,22.373511
G_00102,6,32,1.0,Kashimari,False,False,721750.0,2475750.0,89.153629,22.373446
G_00103,6,33,1.0,Kashimari,False,False,722250.0,2475750.0,89.158482,22.373381
G_00104,6,34,1.0,Kashimari,False,False,722750.0,2475750.0,89.163336,22.373316
G_00105,6,35,1.0,Kashimari,False,False,723250.0,2475750.0,89.168189,22.373252
G_00106,6,36,1.0,Kashimari,False,False,723750.0,2475750.0,89.173042,22.373186
G_00107,6,37,1.0,Kashimari,False,False,724250.0,2475750.0,89.177895,22.373121
G_00108,6,38,1.0,Kashimari,False,False,724750.0,2475750.0,89.182749,22.373056
G_00109,6,39,1.0,Kashimari,False,False,725250.0,2475750.0,89.187602,22.37299
G_00110,6,40,0.5800078760518884,Kashimari,False,False,725750.0,2475750.0,89.192455,22.372924
G_00111,6,45,0.7904304466577514,Padma Pukur,False,False,728250.0,2475750.0,89.216721,22.372594
G_00112,6,46,0.9625011031577142,Padma Pukur,False,False,728750.0,2475750.0,89.221574,22.372527
G_00113,6,47,0.7164793546774285,Padma Pukur,False,False,729250.0,2475750.0,89.226427,22.37246
G_00114,6,48,0.26749435983542647,Padma Pukur,False,False,729750.0,2475750.0,89.23128,22.372394
G_00115,7,14,0.11932283820483056,Bhurulia,False,False,712750.0,2475250.0,89.066199,22.370071
G_00116,7,15,0.9788575989913201,Bhurulia,False,False,713250.0,2475250.0,89.071052,22.370009
G_00117,7,16,1.0,Bhurulia,False,False,713750.0,2475250.0,89.075906,22.369947
G_00118,7,17,1.0,Bhurulia,False,False,714250.0,2475250.0,89.080759,22.369885
G_00119,7,18,1.0,Bhurulia,False,False,714750.0,2475250.0,89.085613,22.369822
G_00120,7,19,1.0,Bhurulia,False,False,715250.0,2475250.0,89.090466,22.36976
G_00121,7,20,1.0,Bhurulia,False,False,715750.0,2475250.0,89.09532,22.369697
G_00122,7,21,1.0,Bhurulia,False,False,716250.0,2475250.0,89.100173,22.369634
G_00123,7,22,1.0,Bhurulia,False,False,716750.0,2475250.0,89.105027,22.369571
G_00124,7,23,1.0,Bhurulia,False,False,717250.0,2475250.0,89.10988,22.369508
G_00125,7,24,0.910200215603791,Kashimari,False,False,717750.0,2475250.0,89.114733,22.369444
G_00126,7,25,0.10839339458420477,Kashimari,False,False,718250.0,2475250.0,89.119587,22.369381
G_00127,7,29,0.6237028936570669,Kashimari,False,False,720250.0,2475250.0,89.139,22.369125
G_00128,7,30,1.0,Kashimari,False,False,720750.0,2475250.0,89.143853,22.369061
G_00129,7,31,1.0,Kashimari,False,False,721250.0,2475250.0,89.148706,22.368997
G_00130,7,32,1.0,Kashimari,False,False,721750.0,2475250.0,89.153559,22.368932
G_00131,7,33,1.0,Kashimari,False,False,722250.0,2475250.0,89.158413,22.368867
G_00132,7,34,1.0,Kashimari,False,False,722750.0,2475250.0,89.163266,22.368803
G_00133,7,35,1.0,Kashimari,False,False,723250.0,2475250.0,89.168119,22.368738
G_00134,7,36,1.0,Kashimari,False,False,723750.0,2475250.0,89.172972,22.368673
G_00135,7,37,1.0,Kashimari,False,False,724250.0,2475250.0,89.177825,22.368607
G_00136,7,38,1.0,Kashimari,False,False,724750.0,2475250.0,89.182678,22.368542
G_00137,7,39,1.0,Kashimari,False,False,725250.0,2475250.0,89.187531,22.368476
G_00138,7,40,0.8217426913940942,Kashimari,False,False,725750.0,2475250.0,89.192384,22.368411
G_00139,7,43,0.20681296874306146,Atulia,False,False,727250.0,2475250.0,89.206943,22.368213
G_00140,7,44,0.530838416084108,Atulia,False,False,727750.0,2475250.0,89.211796,22.368146
G_00141,7,45,0.9065503805745045,Atulia,False,False,728250.0,2475250.0,89.216649,22.36808
G_00142,7,46,1.0,Padma Pukur,False,False,728750.0,2475250.0,89.221502,22.368014
G_00143,7,47,1.0,Padma Pukur,False,False,729250.0,2475250.0,89.226355,22.367947
G_00144,7,48,0.9589388970000993,Padma Pukur,False,False,729750.0,2475250.0,89.231208,22.36788
G_00145,7,49,0.18434076452016576,Padma Pukur,False,False,730250.0,2475250.0,89.236061,22.367813
G_00146,8,14,0.5020427299447193,Bhurulia,False,False,712750.0,2474750.0,89.066132,22.365557
G_00147,8,15,1.0,Bhurulia,False,False,713250.0,2474750.0,89.070986,22.365495
G_00148,8,16,1.0,Bhurulia,False,False,713750.0,2474750.0,89.075839,22.365433
G_00149,8,17,1.0,Bhurulia,False,False,714250.0,2474750.0,89.080692,22.365371
G_00150,8,18,1.0,Bhurulia,False,False,714750.0,2474750.0,89.085546,22.365308
G_00151,8,19,1.0,Bhurulia,False,False,715250.0,2474750.0,89.090399,22.365246
G_00152,8,20,1.0,Bhurulia,False,False,715750.0,2474750.0,89.095252,22.365183
G_00153,8,21,1.0,Shyamnagar,False,False,716250.0,2474750.0,89.100105,22.36512
G_00154,8,22,1.0,Shyamnagar,False,False,716750.0,2474750.0,89.104959,22.365057
G_00155,8,23,1.0,Shyamnagar,False,False,717250.0,2474750.0,89.109812,22.364994
G_00156,8,24,1.0,Kashimari,False,False,717750.0,2474750.0,89.114665,22.36493
G_00157,8,25,0.9797229618928642,Kashimari,False,False,718250.0,2474750.0,89.119518,22.364867
G_00158,8,26,0.8681696939624459,Kashimari,False,False,718750.0,2474750.0,89.124371,22.364803
G_00159,8,27,0.7949972560402682,Kashimari,False,False,719250.0,2474750.0,89.129225,22.364739
G_00160,8,28,0.6997248009036767,Kashimari,False,False,719750.0,2474750.0,89.134078,22.364675
G_00161,8,29,1.0,Kashimari,False,False,720250.0,2474750.0,89.138931,22.364611
G_00162,8,30,1.0,Kashimari,False,False,720750.0,2474750.0,89.143784,22.364547
G_00163,8,31,1.0,Kashimari,False,False,721250.0,2474750.0,89.148637,22.364483
G_00164,8,32,1.0,Kashimari,False,False,721750.0,2474750.0,89.15349,22.364418
G_00165,8,33,1.0,Kashimari,False,False,722250.0,2474750.0,89.158343,22.364354
G_00166,8,34,1.0,Kashimari,False,False,722750.0,2474750.0,89.163196,22.364289
G_00167,8,35,1.0,Kashimari,False,False,723250.0,2474750.0,89.168049,22.364224
G_00168,8,36,1.0,Kashimari,False,False,723750.0,2474750.0,89.172902,22.364159
G_00169,8,37,1.0,Kashimari,False,False,724250.0,2474750.0,89.177755,22.364094
G_00170,8,38,1.0,Kashimari,False,False,724750.0,2474750.0,89.182608,22.364028
G_00171,8,39,1.0,Kashimari,False,False,725250.0,2474750.0,89.187461,22.363963
G_00172,8,40,1.0,Atulia,False,False,725750.0,2474750.0,89.192314,22.363897
G_00173,8,41,0.961425334839778,Atulia,False,False,726250.0,2474750.0,89.197167,22.363831
G_00174,8,42,0.9498146319565729,Atulia,False,False,726750.0,2474750.0,89.202019,22.363765
G_00175,8,43,1.0,Atulia,False,False,727250.0,2474750.0,89.206872,22.363699
G_00176,8,44,1.0,Atulia,False,False,727750.0,2474750.0,89.211725,22.363633
G_00177,8,45,1.0,Atulia,False,False,728250.0,2474750.0,89.216578,22.363566
G_00178,8,46,1.0,Atulia,False,False,728750.0,2474750.0,89.221431,22.3635
G_00179,8,47,1.0,Padma Pukur,False,False,729250.0,2474750.0,89.226284,22.363433
G_00180,8,48,1.0,Padma Pukur,False,False,729750.0,2474750.0,89.231136,22.363366
G_00181,8,49,0.8608724093833904,Padma Pukur,False,False,730250.0,2474750.0,89.235989,22.363299
G_00182,8,50,0.09051839888864997,Padma Pukur,False,False,730750.0,2474750.0,89.240842,22.363232
G_00183,9,13,0.0822303328037301,Bhurulia,False,False,712250.0,2474250.0,89.061213,22.361105
G_00184,9,14,0.9728055647344213,Bhurulia,False,False,712750.0,2474250.0,89.066066,22.361043
G_00185,9,15,1.0,Bhurulia,False,False,713250.0,2474250.0,89.070919,22.360981
G_00186,9,16,1.0,Bhurulia,False,False,713750.0,2474250.0,89.075772,22.360919
G_00187,9,17,1.0,Bhurulia,False,False,714250.0,2474250.0,89.080625,22.360857
G_00188,9,18,1.0,Bhurulia,False,False,714750.0,2474250.0,89.085478,22.360794
G_00189,9,19,1.0,Bhurulia,False,False,715250.0,2474250.0,89.090332,22.360732
G_00190,9,20,1.0,Bhurulia,False,False,715750.0,2474250.0,89.095185,22.360669
G_00191,9,21,1.0,Bhurulia,False,False,716250.0,2474250.0,89.100038,22.360606
G_00192,9,22,1.0,Shyamnagar,False,False,716750.0,2474250.0,89.104891,22.360543
G_00193,9,23,1.0,Shyamnagar,False,False,717250.0,2474250.0,89.109744,22.36048
G_00194,9,24,1.0,Shyamnagar,False,False,717750.0,2474250.0,89.114597,22.360416
G_00195,9,25,1.0,Kashimari,False,False,718250.0,2474250.0,89.11945,22.360353
G_00196,9,26,1.0,Kashimari,False,False,718750.0,2474250.0,89.124303,22.360289
G_00197,9,27,1.0,Kashimari,False,False,719250.0,2474250.0,89.129156,22.360225
G_00198,9,28,1.0,Kashimari,False,False,719750.0,2474250.0,89.134009,22.360161
G_00199,9,29,1.0,Kashimari,False,False,720250.0,2474250.0,89.138862,22.360097
G_00200,9,30,1.0,Kashimari,False,False,720750.0,2474250.0,89.143715,22.360033
G_00201,9,31,1.0,Kashimari,False,False,721250.0,2474250.0,89.148568,22.359969
G_00202,9,32,1.0,Kashimari,False,False,721750.0,2474250.0,89.153421,22.359904
G_00203,9,33,1.0,Kashimari,False,False,722250.0,2474250.0,89.158273,22.35984
G_00204,9,34,1.0,Kashimari,False,False,722750.0,2474250.0,89.163126,22.359775
G_00205,9,35,1.0,Kashimari,False,False,723250.0,2474250.0,89.167979,22.35971
G_00206,9,36,1.0,Kashimari,False,False,723750.0,2474250.0,89.172832,22.359645
G_00207,9,37,1.0,Kashimari,False,False,724250.0,2474250.0,89.177685,22.35958
G_00208,9,38,1.0,Kashimari,False,False,724750.0,2474250.0,89.182538,22.359514
G_00209,9,39,1.0,Kashimari,False,False,725250.0,2474250.0,89.18739,22.359449
G_00210,9,40,1.0,Kashimari,False,False,725750.0,2474250.0,89.192243,22.359383
G_00211,9,41,1.0,Atulia,False,False,726250.0,2474250.0,89.197096,22.359317
G_00212,9,42,1.0,Atulia,False,False,726750.0,2474250.0,89.201948,22.359251
G_00213,9,43,1.0,Atulia,False,False,727250.0,2474250.0,89.206801,22.359185
G_00214,9,44,1.0,Atulia,False,False,727750.0,2474250.0,89.211654,22.359119
G_00215,9,45,1.0,Atulia,False,False,728250.0,2474250.0,89.216507,22.359053
G_00216,9,46,1.0,Padma Pukur,False,False,728750.0,2474250.0,89.221359,22.358986
G_00217,9,47,1.0,Padma Pukur,False,False,729250.0,2474250.0,89.226212,22.358919
G_00218,9,48,1.0,Padma Pukur,False,False,729750.0,2474250.0,89.231064,22.358853
G_00219,9,49,1.0,Padma Pukur,False,False,730250.0,2474250.0,89.235917,22.358786
G_00220,9,50,0.8129850446133515,Padma Pukur,False,False,730750.0,2474250.0,89.24077,22.358719
G_00221,9,51,0.07361778713403061,Padma Pukur,False,False,731250.0,2474250.0,89.245622,22.358651
G_00222,10,13,0.3462740040283986,Bhurulia,False,False,712250.0,2473750.0,89.061146,22.356591
G_00223,10,14,1.0,Bhurulia,False,False,712750.0,2473750.0,89.065999,22.356529
G_00224,10,15,1.0,Bhurulia,False,False,713250.0,2473750.0,89.070852,22.356467
G_00225,10,16,1.0,Bhurulia,False,False,713750.0,2473750.0,89.075705,22.356405
G_00226,10,17,1.0,Bhurulia,False,False,714250.0,2473750.0,89.080558,22.356342
G_00227,10,18,1.0,Bhurulia,False,False,714750.0,2473750.0,89.085411,22.35628
G_00228,10,19,1.0,Bhurulia,False,False,715250.0,2473750.0,89.090264,22.356217
G_00229,10,20,1.0,Bhurulia,False,False,715750.0,2473750.0,89.095117,22.356155
G_00230,10,21,1.0,Bhurulia,False,False,716250.0,2473750.0,89.09997,22.356092
G_00231,10,22,1.0,Shyamnagar,False,False,716750.0,2473750.0,89.104823,22.356029
G_00232,10,23,1.0,Shyamnagar,False,False,717250.0,2473750.0,89.109676,22.355966
G_00233,10,24,1.0,Shyamnagar,False,False,717750.0,2473750.0,89.114529,22.355902
G_00234,10,25,1.0,Shyamnagar,False,False,718250.0,2473750.0,89.119382,22.355839
G_00235,10,26,1.0,Kashimari,False,False,718750.0,2473750.0,89.124234,22.355775
G_00236,10,27,1.0,Kashimari,False,False,719250.0,2473750.0,89.129087,22.355711
G_00237,10,28,1.0,Kashimari,False,False,719750.0,2473750.0,89.13394,22.355648
G_00238,10,29,1.0,Kashimari,False,False,720250.0,2473750.0,89.138793,22.355584
G_00239,10,30,1.0,Kashimari,False,False,720750.0,2473750.0,89.143646,22.355519
G_00240,10,31,1.0,Kashimari,False,False,721250.0,2473750.0,89.148498,22.355455
G_00241,10,32,1.0,Kashimari,False,False,721750.0,2473750.0,89.153351,22.35539
G_00242,10,33,1.0,Kashimari,False,False,722250.0,2473750.0,89.158204,22.355326
G_00243,10,34,1.0,Kashimari,False,False,722750.0,2473750.0,89.163057,22.355261
G_00244,10,35,1.0,Kashimari,False,False,723250.0,2473750.0,89.167909,22.355196
G_00245,10,36,1.0,Kashimari,False,False,723750.0,2473750.0,89.172762,22.355131
G_00246,10,37,1.0,Kashimari,False,False,724250.0,2473750.0,89.177615,22.355066
G_00247,10,38,1.0,Kashimari,False,False,724750.0,2473750.0,89.182467,22.355001
G_00248,10,39,1.0,Kashimari,False,False,725250.0,2473750.0,89.18732,22.354935
G_00249,10,40,1.0,Kashimari,False,False,725750.0,2473750.0,89.192172,22.354869
G_00250,10,41,1.0,Atulia,False,False,726250.0,2473750.0,89.197025,22.354804
G_00251,10,42,1.0,Atulia,False,False,726750.0,2473750.0,89.201878,22.354738
G_00252,10,43,1.0,Atulia,False,False,727250.0,2473750.0,89.20673,22.354672
G_00253,10,44,1.0,Atulia,False,False,727750.0,2473750.0,89.211583,22.354605
G_00254,10,45,1.0,Padma Pukur,False,False,728250.0,2473750.0,89.216435,22.354539
G_00255,10,46,1.0,Padma Pukur,False,False,728750.0,2473750.0,89.221288,22.354472
G_00256,10,47,1.0,Padma Pukur,False,False,729250.0,2473750.0,89.22614,22.354406
G_00257,10,48,1.0,Padma Pukur,False,False,729750.0,2473750.0,89.230992,22.354339
G_00258,10,49,1.0,Padma Pukur,False,False,730250.0,2473750.0,89.235845,22.354272
G_00259,10,50,1.0,Padma Pukur,False,False,730750.0,2473750.0,89.240697,22.354205
G_00260,10,51,0.6488735939386573,Padma Pukur,False,False,731250.0,2473750.0,89.24555,22.354138
G_00261,11,13,0.16208301848083134,Bhurulia,False,False,712250.0,2473250.0,89.06108,22.352077
G_00262,11,14,0.9900800687515011,Bhurulia,False,False,712750.0,2473250.0,89.065933,22.352015
G_00263,11,15,1.0,Bhurulia,False,False,713250.0,2473250.0,89.070785,22.351953
G_00264,11,16,1.0,Bhurulia,False,False,713750.0,2473250.0,89.075638,22.351891
G_00265,11,17,1.0,Bhurulia,False,False,714250.0,2473250.0,89.080491,22.351828
G_00266,11,18,1.0,Bhurulia,False,False,714750.0,2473250.0,89.085344,22.351766
G_00267,11,19,1.0,Bhurulia,False,False,715250.0,2473250.0,89.090197,22.351703
G_00268,11,20,1.0,Bhurulia,False,False,715750.0,2473250.0,89.09505,22.351641
G_00269,11,21,1.0,Bhurulia,False,False,716250.0,2473250.0,89.099902,22.351578
G_00270,11,22,1.0,Shyamnagar,False,False,716750.0,2473250.0,89.104755,22.351515
G_00271,11,23,1.0,Shyamnagar,False,False,717250.0,2473250.0,89.109608,22.351452
G_00272,11,24,1.0,Shyamnagar,False,False,717750.0,2473250.0,89.114461,22.351388
G_00273,11,25,1.0,Shyamnagar,False,False,718250.0,2473250.0,89.119313,22.351325
G_00274,11,26,1.0,Kashimari,False,False,718750.0,2473250.0,89.124166,22.351261
G_00275,11,27,1.0,Kashimari,False,False,719250.0,2473250.0,89.129019,22.351198
G_00276,11,28,1.0,Kashimari,False,False,719750.0,2473250.0,89.133871,22.351134
G_00277,11,29,1.0,Kashimari,False,False,720250.0,2473250.0,89.138724,22.35107
G_00278,11,30,1.0,Kashimari,False,False,720750.0,2473250.0,89.143577,22.351005
G_00279,11,31,1.0,Kashimari,False,False,721250.0,2473250.0,89.148429,22.350941
G_00280,11,32,1.0,Kashimari,False,False,721750.0,2473250.0,89.153282,22.350877
G_00281,11,33,1.0,Atulia,False,False,722250.0,2473250.0,89.158134,22.350812
G_00282,11,34,1.0,Atulia,False,False,722750.0,2473250.0,89.162987,22.350747
G_00283,11,35,1.0,Atulia,False,False,723250.0,2473250.0,89.167839,22.350682
G_00284,11,36,1.0,Kashimari,False,False,723750.0,2473250.0,89.172692,22.350617
G_00285,11,37,1.0,Kashimari,False,False,724250.0,2473250.0,89.177544,22.350552
G_00286,11,38,1.0,Kashimari,False,False,724750.0,2473250.0,89.182397,22.350487
G_00287,11,39,1.0,Kashimari,False,False,725250.0,2473250.0,89.187249,22.350421
G_00288,11,40,1.0,Atulia,False,False,725750.0,2473250.0,89.192102,22.350356
G_00289,11,41,1.0,Atulia,False,False,726250.0,2473250.0,89.196954,22.35029
G_00290,11,42,1.0,Atulia,False,False,726750.0,2473250.0,89.201807,22.350224
G_00291,11,43,1.0,Atulia,False,False,727250.0,2473250.0,89.206659,22.350158
G_00292,11,44,1.0,Padma Pukur,False,False,727750.0,2473250.0,89.211511,22.350092
G_00293,11,45,1.0,Padma Pukur,False,False,728250.0,2473250.0,89.216364,22.350025
G_00294,11,46,1.0,Padma Pukur,False,False,728750.0,2473250.0,89.221216,22.349959
G_00295,11,47,1.0,Padma Pukur,False,False,729250.0,2473250.0,89.226068,22.349892
G_00296,11,48,1.0,Padma Pukur,False,False,729750.0,2473250.0,89.230921,22.349825
G_00297,11,49,1.0,Padma Pukur,False,False,730250.0,2473250.0,89.235773,22.349758
G_00298,11,50,1.0,Padma Pukur,False,False,730750.0,2473250.0,89.240625,22.349691
G_00299,11,51,0.9152276179258728,Padma Pukur,False,False,731250.0,2473250.0,89.245477,22.349624
G_00300,12,14,0.5308233349122703,Bhurulia,False,False,712750.0,2472750.0,89.065866,22.347501
G_00301,12,15,1.0,Bhurulia,False,False,713250.0,2472750.0,89.070719,22.347439
G_00302,12,16,1.0,Bhurulia,False,False,713750.0,2472750.0,89.075571,22.347377
G_00303,12,17,1.0,Bhurulia,False,False,714250.0,2472750.0,89.080424,22.347314
G_00304,12,18,1.0,Bhurulia,False,False,714750.0,2472750.0,89.085277,22.347252
G_00305,12,19,1.0,Bhurulia,False,False,715250.0,2472750.0,89.090129,22.347189
G_00306,12,20,1.0,Shyamnagar,False,False,715750.0,2472750.0,89.094982,22.347127
G_00307,12,21,1.0,Shyamnagar,False,False,716250.0,2472750.0,89.099835,22.347064
G_00308,12,22,1.0,Shyamnagar,False,False,716750.0,2472750.0,89.104687,22.347001
G_00309,12,23,1.0,Shyamnagar,False,False,717250.0,2472750.0,89.10954,22.346938
G_00310,12,24,1.0,Shyamnagar,False,False,717750.0,2472750.0,89.114392,22.346874
G_00311,12,25,1.0,Shyamnagar,False,False,718250.0,2472750.0,89.119245,22.346811
G_00312,12,26,1.0,Kashimari,False,False,718750.0,2472750.0,89.124098,22.346747
G_00313,12,27,1.0,Kashimari,False,False,719250.0,2472750.0,89.12895,22.346684
G_00314,12,28,1.0,Kashimari,False,False,719750.0,2472750.0,89.133803,22.34662
G_00315,12,29,1.0,Kashimari,False,False,720250.0,2472750.0,89.138655,22.346556
G_00316,12,30,1.0,Kashimari,False,False,720750.0,2472750.0,89.143507,22.346491
G_00317,12,31,1.0,Kashimari,False,False,721250.0,2472750.0,89.14836,22.346427
G_00318,12,32,1.0,Atulia,False,False,721750.0,2472750.0,89.153212,22.346363
G_00319,12,33,1.0,Atulia,False,False,722250.0,2472750.0,89.158065,22.346298
G_00320,12,34,1.0,Atulia,False,False,722750.0,2472750.0,89.162917,22.346233
G_00321,12,35,1.0,Atulia,False,False,723250.0,2472750.0,89.16777,22.346168
G_00322,12,36,1.0,Atulia,False,False,723750.0,2472750.0,89.172622,22.346103
G_00323,12,37,1.0,Atulia,False,False,724250.0,2472750.0,89.177474,22.346038
G_00324,12,38,1.0,Atulia,False,False,724750.0,2472750.0,89.182327,22.345973
G_00325,12,39,1.0,Atulia,False,False,725250.0,2472750.0,89.187179,22.345907
G_00326,12,40,1.0,Atulia,False,False,725750.0,2472750.0,89.192031,22.345842
G_00327,12,41,1.0,Atulia,False,False,726250.0,2472750.0,89.196883,22.345776
G_00328,12,42,1.0,Atulia,False,False,726750.0,2472750.0,89.201736,22.34571
G_00329,12,43,1.0,Padma Pukur,False,False,727250.0,2472750.0,89.206588,22.345644
G_00330,12,44,1.0,Padma Pukur,False,False,727750.0,2472750.0,89.21144,22.345578
G_00331,12,45,1.0,Padma Pukur,False,False,728250.0,2472750.0,89.216292,22.345512
G_00332,12,46,1.0,Padma Pukur,False,False,728750.0,2472750.0,89.221144,22.345445
G_00333,12,47,1.0,Padma Pukur,False,False,729250.0,2472750.0,89.225997,22.345378
G_00334,12,48,1.0,Padma Pukur,False,False,729750.0,2472750.0,89.230849,22.345312
G_00335,12,49,1.0,Padma Pukur,False,False,730250.0,2472750.0,89.235701,22.345245
G_00336,12,50,1.0,Padma Pukur,False,False,730750.0,2472750.0,89.240553,22.345178
G_00337,12,51,1.0,Padma Pukur,False,False,731250.0,2472750.0,89.245405,22.345111
G_00338,12,52,0.49010306695707806,Padma Pukur,False,False,731750.0,2472750.0,89.250257,22.345043
G_00339,13,6,0.22843638629185756,Nurnagar,False,False,708750.0,2472250.0,89.026978,22.343477
G_00340,13,7,0.39483307767712744,Nurnagar,False,False,709250.0,2472250.0,89.031831,22.343416
G_00341,13,8,0.15897689665775616,Nurnagar,False,False,709750.0,2472250.0,89.036684,22.343355
G_00342,13,11,0.3339696335804468,Nurnagar,False,False,711250.0,2472250.0,89.051242,22.343172
G_00343,13,12,0.2766459722040742,Nurnagar,False,False,711750.0,2472250.0,89.056094,22.34311
G_00344,13,13,0.3783863986010113,Bhurulia,False,False,712250.0,2472250.0,89.060947,22.343048
G_00345,13,14,0.3079592262667786,Bhurulia,False,False,712750.0,2472250.0,89.065799,22.342987
G_00346,13,15,0.48966814156319693,Bhurulia,False,False,713250.0,2472250.0,89.070652,22.342925
G_00347,13,16,1.0,Shyamnagar,False,False,713750.0,2472250.0,89.075505,22.342862
G_00348,13,17,1.0,Shyamnagar,False,False,714250.0,2472250.0,89.080357,22.3428
G_00349,13,18,1.0,Bhurulia,False,False,714750.0,2472250.0,89.08521,22.342738
G_00350,13,19,1.0,Shyamnagar,False,False,715250.0,2472250.0,89.090062,22.342675
G_00351,13,20,1.0,Shyamnagar,False,False,715750.0,2472250.0,89.094915,22.342613
G_00352,13,21,1.0,Shyamnagar,False,False,716250.0,2472250.0,89.099767,22.34255
G_00353,13,22,1.0,Shyamnagar,False,False,716750.0,2472250.0,89.104619,22.342487
G_00354,13,23,1.0,Shyamnagar,False,False,717250.0,2472250.0,89.109472,22.342424
G_00355,13,24,1.0,Shyamnagar,False,False,717750.0,2472250.0,89.114324,22.34236
G_00356,13,25,1.0,Shyamnagar,False,False,718250.0,2472250.0,89.119177,22.342297
G_00357,13,26,1.0,Shyamnagar,False,False,718750.0,2472250.0,89.124029,22.342233
G_00358,13,27,1.0,Shyamnagar,False,False,719250.0,2472250.0,89.128881,22.34217
G_00359,13,28,1.0,Kashimari,False,False,719750.0,2472250.0,89.133734,22.342106
G_00360,13,29,1.0,Kashimari,False,False,720250.0,2472250.0,89.138586,22.342042
G_00361,13,30,1.0,Kashimari,False,False,720750.0,2472250.0,89.143438,22.341978
G_00362,13,31,1.0,Atulia,False,False,721250.0,2472250.0,89.148291,22.341913
G_00363,13,32,1.0,Atulia,False,False,721750.0,2472250.0,89.153143,22.341849
G_00364,13,33,1.0,Atulia,False,False,722250.0,2472250.0,89.157995,22.341784
G_00365,13,34,1.0,Atulia,False,False,722750.0,2472250.0,89.162847,22.34172
G_00366,13,35,1.0,Atulia,False,False,723250.0,2472250.0,89.1677,22.341655
G_00367,13,36,1.0,Atulia,False,False,723750.0,2472250.0,89.172552,22.34159
G_00368,13,37,1.0,Atulia,False,False,724250.0,2472250.0,89.177404,22.341524
G_00369,13,38,1.0,Atulia,False,False,724750.0,2472250.0,89.182256,22.341459
G_00370,13,39,1.0,Atulia,False,False,725250.0,2472250.0,89.187108,22.341394
G_00371,13,40,1.0,Atulia,False,False,725750.0,2472250.0,89.191961,22.341328
G_00372,13,41,1.0,Atulia,False,False,726250.0,2472250.0,89.196813,22.341262
G_00373,13,42,1.0,Atulia,False,False,726750.0,2472250.0,89.201665,22.341196
G_00374,13,43,1.0,Atulia,False,False,727250.0,2472250.0,89.206517,22.34113
G_00375,13,44,1.0,Padma Pukur,False,False,727750.0,2472250.0,89.211369,22.341064
G_00376,13,45,1.0,Padma Pukur,False,False,728250.0,2472250.0,89.216221,22.340998
G_00377,13,46,1.0,Padma Pukur,False,False,728750.0,2472250.0,89.221073,22.340931
G_00378,13,47,1.0,Padma Pukur,False,False,729250.0,2472250.0,89.225925,22.340865
G_00379,13,48,1.0,Padma Pukur,False,False,729750.0,2472250.0,89.230777,22.340798
G_00380,13,49,1.0,Padma Pukur,False,False,730250.0,2472250.0,89.235629,22.340731
G_00381,13,50,1.0,Padma Pukur,False,False,730750.0,2472250.0,89.240481,22.340664
G_00382,13,51,1.0,Padma Pukur,False,False,731250.0,2472250.0,89.245333,22.340597
G_00383,13,52,0.6526941165683968,Padma Pukur,False,False,731750.0,2472250.0,89.250185,22.34053
G_00384,14,6,0.6568690534007741,Nurnagar,False,False,708750.0,2471750.0,89.026913,22.338963
G_00385,14,7,1.0,Nurnagar,False,False,709250.0,2471750.0,89.031766,22.338902
G_00386,14,8,0.9411636256310728,Nurnagar,False,False,709750.0,2471750.0,89.036618,22.338841
G_00387,14,9,0.7482681467382957,Nurnagar,False,False,710250.0,2471750.0,89.041471,22.33878
G_00388,14,10,0.9527629497922613,Nurnagar,False,False,710750.0,2471750.0,89.046323,22.338719
G_00389,14,11,1.0,Nurnagar,False,False,711250.0,2471750.0,89.051176,22.338657
G_00390,14,12,0.9840821665171307,Nurnagar,False,False,711750.0,2471750.0,89.056028,22.338596
G_00391,14,13,0.45125249492833436,Nurnagar,False,False,712250.0,2471750.0,89.06088,22.338534
G_00392,14,14,0.39431981206447786,Shyamnagar,False,False,712750.0,2471750.0,89.065733,22.338472
G_00393,14,15,0.2640375689509736,Shyamnagar,False,False,713250.0,2471750.0,89.070585,22.33841
G_00394,14,16,1.0,Shyamnagar,False,False,713750.0,2471750.0,89.075438,22.338348
G_00395,14,17,1.0,Shyamnagar,False,False,714250.0,2471750.0,89.08029,22.338286
G_00396,14,18,1.0,Shyamnagar,False,False,714750.0,2471750.0,89.085142,22.338224
G_00397,14,19,1.0,Shyamnagar,False,False,715250.0,2471750.0,89.089995,22.338161
G_00398,14,20,1.0,Shyamnagar,False,False,715750.0,2471750.0,89.094847,22.338098
G_00399,14,21,1.0,Shyamnagar,False,False,716250.0,2471750.0,89.099699,22.338036
G_00400,14,22,1.0,Shyamnagar,False,False,716750.0,2471750.0,89.104552,22.337973
G_00401,14,23,1.0,Shyamnagar,False,False,717250.0,2471750.0,89.109404,22.33791
G_00402,14,24,1.0,Shyamnagar,False,False,717750.0,2471750.0,89.114256,22.337846
G_00403,14,25,1.0,Shyamnagar,False,False,718250.0,2471750.0,89.119108,22.337783
G_00404,14,26,1.0,Shyamnagar,False,False,718750.0,2471750.0,89.123961,22.337719
G_00405,14,27,1.0,Shyamnagar,False,False,719250.0,2471750.0,89.128813,22.337656
G_00406,14,28,1.0,Shyamnagar,False,False,719750.0,2471750.0,89.133665,22.337592
G_00407,14,29,1.0,Atulia,False,False,720250.0,2471750.0,89.138517,22.337528
G_00408,14,30,1.0,Atulia,False,False,720750.0,2471750.0,89.143369,22.337464
G_00409,14,31,1.0,Atulia,False,False,721250.0,2471750.0,89.148222,22.337399
G_00410,14,32,1.0,Atulia,False,False,721750.0,2471750.0,89.153074,22.337335
G_00411,14,33,1.0,Atulia,False,False,722250.0,2471750.0,89.157926,22.33727
G_00412,14,34,1.0,Atulia,False,False,722750.0,2471750.0,89.162778,22.337206
G_00413,14,35,1.0,Atulia,False,False,723250.0,2471750.0,89.16763,22.337141
G_00414,14,36,1.0,Atulia,False,False,723750.0,2471750.0,89.172482,22.337076
G_00415,14,37,1.0,Atulia,False,False,724250.0,2471750.0,89.177334,22.337011
G_00416,14,38,1.0,Atulia,False,False,724750.0,2471750.0,89.182186,22.336945
G_00417,14,39,1.0,Atulia,False,False,725250.0,2471750.0,89.187038,22.33688
G_00418,14,40,1.0,Atulia,False,False,725750.0,2471750.0,89.19189,22.336814
G_00419,14,41,1.0,Atulia,False,False,726250.0,2471750.0,89.196742,22.336749
G_00420,14,42,1.0,Atulia,False,False,726750.0,2471750.0,89.201594,22.336683
G_00421,14,43,1.0,Atulia,False,False,727250.0,2471750.0,89.206446,22.336617
G_00422,14,44,1.0,Padma Pukur,False,False,727750.0,2471750.0,89.211298,22.336551
G_00423,14,45,1.0,Padma Pukur,False,False,728250.0,2471750.0,89.21615,22.336484
G_00424,14,46,1.0,Padma Pukur,False,False,728750.0,2471750.0,89.221001,22.336418
G_00425,14,47,1.0,Padma Pukur,False,False,729250.0,2471750.0,89.225853,22.336351
G_00426,14,48,1.0,Padma Pukur,False,False,729750.0,2471750.0,89.230705,22.336284
G_00427,14,49,1.0,Padma Pukur,False,False,730250.0,2471750.0,89.235557,22.336218
G_00428,14,50,1.0,Padma Pukur,False,False,730750.0,2471750.0,89.240409,22.33615
G_00429,14,51,1.0,Padma Pukur,False,False,731250.0,2471750.0,89.24526,22.336083
G_00430,14,52,0.8990045677422418,Padma Pukur,False,False,731750.0,2471750.0,89.250112,22.336016
G_00431,15,4,0.1037837133823042,Nurnagar,False,False,707750.0,2471250.0,89.017143,22.33457
G_00432,15,5,0.67762757327855,Nurnagar,False,False,708250.0,2471250.0,89.021995,22.334509
G_00433,15,6,1.0,Nurnagar,False,False,708750.0,2471250.0,89.026848,22.334449
G_00434,15,7,1.0,Nurnagar,False,False,709250.0,2471250.0,89.0317,22.334388
G_00435,15,8,1.0,Nurnagar,False,False,709750.0,2471250.0,89.036553,22.334327
G_00436,15,9,1.0,Nurnagar,False,False,710250.0,2471250.0,89.041405,22.334266
G_00437,15,10,1.0,Nurnagar,False,False,710750.0,2471250.0,89.046257,22.334205
G_00438,15,11,1.0,Nurnagar,False,False,711250.0,2471250.0,89.05111,22.334143
G_00439,15,12,1.0,Nurnagar,False,False,711750.0,2471250.0,89.055962,22.334082
G_00440,15,13,0.832133325783629,Nurnagar,False,False,712250.0,2471250.0,89.060814,22.33402
G_00441,15,14,0.8762144872795371,Shyamnagar,False,False,712750.0,2471250.0,89.065666,22.333958
G_00442,15,15,1.0,Shyamnagar,False,False,713250.0,2471250.0,89.070519,22.333896
G_00443,15,16,1.0,Shyamnagar,False,False,713750.0,2471250.0,89.075371,22.333834
G_00444,15,17,1.0,Shyamnagar,False,False,714250.0,2471250.0,89.080223,22.333772
G_00445,15,18,1.0,Shyamnagar,False,False,714750.0,2471250.0,89.085075,22.33371
G_00446,15,19,1.0,Shyamnagar,False,False,715250.0,2471250.0,89.089928,22.333647
G_00447,15,20,1.0,Shyamnagar,False,False,715750.0,2471250.0,89.09478,22.333584
G_00448,15,21,1.0,Shyamnagar,False,False,716250.0,2471250.0,89.099632,22.333522
G_00449,15,22,1.0,Shyamnagar,False,False,716750.0,2471250.0,89.104484,22.333459
G_00450,15,23,1.0,Shyamnagar,False,False,717250.0,2471250.0,89.109336,22.333396
G_00451,15,24,1.0,Shyamnagar,False,False,717750.0,2471250.0,89.114188,22.333332
G_00452,15,25,1.0,Shyamnagar,False,False,718250.0,2471250.0,89.11904,22.333269
G_00453,15,26,1.0,Shyamnagar,False,False,718750.0,2471250.0,89.123892,22.333205
G_00454,15,27,1.0,Shyamnagar,False,False,719250.0,2471250.0,89.128744,22.333142
G_00455,15,28,1.0,Ishwaripur,False,False,719750.0,2471250.0,89.133596,22.333078
G_00456,15,29,1.0,Atulia,False,False,720250.0,2471250.0,89.138448,22.333014
G_00457,15,30,1.0,Atulia,False,False,720750.0,2471250.0,89.1433,22.33295
G_00458,15,31,1.0,Atulia,False,False,721250.0,2471250.0,89.148152,22.332885
G_00459,15,32,1.0,Atulia,False,False,721750.0,2471250.0,89.153004,22.332821
G_00460,15,33,1.0,Atulia,False,False,722250.0,2471250.0,89.157856,22.332756
G_00461,15,34,1.0,Atulia,False,False,722750.0,2471250.0,89.162708,22.332692
G_00462,15,35,1.0,Atulia,False,False,723250.0,2471250.0,89.16756,22.332627
G_00463,15,36,1.0,Atulia,False,False,723750.0,2471250.0,89.172412,22.332562
G_00464,15,37,1.0,Atulia,False,False,724250.0,2471250.0,89.177264,22.332497
G_00465,15,38,1.0,Atulia,False,False,724750.0,2471250.0,89.182116,22.332432
G_00466,15,39,1.0,Atulia,False,False,725250.0,2471250.0,89.186968,22.332366
G_00467,15,40,1.0,Atulia,False,False,725750.0,2471250.0,89.191819,22.332301
G_00468,15,41,1.0,Atulia,False,False,726250.0,2471250.0,89.196671,22.332235
G_00469,15,42,1.0,Atulia,False,False,726750.0,2471250.0,89.201523,22.332169
G_00470,15,43,1.0,Atulia,False,False,727250.0,2471250.0,89.206375,22.332103
G_00471,15,44,1.0,Atulia,False,False,727750.0,2471250.0,89.211226,22.332037
G_00472,15,45,1.0,Padma Pukur,False,False,728250.0,2471250.0,89.216078,22.331971
G_00473,15,46,1.0,Padma Pukur,False,False,728750.0,2471250.0,89.22093,22.331904
G_00474,15,47,1.0,Padma Pukur,False,False,729250.0,2471250.0,89.225782,22.331837
G_00475,15,48,1.0,Padma Pukur,False,False,729750.0,2471250.0,89.230633,22.331771
G_00476,15,49,1.0,Padma Pukur,False,False,730250.0,2471250.0,89.235485,22.331704
G_00477,15,50,1.0,Padma Pukur,False,False,730750.0,2471250.0,89.240337,22.331637
G_00478,15,51,1.0,Padma Pukur,False,False,731250.0,2471250.0,89.245188,22.33157
G_00479,15,52,1.0,Padma Pukur,False,False,731750.0,2471250.0,89.25004,22.331502
G_00480,15,53,0.5423266076963094,Padma Pukur,False,False,732250.0,2471250.0,89.254891,22.331435
G_00481,16,3,0.06602932257918898,Nurnagar,False,False,707250.0,2470750.0,89.012226,22.330116
G_00482,16,4,0.9298642358243189,Nurnagar,False,False,707750.0,2470750.0,89.017078,22.330055
G_00483,16,5,1.0,Nurnagar,False,False,708250.0,2470750.0,89.02193,22.329995
G_00484,16,6,1.0,Nurnagar,False,False,708750.0,2470750.0,89.026783,22.329934
G_00485,16,7,1.0,Nurnagar,False,False,709250.0,2470750.0,89.031635,22.329874
G_00486,16,8,1.0,Nurnagar,False,False,709750.0,2470750.0,89.036487,22.329813
G_00487,16,9,1.0,Nurnagar,False,False,710250.0,2470750.0,89.041339,22.329752
G_00488,16,10,1.0,Nurnagar,False,False,710750.0,2470750.0,89.046191,22.32969
G_00489,16,11,1.0,Nurnagar,False,False,711250.0,2470750.0,89.051044,22.329629
G_00490,16,12,1.0,Nurnagar,False,False,711750.0,2470750.0,89.055896,22.329568
G_00491,16,13,1.0,Nurnagar,False,False,712250.0,2470750.0,89.060748,22.329506
G_00492,16,14,1.0,Shyamnagar,False,False,712750.0,2470750.0,89.0656,22.329444
G_00493,16,15,1.0,Shyamnagar,False,False,713250.0,2470750.0,89.070452,22.329382
G_00494,16,16,1.0,Shyamnagar,False,False,713750.0,2470750.0,89.075304,22.32932
G_00495,16,17,1.0,Shyamnagar,False,False,714250.0,2470750.0,89.080156,22.329258
G_00496,16,18,1.0,Shyamnagar,False,False,714750.0,2470750.0,89.085008,22.329196
G_00497,16,19,1.0,Shyamnagar,False,False,715250.0,2470750.0,89.08986,22.329133
G_00498,16,20,1.0,Shyamnagar,False,False,715750.0,2470750.0,89.094712,22.32907
G_00499,16,21,1.0,Shyamnagar,False,False,716250.0,2470750.0,89.099564,22.329008
G_00500,16,22,1.0,Shyamnagar,False,False,716750.0,2470750.0,89.104416,22.328945
G_00501,16,23,1.0,Shyamnagar,False,False,717250.0,2470750.0,89.109268,22.328882
G_00502,16,24,1.0,Shyamnagar,False,False,717750.0,2470750.0,89.11412,22.328818
G_00503,16,25,1.0,Shyamnagar,False,False,718250.0,2470750.0,89.118972,22.328755
G_00504,16,26,1.0,Shyamnagar,False,False,718750.0,2470750.0,89.123824,22.328691
G_00505,16,27,1.0,Shyamnagar,False,False,719250.0,2470750.0,89.128676,22.328628
G_00506,16,28,1.0,Ishwaripur,False,False,719750.0,2470750.0,89.133528,22.328564
G_00507,16,29,1.0,Atulia,False,False,720250.0,2470750.0,89.13838,22.3285
G_00508,16,30,1.0,Atulia,False,False,720750.0,2470750.0,89.143231,22.328436
G_00509,16,31,1.0,Atulia,False,False,721250.0,2470750.0,89.148083,22.328372
G_00510,16,32,1.0,Atulia,False,False,721750.0,2470750.0,89.152935,22.328307
G_00511,16,33,1.0,Atulia,False,False,722250.0,2470750.0,89.157787,22.328243
G_00512,16,34,1.0,Atulia,False,False,722750.0,2470750.0,89.162639,22.328178
G_00513,16,35,1.0,Atulia,False,False,723250.0,2470750.0,89.16749,22.328113
G_00514,16,36,1.0,Atulia,False,False,723750.0,2470750.0,89.172342,22.328048
G_00515,16,37,1.0,Atulia,False,False,724250.0,2470750.0,89.177194,22.327983
G_00516,16,38,1.0,Atulia,False,False,724750.0,2470750.0,89.182045,22.327918
G_00517,16,39,1.0,Atulia,False,False,725250.0,2470750.0,89.186897,22.327852
G_00518,16,40,1.0,Atulia,False,False,725750.0,2470750.0,89.191749,22.327787
G_00519,16,41,1.0,Atulia,False,False,726250.0,2470750.0,89.1966,22.327721
G_00520,16,42,1.0,Atulia,False,False,726750.0,2470750.0,89.201452,22.327655
G_00521,16,43,1.0,Atulia,False,False,727250.0,2470750.0,89.206304,22.327589
G_00522,16,44,1.0,Atulia,False,False,727750.0,2470750.0,89.211155,22.327523
G_00523,16,45,1.0,Padma Pukur,False,False,728250.0,2470750.0,89.216007,22.327457
G_00524,16,46,1.0,Padma Pukur,False,False,728750.0,2470750.0,89.220858,22.32739
G_00525,16,47,1.0,Padma Pukur,False,False,729250.0,2470750.0,89.22571,22.327324
G_00526,16,48,1.0,Padma Pukur,False,False,729750.0,2470750.0,89.230561,22.327257
G_00527,16,49,1.0,Padma Pukur,False,False,730250.0,2470750.0,89.235413,22.32719
G_00528,16,50,1.0,Padma Pukur,False,False,730750.0,2470750.0,89.240264,22.327123
G_00529,16,51,1.0,Padma Pukur,False,False,731250.0,2470750.0,89.245116,22.327056
G_00530,16,52,1.0,Padma Pukur,False,False,731750.0,2470750.0,89.249967,22.326989
G_00531,16,53,0.992198685338264,Padma Pukur,False,False,732250.0,2470750.0,89.254819,22.326921
G_00532,16,54,0.3498514137408968,Padma Pukur,False,False,732750.0,2470750.0,89.25967,22.326854
G_00533,17,3,0.670455522699869,Nurnagar,False,False,707250.0,2470250.0,89.012161,22.325601
G_00534,17,4,1.0,Nurnagar,False,False,707750.0,2470250.0,89.017013,22.325541
G_00535,17,5,1.0,Nurnagar,False,False,708250.0,2470250.0,89.021865,22.325481
G_00536,17,6,1.0,Nurnagar,False,False,708750.0,2470250.0,89.026717,22.32542
G_00537,17,7,1.0,Nurnagar,False,False,709250.0,2470250.0,89.031569,22.325359
G_00538,17,8,1.0,Nurnagar,False,False,709750.0,2470250.0,89.036421,22.325298
G_00539,17,9,1.0,Nurnagar,False,False,710250.0,2470250.0,89.041273,22.325237
G_00540,17,10,1.0,Nurnagar,False,False,710750.0,2470250.0,89.046125,22.325176
G_00541,17,11,1.0,Nurnagar,False,False,711250.0,2470250.0,89.050977,22.325115
G_00542,17,12,1.0,Nurnagar,False,False,711750.0,2470250.0,89.055829,22.325053
G_00543,17,13,1.0,Nurnagar,False,False,712250.0,2470250.0,89.060681,22.324992
G_00544,17,14,1.0,Shyamnagar,False,False,712750.0,2470250.0,89.065533,22.32493
G_00545,17,15,1.0,Shyamnagar,False,False,713250.0,2470250.0,89.070385,22.324868
G_00546,17,16,1.0,Shyamnagar,False,False,713750.0,2470250.0,89.075237,22.324806
G_00547,17,17,1.0,Shyamnagar,False,False,714250.0,2470250.0,89.080089,22.324744
G_00548,17,18,1.0,Shyamnagar,False,False,714750.0,2470250.0,89.084941,22.324681
G_00549,17,19,1.0,Shyamnagar,False,False,715250.0,2470250.0,89.089793,22.324619
G_00550,17,20,1.0,Shyamnagar,False,False,715750.0,2470250.0,89.094645,22.324556
G_00551,17,21,1.0,Shyamnagar,False,False,716250.0,2470250.0,89.099497,22.324493
G_00552,17,22,1.0,Shyamnagar,False,False,716750.0,2470250.0,89.104348,22.324431
G_00553,17,23,1.0,Shyamnagar,False,False,717250.0,2470250.0,89.1092,22.324367
G_00554,17,24,1.0,Shyamnagar,False,False,717750.0,2470250.0,89.114052,22.324304
G_00555,17,25,1.0,Shyamnagar,False,False,718250.0,2470250.0,89.118904,22.324241
G_00556,17,26,1.0,Shyamnagar,False,False,718750.0,2470250.0,89.123756,22.324177
G_00557,17,27,1.0,Shyamnagar,False,False,719250.0,2470250.0,89.128607,22.324114
G_00558,17,28,1.0,Ishwaripur,False,False,719750.0,2470250.0,89.133459,22.32405
G_00559,17,29,1.0,Ishwaripur,False,False,720250.0,2470250.0,89.138311,22.323986
G_00560,17,30,1.0,Atulia,False,False,720750.0,2470250.0,89.143162,22.323922
G_00561,17,31,1.0,Atulia,False,False,721250.0,2470250.0,89.148014,22.323858
G_00562,17,32,1.0,Atulia,False,False,721750.0,2470250.0,89.152866,22.323793
G_00563,17,33,1.0,Atulia,False,False,722250.0,2470250.0,89.157717,22.323729
G_00564,17,34,1.0,Atulia,False,False,722750.0,2470250.0,89.162569,22.323664
G_00565,17,35,1.0,Atulia,False,False,723250.0,2470250.0,89.167421,22.323599
G_00566,17,36,1.0,Atulia,False,False,723750.0,2470250.0,89.172272,22.323534
G_00567,17,37,1.0,Atulia,False,False,724250.0,2470250.0,89.177124,22.323469
G_00568,17,38,1.0,Atulia,False,False,724750.0,2470250.0,89.181975,22.323404
G_00569,17,39,1.0,Atulia,False,False,725250.0,2470250.0,89.186827,22.323339
G_00570,17,40,1.0,Atulia,False,False,725750.0,2470250.0,89.191678,22.323273
G_00571,17,41,1.0,Atulia,False,False,726250.0,2470250.0,89.19653,22.323207
G_00572,17,42,1.0,Atulia,False,False,726750.0,2470250.0,89.201381,22.323141
G_00573,17,43,1.0,Atulia,False,False,727250.0,2470250.0,89.206233,22.323075
G_00574,17,44,1.0,Atulia,False,False,727750.0,2470250.0,89.211084,22.323009
G_00575,17,45,1.0,Padma Pukur,False,False,728250.0,2470250.0,89.215936,22.322943
G_00576,17,46,1.0,Padma Pukur,False,False,728750.0,2470250.0,89.220787,22.322877
G_00577,17,47,1.0,Padma Pukur,False,False,729250.0,2470250.0,89.225638,22.32281
G_00578,17,48,1.0,Padma Pukur,False,False,729750.0,2470250.0,89.23049,22.322743
G_00579,17,49,1.0,Padma Pukur,False,False,730250.0,2470250.0,89.235341,22.322677
G_00580,17,50,1.0,Padma Pukur,False,False,730750.0,2470250.0,89.240192,22.32261
G_00581,17,51,1.0,Padma Pukur,False,False,731250.0,2470250.0,89.245044,22.322542
G_00582,17,52,1.0,Padma Pukur,False,False,731750.0,2470250.0,89.249895,22.322475
G_00583,17,53,1.0,Padma Pukur,False,False,732250.0,2470250.0,89.254746,22.322408
G_00584,17,54,0.9827452170021478,Padma Pukur,False,False,732750.0,2470250.0,89.259597,22.32234
G_00585,17,55,0.2572993262481679,Padma Pukur,False,False,733250.0,2470250.0,89.264449,22.322272
G_00586,18,2,0.24849044288238728,Nurnagar,False,False,706750.0,2469750.0,89.007244,22.321147
G_00587,18,3,0.9959526189716589,Nurnagar,False,False,707250.0,2469750.0,89.012096,22.321087
G_00588,18,4,1.0,Nurnagar,False,False,707750.0,2469750.0,89.016948,22.321027
G_00589,18,5,1.0,Nurnagar,False,False,708250.0,2469750.0,89.0218,22.320966
G_00590,18,6,1.0,Nurnagar,False,False,708750.0,2469750.0,89.026652,22.320906
G_00591,18,7,1.0,Nurnagar,False,False,709250.0,2469750.0,89.031504,22.320845
G_00592,18,8,1.0,Nurnagar,False,False,709750.0,2469750.0,89.036356,22.320784
G_00593,18,9,1.0,Nurnagar,False,False,710250.0,2469750.0,89.041208,22.320723
G_00594,18,10,1.0,Nurnagar,False,False,710750.0,2469750.0,89.04606,22.320662
G_00595,18,11,1.0,Nurnagar,False,False,711250.0,2469750.0,89.050911,22.320601
G_00596,18,12,1.0,Nurnagar,False,False,711750.0,2469750.0,89.055763,22.320539
G_00597,18,13,1.0,Nurnagar,False,False,712250.0,2469750.0,89.060615,22.320478
G_00598,18,14,1.0,Nurnagar,False,False,712750.0,2469750.0,89.065467,22.320416
G_00599,18,15,1.0,Shyamnagar,False,False,713250.0,2469750.0,89.070319,22.320354
G_00600,18,16,1.0,Shyamnagar,False,False,713750.0,2469750.0,89.075171,22.320292
G_00601,18,17,1.0,Shyamnagar,False,False,714250.0,2469750.0,89.080022,22.32023
G_00602,18,18,1.0,Shyamnagar,False,False,714750.0,2469750.0,89.084874,22.320167
G_00603,18,19,1.0,Shyamnagar,False,False,715250.0,2469750.0,89.089726,22.320105
G_00604,18,20,1.0,Shyamnagar,False,False,715750.0,2469750.0,89.094577,22.320042
G_00605,18,21,1.0,Shyamnagar,False,False,716250.0,2469750.0,89.099429,22.319979
G_00606,18,22,1.0,Shyamnagar,False,False,716750.0,2469750.0,89.104281,22.319917
G_00607,18,23,1.0,Shyamnagar,False,False,717250.0,2469750.0,89.109132,22.319853
G_00608,18,24,1.0,Shyamnagar,False,False,717750.0,2469750.0,89.113984,22.31979
G_00609,18,25,1.0,Shyamnagar,False,False,718250.0,2469750.0,89.118836,22.319727
G_00610,18,26,1.0,Shyamnagar,False,False,718750.0,2469750.0,89.123687,22.319663
G_00611,18,27,1.0,Shyamnagar,False,False,719250.0,2469750.0,89.128539,22.3196
G_00612,18,28,1.0,Ishwaripur,False,False,719750.0,2469750.0,89.13339,22.319536
G_00613,18,29,1.0,Ishwaripur,False,False,720250.0,2469750.0,89.138242,22.319472
G_00614,18,30,1.0,Ishwaripur,False,False,720750.0,2469750.0,89.143093,22.319408
G_00615,18,31,1.0,Ishwaripur,False,False,721250.0,2469750.0,89.147945,22.319344
G_00616,18,32,1.0,Atulia,False,False,721750.0,2469750.0,89.152796,22.319279
G_00617,18,33,1.0,Atulia,False,False,722250.0,2469750.0,89.157648,22.319215
G_00618,18,34,1.0,Atulia,False,False,722750.0,2469750.0,89.162499,22.31915
G_00619,18,35,1.0,Atulia,False,False,723250.0,2469750.0,89.167351,22.319085
G_00620,18,36,1.0,Atulia,False,False,723750.0,2469750.0,89.172202,22.31902
G_00621,18,37,1.0,Atulia,False,False,724250.0,2469750.0,89.177054,22.318955
G_00622,18,38,1.0,Atulia,False,False,724750.0,2469750.0,89.181905,22.31889
G_00623,18,39,1.0,Atulia,False,False,725250.0,2469750.0,89.186756,22.318825
G_00624,18,40,1.0,Atulia,False,False,725750.0,2469750.0,89.191608,22.318759
G_00625,18,41,1.0,Atulia,False,False,726250.0,2469750.0,89.196459,22.318694
G_00626,18,42,1.0,Atulia,False,False,726750.0,2469750.0,89.20131,22.318628
G_00627,18,43,1.0,Atulia,False,False,727250.0,2469750.0,89.206162,22.318562
G_00628,18,44,1.0,Atulia,False,False,727750.0,2469750.0,89.211013,22.318496
G_00629,18,45,1.0,Padma Pukur,False,False,728250.0,2469750.0,89.215864,22.318429
G_00630,18,46,1.0,Padma Pukur,False,False,728750.0,2469750.0,89.220715,22.318363
G_00631,18,47,1.0,Padma Pukur,False,False,729250.0,2469750.0,89.225567,22.318296
G_00632,18,48,1.0,Padma Pukur,False,False,729750.0,2469750.0,89.230418,22.31823
G_00633,18,49,1.0,Padma Pukur,False,False,730250.0,2469750.0,89.235269,22.318163
G_00634,18,50,1.0,Padma Pukur,False,False,730750.0,2469750.0,89.24012,22.318096
G_00635,18,51,1.0,Padma Pukur,False,False,731250.0,2469750.0,89.244971,22.318029
G_00636,18,52,1.0,Padma Pukur,False,False,731750.0,2469750.0,89.249823,22.317962
G_00637,18,53,1.0,Padma Pukur,False,False,732250.0,2469750.0,89.254674,22.317894
G_00638,18,54,1.0,Padma Pukur,False,False,732750.0,2469750.0,89.259525,22.317827
G_00639,18,55,0.9668593232740509,Padma Pukur,False,False,733250.0,2469750.0,89.264376,22.317759
G_00640,18,56,0.3647318895724048,Padma Pukur,False,False,733750.0,2469750.0,89.269227,22.317691
G_00641,19,2,0.18701978669569116,Nurnagar,False,False,706750.0,2469250.0,89.00718,22.316633
G_00642,19,3,0.9070842947558629,Nurnagar,False,False,707250.0,2469250.0,89.012031,22.316573
G_00643,19,4,1.0,Nurnagar,False,False,707750.0,2469250.0,89.016883,22.316513
G_00644,19,5,1.0,Nurnagar,False,False,708250.0,2469250.0,89.021735,22.316452
G_00645,19,6,1.0,Nurnagar,False,False,708750.0,2469250.0,89.026587,22.316392
G_00646,19,7,1.0,Nurnagar,False,False,709250.0,2469250.0,89.031439,22.316331
G_00647,19,8,1.0,Nurnagar,False,False,709750.0,2469250.0,89.03629,22.31627
G_00648,19,9,1.0,Nurnagar,False,False,710250.0,2469250.0,89.041142,22.316209
G_00649,19,10,1.0,Nurnagar,False,False,710750.0,2469250.0,89.045994,22.316148
G_00650,19,11,1.0,Nurnagar,False,False,711250.0,2469250.0,89.050846,22.316086
G_00651,19,12,1.0,Nurnagar,False,False,711750.0,2469250.0,89.055697,22.316025
G_00652,19,13,1.0,Nurnagar,False,False,712250.0,2469250.0,89.060549,22.315963
G_00653,19,14,1.0,Nurnagar,False,False,712750.0,2469250.0,89.065401,22.315902
G_00654,19,15,1.0,Shyamnagar,False,False,713250.0,2469250.0,89.070252,22.31584
G_00655,19,16,1.0,Shyamnagar,False,False,713750.0,2469250.0,89.075104,22.315778
G_00656,19,17,1.0,Shyamnagar,False,False,714250.0,2469250.0,89.079955,22.315716
G_00657,19,18,1.0,Shyamnagar,False,False,714750.0,2469250.0,89.084807,22.315653
G_00658,19,19,1.0,Shyamnagar,False,False,715250.0,2469250.0,89.089658,22.315591
G_00659,19,20,1.0,Shyamnagar,False,False,715750.0,2469250.0,89.09451,22.315528
G_00660,19,21,1.0,Ishwaripur,False,False,716250.0,2469250.0,89.099362,22.315465
G_00661,19,22,1.0,Ishwaripur,False,False,716750.0,2469250.0,89.104213,22.315402
G_00662,19,23,1.0,Ishwaripur,False,False,717250.0,2469250.0,89.109065,22.315339
G_00663,19,24,1.0,Shyamnagar,False,False,717750.0,2469250.0,89.113916,22.315276
G_00664,19,25,1.0,Shyamnagar,False,False,718250.0,2469250.0,89.118768,22.315213
G_00665,19,26,1.0,Shyamnagar,False,False,718750.0,2469250.0,89.123619,22.315149
G_00666,19,27,1.0,Shyamnagar,False,False,719250.0,2469250.0,89.12847,22.315086
G_00667,19,28,1.0,Ishwaripur,False,False,719750.0,2469250.0,89.133322,22.315022
G_00668,19,29,1.0,Ishwaripur,False,False,720250.0,2469250.0,89.138173,22.314958
G_00669,19,30,1.0,Ishwaripur,False,False,720750.0,2469250.0,89.143025,22.314894
G_00670,19,31,1.0,Ishwaripur,False,False,721250.0,2469250.0,89.147876,22.31483
G_00671,19,32,1.0,Ishwaripur,False,False,721750.0,2469250.0,89.152727,22.314765
G_00672,19,33,1.0,Atulia,False,False,722250.0,2469250.0,89.157579,22.314701
G_00673,19,34,1.0,Atulia,False,False,722750.0,2469250.0,89.16243,22.314636
G_00674,19,35,1.0,Buri Goalini,False,False,723250.0,2469250.0,89.167281,22.314572
G_00675,19,36,1.0,Atulia,False,False,723750.0,2469250.0,89.172132,22.314507
G_00676,19,37,1.0,Atulia,False,False,724250.0,2469250.0,89.176984,22.314442
G_00677,19,38,1.0,Atulia,False,False,724750.0,2469250.0,89.181835,22.314376
G_00678,19,39,1.0,Atulia,False,False,725250.0,2469250.0,89.186686,22.314311
G_00679,19,40,1.0,Atulia,False,False,725750.0,2469250.0,89.191537,22.314245
G_00680,19,41,1.0,Atulia,False,False,726250.0,2469250.0,89.196388,22.31418
G_00681,19,42,1.0,Atulia,False,False,726750.0,2469250.0,89.20124,22.314114
G_00682,19,43,1.0,Atulia,False,False,727250.0,2469250.0,89.206091,22.314048
G_00683,19,44,1.0,Atulia,False,False,727750.0,2469250.0,89.210942,22.313982
G_00684,19,45,1.0,Atulia,False,False,728250.0,2469250.0,89.215793,22.313916
G_00685,19,46,1.0,Padma Pukur,False,False,728750.0,2469250.0,89.220644,22.313849
G_00686,19,47,1.0,Padma Pukur,False,False,729250.0,2469250.0,89.225495,22.313783
G_00687,19,48,1.0,Padma Pukur,False,False,729750.0,2469250.0,89.230346,22.313716
G_00688,19,49,1.0,Padma Pukur,False,False,730250.0,2469250.0,89.235197,22.313649
G_00689,19,50,1.0,Padma Pukur,False,False,730750.0,2469250.0,89.240048,22.313582
G_00690,19,51,1.0,Padma Pukur,False,False,731250.0,2469250.0,89.244899,22.313515
G_00691,19,52,1.0,Padma Pukur,False,False,731750.0,2469250.0,89.24975,22.313448
G_00692,19,53,1.0,Padma Pukur,False,False,732250.0,2469250.0,89.254601,22.313381
G_00693,19,54,1.0,Padma Pukur,False,False,732750.0,2469250.0,89.259452,22.313313
G_00694,19,55,1.0,Padma Pukur,False,False,733250.0,2469250.0,89.264303,22.313245
G_00695,19,56,0.9969127133969237,Padma Pukur,False,False,733750.0,2469250.0,89.269154,22.313177
G_00696,19,57,0.24246309545485203,Padma Pukur,False,False,734250.0,2469250.0,89.274005,22.31311
G_00697,20,3,0.2637144875348529,Nurnagar,False,False,707250.0,2468750.0,89.011967,22.312059
G_00698,20,4,0.999838420476583,Nurnagar,False,False,707750.0,2468750.0,89.016818,22.311998
G_00699,20,5,1.0,Nurnagar,False,False,708250.0,2468750.0,89.02167,22.311938
G_00700,20,6,1.0,Nurnagar,False,False,708750.0,2468750.0,89.026522,22.311877
G_00701,20,7,1.0,Nurnagar,False,False,709250.0,2468750.0,89.031373,22.311817
G_00702,20,8,1.0,Nurnagar,False,False,709750.0,2468750.0,89.036225,22.311756
G_00703,20,9,1.0,Nurnagar,False,False,710250.0,2468750.0,89.041076,22.311695
G_00704,20,10,1.0,Nurnagar,False,False,710750.0,2468750.0,89.045928,22.311634
G_00705,20,11,1.0,Nurnagar,False,False,711250.0,2468750.0,89.05078,22.311572
G_00706,20,12,1.0,Nurnagar,False,False,711750.0,2468750.0,89.055631,22.311511
G_00707,20,13,1.0,Nurnagar,False,False,712250.0,2468750.0,89.060483,22.311449
G_00708,20,14,1.0,Nurnagar,False,False,712750.0,2468750.0,89.065334,22.311387
G_00709,20,15,1.0,Shyamnagar,False,False,713250.0,2468750.0,89.070186,22.311326
G_00710,20,16,1.0,Shyamnagar,False,False,713750.0,2468750.0,89.075037,22.311264
G_00711,20,17,1.0,Shyamnagar,False,False,714250.0,2468750.0,89.079888,22.311201
G_00712,20,18,1.0,Shyamnagar,False,False,714750.0,2468750.0,89.08474,22.311139
G_00713,20,19,1.0,Ishwaripur,False,False,715250.0,2468750.0,89.089591,22.311077
G_00714,20,20,1.0,Ishwaripur,False,False,715750.0,2468750.0,89.094443,22.311014
G_00715,20,21,1.0,Ishwaripur,False,False,716250.0,2468750.0,89.099294,22.310951
G_00716,20,22,1.0,Ishwaripur,False,False,716750.0,2468750.0,89.104145,22.310888
G_00717,20,23,1.0,Ishwaripur,False,False,717250.0,2468750.0,89.108997,22.310825
G_00718,20,24,1.0,Ishwaripur,False,False,717750.0,2468750.0,89.113848,22.310762
G_00719,20,25,1.0,Ishwaripur,False,False,718250.0,2468750.0,89.118699,22.310699
G_00720,20,26,1.0,Ishwaripur,False,False,718750.0,2468750.0,89.123551,22.310635
G_00721,20,27,1.0,Ishwaripur,False,False,719250.0,2468750.0,89.128402,22.310572
G_00722,20,28,1.0,Ishwaripur,False,False,719750.0,2468750.0,89.133253,22.310508
G_00723,20,29,1.0,Ishwaripur,False,False,720250.0,2468750.0,89.138104,22.310444
G_00724,20,30,1.0,Ishwaripur,False,False,720750.0,2468750.0,89.142956,22.31038
G_00725,20,31,1.0,Ishwaripur,False,False,721250.0,2468750.0,89.147807,22.310316
G_00726,20,32,1.0,Ishwaripur,False,False,721750.0,2468750.0,89.152658,22.310252
G_00727,20,33,1.0,Buri Goalini,False,False,722250.0,2468750.0,89.157509,22.310187
G_00728,20,34,1.0,Buri Goalini,False,False,722750.0,2468750.0,89.16236,22.310122
G_00729,20,35,1.0,Buri Goalini,False,False,723250.0,2468750.0,89.167211,22.310058
G_00730,20,36,1.0,Atulia,False,False,723750.0,2468750.0,89.172063,22.309993
G_00731,20,37,1.0,Atulia,False,False,724250.0,2468750.0,89.176914,22.309928
G_00732,20,38,1.0,Atulia,False,False,724750.0,2468750.0,89.181765,22.309862
G_00733,20,39,1.0,Atulia,False,False,725250.0,2468750.0,89.186616,22.309797
G_00734,20,40,1.0,Atulia,False,False,725750.0,2468750.0,89.191467,22.309732
G_00735,20,41,1.0,Atulia,False,False,726250.0,2468750.0,89.196318,22.309666
G_00736,20,42,1.0,Atulia,False,False,726750.0,2468750.0,89.201169,22.3096
G_00737,20,43,1.0,Atulia,False,False,727250.0,2468750.0,89.20602,22.309534
G_00738,20,44,1.0,Atulia,False,False,727750.0,2468750.0,89.210871,22.309468
G_00739,20,45,1.0,Atulia,False,False,728250.0,2468750.0,89.215722,22.309402
G_00740,20,46,1.0,Padma Pukur,False,False,728750.0,2468750.0,89.220573,22.309336
G_00741,20,47,1.0,Padma Pukur,False,False,729250.0,2468750.0,89.225424,22.309269
G_00742,20,48,1.0,Padma Pukur,False,False,729750.0,2468750.0,89.230274,22.309202
G_00743,20,49,1.0,Padma Pukur,False,False,730250.0,2468750.0,89.235125,22.309136
G_00744,20,50,1.0,Padma Pukur,False,False,730750.0,2468750.0,89.239976,22.309069
G_00745,20,51,1.0,Padma Pukur,False,False,731250.0,2468750.0,89.244827,22.309002
G_00746,20,52,1.0,Padma Pukur,False,False,731750.0,2468750.0,89.249678,22.308934
G_00747,20,53,1.0,Padma Pukur,False,False,732250.0,2468750.0,89.254529,22.308867
G_00748,20,54,1.0,Padma Pukur,False,False,732750.0,2468750.0,89.259379,22.308799
G_00749,20,55,1.0,Padma Pukur,False,False,733250.0,2468750.0,89.26423,22.308732
G_00750,20,56,1.0,Padma Pukur,False,False,733750.0,2468750.0,89.269081,22.308664
G_00751,20,57,0.9101935889997436,Padma Pukur,False,False,734250.0,2468750.0,89.273932,22.308596
G_00752,21,4,0.6616369070253777,Nurnagar,False,False,707750.0,2468250.0,89.016754,22.307484
G_00753,21,5,1.0,Nurnagar,False,False,708250.0,2468250.0,89.021605,22.307424
G_00754,21,6,1.0,Nurnagar,False,False,708750.0,2468250.0,89.026457,22.307363
G_00755,21,7,1.0,Nurnagar,False,False,709250.0,2468250.0,89.031308,22.307302
G_00756,21,8,1.0,Nurnagar,False,False,709750.0,2468250.0,89.036159,22.307241
G_00757,21,9,1.0,Nurnagar,False,False,710250.0,2468250.0,89.041011,22.30718
G_00758,21,10,1.0,Nurnagar,False,False,710750.0,2468250.0,89.045862,22.307119
G_00759,21,11,1.0,Nurnagar,False,False,711250.0,2468250.0,89.050714,22.307058
G_00760,21,12,1.0,Nurnagar,False,False,711750.0,2468250.0,89.055565,22.306997
G_00761,21,13,1.0,Nurnagar,False,False,712250.0,2468250.0,89.060416,22.306935
G_00762,21,14,1.0,Nurnagar,False,False,712750.0,2468250.0,89.065268,22.306873
G_00763,21,15,1.0,Shyamnagar,False,False,713250.0,2468250.0,89.070119,22.306811
G_00764,21,16,1.0,Shyamnagar,False,False,713750.0,2468250.0,89.07497,22.306749
G_00765,21,17,1.0,Shyamnagar,False,False,714250.0,2468250.0,89.079822,22.306687
G_00766,21,18,1.0,Ishwaripur,False,False,714750.0,2468250.0,89.084673,22.306625
G_00767,21,19,1.0,Ishwaripur,False,False,715250.0,2468250.0,89.089524,22.306563
G_00768,21,20,1.0,Ishwaripur,False,False,715750.0,2468250.0,89.094375,22.3065
G_00769,21,21,1.0,Ishwaripur,False,False,716250.0,2468250.0,89.099227,22.306437
G_00770,21,22,1.0,Ishwaripur,False,False,716750.0,2468250.0,89.104078,22.306374
G_00771,21,23,1.0,Ishwaripur,False,False,717250.0,2468250.0,89.108929,22.306311
G_00772,21,24,1.0,Ishwaripur,False,False,717750.0,2468250.0,89.11378,22.306248
G_00773,21,25,1.0,Ishwaripur,False,False,718250.0,2468250.0,89.118631,22.306185
G_00774,21,26,1.0,Ishwaripur,False,False,718750.0,2468250.0,89.123482,22.306121
G_00775,21,27,1.0,Ishwaripur,False,False,719250.0,2468250.0,89.128333,22.306058
G_00776,21,28,1.0,Ishwaripur,False,False,719750.0,2468250.0,89.133185,22.305994
G_00777,21,29,1.0,Ishwaripur,False,False,720250.0,2468250.0,89.138036,22.30593
G_00778,21,30,1.0,Ishwaripur,False,False,720750.0,2468250.0,89.142887,22.305866
G_00779,21,31,1.0,Ishwaripur,False,False,721250.0,2468250.0,89.147738,22.305802
G_00780,21,32,1.0,Ishwaripur,False,False,721750.0,2468250.0,89.152589,22.305738
G_00781,21,33,1.0,Buri Goalini,False,False,722250.0,2468250.0,89.15744,22.305673
G_00782,21,34,1.0,Buri Goalini,False,False,722750.0,2468250.0,89.162291,22.305609
G_00783,21,35,1.0,Buri Goalini,False,False,723250.0,2468250.0,89.167142,22.305544
G_00784,21,36,1.0,Atulia,False,False,723750.0,2468250.0,89.171993,22.305479
G_00785,21,37,1.0,Atulia,False,False,724250.0,2468250.0,89.176844,22.305414
G_00786,21,38,1.0,Atulia,False,False,724750.0,2468250.0,89.181695,22.305349
G_00787,21,39,1.0,Atulia,False,False,725250.0,2468250.0,89.186545,22.305283
G_00788,21,40,1.0,Atulia,False,False,725750.0,2468250.0,89.191396,22.305218
G_00789,21,41,1.0,Atulia,False,False,726250.0,2468250.0,89.196247,22.305152
G_00790,21,42,1.0,Atulia,False,False,726750.0,2468250.0,89.201098,22.305086
G_00791,21,43,1.0,Atulia,False,False,727250.0,2468250.0,89.205949,22.305021
G_00792,21,44,1.0,Atulia,False,False,727750.0,2468250.0,89.2108,22.304954
G_00793,21,45,1.0,Atulia,False,False,728250.0,2468250.0,89.21565,22.304888
G_00794,21,46,1.0,Padma Pukur,False,False,728750.0,2468250.0,89.220501,22.304822
G_00795,21,47,1.0,Padma Pukur,False,False,729250.0,2468250.0,89.225352,22.304755
G_00796,21,48,1.0,Padma Pukur,False,False,729750.0,2468250.0,89.230203,22.304689
G_00797,21,49,1.0,Padma Pukur,False,False,730250.0,2468250.0,89.235053,22.304622
G_00798,21,50,1.0,Padma Pukur,False,False,730750.0,2468250.0,89.239904,22.304555
G_00799,21,51,1.0,Padma Pukur,False,False,731250.0,2468250.0,89.244755,22.304488
G_00800,21,52,1.0,Padma Pukur,False,False,731750.0,2468250.0,89.249605,22.304421
G_00801,21,53,1.0,Padma Pukur,False,False,732250.0,2468250.0,89.254456,22.304353
G_00802,21,54,1.0,Padma Pukur,False,False,732750.0,2468250.0,89.259307,22.304286
G_00803,21,55,1.0,Padma Pukur,False,False,733250.0,2468250.0,89.264157,22.304218
G_00804,21,56,1.0,Padma Pukur,False,False,733750.0,2468250.0,89.269008,22.30415
G_00805,21,57,1.0,Padma Pukur,False,False,734250.0,2468250.0,89.273858,22.304082
G_00806,21,58,0.13239047910801421,Padma Pukur,False,False,734750.0,2468250.0,89.278709,22.304014
G_00807,22,5,0.7328846337322222,Nurnagar,False,False,708250.0,2467750.0,89.02154,22.302909
G_00808,22,6,1.0,Nurnagar,False,False,708750.0,2467750.0,89.026391,22.302849
G_00809,22,7,1.0,Nurnagar,False,False,709250.0,2467750.0,89.031243,22.302788
G_00810,22,8,1.0,Nurnagar,False,False,709750.0,2467750.0,89.036094,22.302727
G_00811,22,9,1.0,Nurnagar,False,False,710250.0,2467750.0,89.040945,22.302666
G_00812,22,10,1.0,Nurnagar,False,False,710750.0,2467750.0,89.045796,22.302605
G_00813,22,11,1.0,Nurnagar,False,False,711250.0,2467750.0,89.050648,22.302544
G_00814,22,12,1.0,Nurnagar,False,False,711750.0,2467750.0,89.055499,22.302482
G_00815,22,13,1.0,Nurnagar,False,False,712250.0,2467750.0,89.06035,22.302421
G_00816,22,14,1.0,Nurnagar,False,False,712750.0,2467750.0,89.065201,22.302359
G_00817,22,15,1.0,Shyamnagar,False,False,713250.0,2467750.0,89.070052,22.302297
G_00818,22,16,1.0,Shyamnagar,False,False,713750.0,2467750.0,89.074904,22.302235
G_00819,22,17,1.0,Shyamnagar,False,False,714250.0,2467750.0,89.079755,22.302173
G_00820,22,18,1.0,Shyamnagar,False,False,714750.0,2467750.0,89.084606,22.302111
G_00821,22,19,1.0,Shyamnagar,False,False,715250.0,2467750.0,89.089457,22.302048
G_00822,22,20,1.0,Ishwaripur,False,False,715750.0,2467750.0,89.094308,22.301986
G_00823,22,21,1.0,Ishwaripur,False,False,716250.0,2467750.0,89.099159,22.301923
G_00824,22,22,1.0,Ishwaripur,False,False,716750.0,2467750.0,89.10401,22.30186
G_00825,22,23,1.0,Ishwaripur,False,False,717250.0,2467750.0,89.108861,22.301797
G_00826,22,24,1.0,Ishwaripur,False,False,717750.0,2467750.0,89.113712,22.301734
G_00827,22,25,1.0,Ishwaripur,False,False,718250.0,2467750.0,89.118563,22.301671
G_00828,22,26,1.0,Ishwaripur,False,False,718750.0,2467750.0,89.123414,22.301607
G_00829,22,27,1.0,Ishwaripur,False,False,719250.0,2467750.0,89.128265,22.301544
G_00830,22,28,1.0,Ishwaripur,False,False,719750.0,2467750.0,89.133116,22.30148
G_00831,22,29,1.0,Ishwaripur,False,False,720250.0,2467750.0,89.137967,22.301416
G_00832,22,30,1.0,Ishwaripur,False,False,720750.0,2467750.0,89.142818,22.301352
G_00833,22,31,1.0,Ishwaripur,False,False,721250.0,2467750.0,89.147669,22.301288
G_00834,22,32,1.0,Buri Goalini,False,False,721750.0,2467750.0,89.15252,22.301224
G_00835,22,33,1.0,Buri Goalini,False,False,722250.0,2467750.0,89.15737,22.301159
G_00836,22,34,1.0,Buri Goalini,False,False,722750.0,2467750.0,89.162221,22.301095
G_00837,22,35,1.0,Buri Goalini,False,False,723250.0,2467750.0,89.167072,22.30103
G_00838,22,36,1.0,Buri Goalini,False,False,723750.0,2467750.0,89.171923,22.300965
G_00839,22,37,1.0,Atulia,False,False,724250.0,2467750.0,89.176774,22.3009
G_00840,22,38,1.0,Atulia,False,False,724750.0,2467750.0,89.181624,22.300835
G_00841,22,39,1.0,Atulia,False,False,725250.0,2467750.0,89.186475,22.300769
G_00842,22,40,1.0,Atulia,False,False,725750.0,2467750.0,89.191326,22.300704
G_00843,22,41,1.0,Atulia,False,False,726250.0,2467750.0,89.196177,22.300638
G_00844,22,42,1.0,Atulia,False,False,726750.0,2467750.0,89.201027,22.300573
G_00845,22,43,1.0,Atulia,False,False,727250.0,2467750.0,89.205878,22.300507
G_00846,22,44,1.0,Atulia,False,False,727750.0,2467750.0,89.210729,22.300441
G_00847,22,45,1.0,Atulia,False,False,728250.0,2467750.0,89.215579,22.300375
G_00848,22,46,1.0,Buri Goalini,False,False,728750.0,2467750.0,89.22043,22.300308
G_00849,22,47,1.0,Padma Pukur,False,False,729250.0,2467750.0,89.22528,22.300242
G_00850,22,48,1.0,Padma Pukur,False,False,729750.0,2467750.0,89.230131,22.300175
G_00851,22,49,1.0,Padma Pukur,False,False,730250.0,2467750.0,89.234982,22.300108
G_00852,22,50,1.0,Padma Pukur,False,False,730750.0,2467750.0,89.239832,22.300041
G_00853,22,51,1.0,Padma Pukur,False,False,731250.0,2467750.0,89.244683,22.299974
G_00854,22,52,1.0,Padma Pukur,False,False,731750.0,2467750.0,89.249533,22.299907
G_00855,22,53,1.0,Padma Pukur,False,False,732250.0,2467750.0,89.254384,22.29984
G_00856,22,54,1.0,Padma Pukur,False,False,732750.0,2467750.0,89.259234,22.299772
G_00857,22,55,1.0,Padma Pukur,False,False,733250.0,2467750.0,89.264085,22.299705
G_00858,22,56,1.0,Padma Pukur,False,False,733750.0,2467750.0,89.268935,22.299637
G_00859,22,57,1.0,Padma Pukur,False,False,734250.0,2467750.0,89.273785,22.299569
G_00860,22,58,0.293529872967111,Padma Pukur,False,False,734750.0,2467750.0,89.278636,22.299501
G_00861,23,1,0.09095869759763041,Kaikhali,False,False,706250.0,2467250.0,89.00207,22.298636
G_00862,23,2,0.2099657122837662,Kaikhali,False,False,706750.0,2467250.0,89.006921,22.298576
G_00863,23,3,0.1110892715426805,Kaikhali,False,False,707250.0,2467250.0,89.011773,22.298516
G_00864,23,6,0.8669720822136703,Kaikhali,False,False,708750.0,2467250.0,89.026326,22.298334
G_00865,23,7,1.0,Kaikhali,False,False,709250.0,2467250.0,89.031177,22.298274
G_00866,23,8,1.0,Nurnagar,False,False,709750.0,2467250.0,89.036028,22.298213
G_00867,23,9,1.0,Nurnagar,False,False,710250.0,2467250.0,89.04088,22.298152
G_00868,23,10,1.0,Nurnagar,False,False,710750.0,2467250.0,89.045731,22.298091
G_00869,23,11,1.0,Nurnagar,False,False,711250.0,2467250.0,89.050582,22.29803
G_00870,23,12,1.0,Nurnagar,False,False,711750.0,2467250.0,89.055433,22.297968
G_00871,23,13,1.0,Nurnagar,False,False,712250.0,2467250.0,89.060284,22.297907
G_00872,23,14,1.0,Nurnagar,False,False,712750.0,2467250.0,89.065135,22.297845
G_00873,23,15,1.0,Ramjan Nagar,False,False,713250.0,2467250.0,89.069986,22.297783
G_00874,23,16,1.0,Shyamnagar,False,False,713750.0,2467250.0,89.074837,22.297721
G_00875,23,17,1.0,Shyamnagar,False,False,714250.0,2467250.0,89.079688,22.297659
G_00876,23,18,1.0,Shyamnagar,False,False,714750.0,2467250.0,89.084539,22.297597
G_00877,23,19,1.0,Shyamnagar,False,False,715250.0,2467250.0,89.08939,22.297534
G_00878,23,20,1.0,Ishwaripur,False,False,715750.0,2467250.0,89.094241,22.297472
G_00879,23,21,1.0,Ishwaripur,False,False,716250.0,2467250.0,89.099092,22.297409
G_00880,23,22,1.0,Ishwaripur,False,False,716750.0,2467250.0,89.103942,22.297346
G_00881,23,23,1.0,Ishwaripur,False,False,717250.0,2467250.0,89.108793,22.297283
G_00882,23,24,1.0,Ishwaripur,False,False,717750.0,2467250.0,89.113644,22.29722
G_00883,23,25,1.0,Ishwaripur,False,False,718250.0,2467250.0,89.118495,22.297157
G_00884,23,26,1.0,Ishwaripur,False,False,718750.0,2467250.0,89.123346,22.297093
G_00885,23,27,1.0,Ishwaripur,False,False,719250.0,2467250.0,89.128197,22.29703
G_00886,23,28,1.0,Ishwaripur,False,False,719750.0,2467250.0,89.133047,22.296966
G_00887,23,29,1.0,Ishwaripur,False,False,720250.0,2467250.0,89.137898,22.296902
G_00888,23,30,1.0,Ishwaripur,False,False,720750.0,2467250.0,89.142749,22.296838
G_00889,23,31,1.0,Ishwaripur,False,False,721250.0,2467250.0,89.1476,22.296774
G_00890,23,32,1.0,Buri Goalini,False,False,721750.0,2467250.0,89.15245,22.29671
G_00891,23,33,1.0,Buri Goalini,False,False,722250.0,2467250.0,89.157301,22.296645
G_00892,23,34,1.0,Buri Goalini,False,False,722750.0,2467250.0,89.162152,22.296581
G_00893,23,35,1.0,Buri Goalini,False,False,723250.0,2467250.0,89.167002,22.296516
G_00894,23,36,1.0,Buri Goalini,False,False,723750.0,2467250.0,89.171853,22.296451
G_00895,23,37,1.0,Atulia,False,False,724250.0,2467250.0,89.176704,22.296386
G_00896,23,38,1.0,Atulia,False,False,724750.0,2467250.0,89.181554,22.296321
G_00897,23,39,1.0,Buri Goalini,False,False,725250.0,2467250.0,89.186405,22.296256
G_00898,23,40,1.0,Atulia,False,False,725750.0,2467250.0,89.191255,22.29619
G_00899,23,41,1.0,Atulia,False,False,726250.0,2467250.0,89.196106,22.296125
G_00900,23,42,1.0,Buri Goalini,False,False,726750.0,2467250.0,89.200957,22.296059
G_00901,23,43,1.0,Buri Goalini,False,False,727250.0,2467250.0,89.205807,22.295993
G_00902,23,44,1.0,Atulia,False,False,727750.0,2467250.0,89.210658,22.295927
G_00903,23,45,1.0,Buri Goalini,False,False,728250.0,2467250.0,89.215508,22.295861
G_00904,23,46,1.0,Buri Goalini,False,False,728750.0,2467250.0,89.220358,22.295794
G_00905,23,47,1.0,Buri Goalini,False,False,729250.0,2467250.0,89.225209,22.295728
G_00906,23,48,1.0,Padma Pukur,False,False,729750.0,2467250.0,89.230059,22.295661
G_00907,23,49,1.0,Padma Pukur,False,False,730250.0,2467250.0,89.23491,22.295595
G_00908,23,50,1.0,Padma Pukur,False,False,730750.0,2467250.0,89.23976,22.295528
G_00909,23,51,1.0,Padma Pukur,False,False,731250.0,2467250.0,89.244611,22.295461
G_00910,23,52,1.0,Padma Pukur,False,False,731750.0,2467250.0,89.249461,22.295393
G_00911,23,53,1.0,Padma Pukur,False,False,732250.0,2467250.0,89.254311,22.295326
G_00912,23,54,1.0,Padma Pukur,False,False,732750.0,2467250.0,89.259162,22.295259
G_00913,23,55,1.0,Padma Pukur,False,False,733250.0,2467250.0,89.264012,22.295191
G_00914,23,56,1.0,Padma Pukur,False,False,733750.0,2467250.0,89.268862,22.295123
G_00915,23,57,1.0,Padma Pukur,False,False,734250.0,2467250.0,89.273712,22.295055
G_00916,23,58,0.5620743676770493,Padma Pukur,False,False,734750.0,2467250.0,89.278563,22.294987
G_00917,24,0,0.5912286123784808,Kaikhali,False,False,705750.0,2466750.0,88.997155,22.294181
G_00918,24,1,0.997151434829061,Kaikhali,False,False,706250.0,2466750.0,89.002006,22.294121
G_00919,24,2,1.0,Kaikhali,False,False,706750.0,2466750.0,89.006857,22.294061
G_00920,24,3,0.9987867267563959,Kaikhali,False,False,707250.0,2466750.0,89.011708,22.294001
G_00921,24,4,0.7673290909108851,Kaikhali,False,False,707750.0,2466750.0,89.016559,22.293941
G_00922,24,5,0.443063882880929,Kaikhali,False,False,708250.0,2466750.0,89.02141,22.293881
G_00923,24,6,0.8650718002223378,Kaikhali,False,False,708750.0,2466750.0,89.026261,22.29382
G_00924,24,7,1.0,Kaikhali,False,False,709250.0,2466750.0,89.031112,22.293759
G_00925,24,8,1.0,Kaikhali,False,False,709750.0,2466750.0,89.035963,22.293699
G_00926,24,9,1.0,Kaikhali,False,False,710250.0,2466750.0,89.040814,22.293638
G_00927,24,10,1.0,Kaikhali,False,False,710750.0,2466750.0,89.045665,22.293577
G_00928,24,11,1.0,Nurnagar,False,False,711250.0,2466750.0,89.050516,22.293515
G_00929,24,12,1.0,Nurnagar,False,False,711750.0,2466750.0,89.055367,22.293454
G_00930,24,13,1.0,Nurnagar,False,False,712250.0,2466750.0,89.060218,22.293392
G_00931,24,14,1.0,Ramjan Nagar,False,False,712750.0,2466750.0,89.065069,22.293331
G_00932,24,15,1.0,Ramjan Nagar,False,False,713250.0,2466750.0,89.069919,22.293269
G_00933,24,16,1.0,Shyamnagar,False,False,713750.0,2466750.0,89.07477,22.293207
G_00934,24,17,1.0,Shyamnagar,False,False,714250.0,2466750.0,89.079621,22.293145
G_00935,24,18,1.0,Ramjan Nagar,False,False,714750.0,2466750.0,89.084472,22.293083
G_00936,24,19,1.0,Ramjan Nagar,False,False,715250.0,2466750.0,89.089323,22.29302
G_00937,24,20,1.0,Ramjan Nagar,False,False,715750.0,2466750.0,89.094173,22.292958
G_00938,24,21,1.0,Ishwaripur,False,False,716250.0,2466750.0,89.099024,22.292895
G_00939,24,22,1.0,Ishwaripur,False,False,716750.0,2466750.0,89.103875,22.292832
G_00940,24,23,1.0,Ishwaripur,False,False,717250.0,2466750.0,89.108726,22.292769
G_00941,24,24,1.0,Ishwaripur,False,False,717750.0,2466750.0,89.113576,22.292706
G_00942,24,25,1.0,Ishwaripur,False,False,718250.0,2466750.0,89.118427,22.292643
G_00943,24,26,1.0,Ishwaripur,False,False,718750.0,2466750.0,89.123278,22.292579
G_00944,24,27,1.0,Ishwaripur,False,False,719250.0,2466750.0,89.128128,22.292516
G_00945,24,28,1.0,Ishwaripur,False,False,719750.0,2466750.0,89.132979,22.292452
G_00946,24,29,1.0,Ishwaripur,False,False,720250.0,2466750.0,89.13783,22.292388
G_00947,24,30,1.0,Ishwaripur,False,False,720750.0,2466750.0,89.14268,22.292324
G_00948,24,31,1.0,Buri Goalini,False,False,721250.0,2466750.0,89.147531,22.29226
G_00949,24,32,1.0,Buri Goalini,False,False,721750.0,2466750.0,89.152381,22.292196
G_00950,24,33,1.0,Buri Goalini,False,False,722250.0,2466750.0,89.157232,22.292131
G_00951,24,34,1.0,Buri Goalini,False,False,722750.0,2466750.0,89.162082,22.292067
G_00952,24,35,1.0,Buri Goalini,False,False,723250.0,2466750.0,89.166933,22.292002
G_00953,24,36,1.0,Buri Goalini,False,False,723750.0,2466750.0,89.171783,22.291937
G_00954,24,37,1.0,Buri Goalini,False,False,724250.0,2466750.0,89.176634,22.291872
G_00955,24,38,1.0,Buri Goalini,False,False,724750.0,2466750.0,89.181484,22.291807
G_00956,24,39,1.0,Buri Goalini,False,False,725250.0,2466750.0,89.186335,22.291742
G_00957,24,40,1.0,Buri Goalini,False,False,725750.0,2466750.0,89.191185,22.291676
G_00958,24,41,1.0,Buri Goalini,False,False,726250.0,2466750.0,89.196035,22.291611
G_00959,24,42,1.0,Buri Goalini,False,False,726750.0,2466750.0,89.200886,22.291545
G_00960,24,43,1.0,Buri Goalini,False,False,727250.0,2466750.0,89.205736,22.291479
G_00961,24,44,1.0,Buri Goalini,False,False,727750.0,2466750.0,89.210587,22.291413
G_00962,24,45,1.0,Buri Goalini,False,False,728250.0,2466750.0,89.215437,22.291347
G_00963,24,46,1.0,Buri Goalini,False,False,728750.0,2466750.0,89.220287,22.291281
G_00964,24,47,1.0,Buri Goalini,False,False,729250.0,2466750.0,89.225137,22.291214
G_00965,24,48,1.0,Buri Goalini,False,False,729750.0,2466750.0,89.229988,22.291148
G_00966,24,49,1.0,Buri Goalini,False,False,730250.0,2466750.0,89.234838,22.291081
G_00967,24,50,1.0,Buri Goalini,False,False,730750.0,2466750.0,89.239688,22.291014
G_00968,24,51,1.0,Padma Pukur,False,False,731250.0,2466750.0,89.244538,22.290947
G_00969,24,52,1.0,Padma Pukur,False,False,731750.0,2466750.0,89.249389,22.29088
G_00970,24,53,1.0,Padma Pukur,False,False,732250.0,2466750.0,89.254239,22.290813
G_00971,24,54,1.0,Padma Pukur,False,False,732750.0,2466750.0,89.259089,22.290745
G_00972,24,55,1.0,Padma Pukur,False,False,733250.0,2466750.0,89.263939,22.290677
G_00973,24,56,1.0,Padma Pukur,False,False,733750.0,2466750.0,89.268789,22.29061
G_00974,24,57,1.0,Gabura,False,True,734250.0,2466750.0,89.273639,22.290542
G_00975,24,58,0.8183352785005101,Gabura,False,True,734750.0,2466750.0,89.278489,22.290474
G_00976,25,0,0.8959664245985517,Kaikhali,False,False,705750.0,2466250.0,88.997091,22.289667
G_00977,25,1,1.0,Kaikhali,False,False,706250.0,2466250.0,89.001942,22.289607
G_00978,25,2,1.0,Kaikhali,False,False,706750.0,2466250.0,89.006793,22.289547
G_00979,25,3,1.0,Kaikhali,False,False,707250.0,2466250.0,89.011643,22.289487
G_00980,25,4,1.0,Kaikhali,False,False,707750.0,2466250.0,89.016494,22.289427
G_00981,25,5,1.0,Kaikhali,False,False,708250.0,2466250.0,89.021345,22.289366
G_00982,25,6,1.0,Kaikhali,False,False,708750.0,2466250.0,89.026196,22.289306
G_00983,25,7,1.0,Kaikhali,False,False,709250.0,2466250.0,89.031047,22.289245
G_00984,25,8,1.0,Kaikhali,False,False,709750.0,2466250.0,89.035898,22.289184
G_00985,25,9,1.0,Kaikhali,False,False,710250.0,2466250.0,89.040748,22.289123
G_00986,25,10,1.0,Kaikhali,False,False,710750.0,2466250.0,89.045599,22.289062
G_00987,25,11,1.0,Kaikhali,False,False,711250.0,2466250.0,89.05045,22.289001
G_00988,25,12,1.0,Nurnagar,False,False,711750.0,2466250.0,89.055301,22.28894
G_00989,25,13,1.0,Nurnagar,False,False,712250.0,2466250.0,89.060151,22.288878
G_00990,25,14,1.0,Ramjan Nagar,False,False,712750.0,2466250.0,89.065002,22.288817
G_00991,25,15,1.0,Ramjan Nagar,False,False,713250.0,2466250.0,89.069853,22.288755
G_00992,25,16,1.0,Ramjan Nagar,False,False,713750.0,2466250.0,89.074704,22.288693
G_00993,25,17,1.0,Ramjan Nagar,False,False,714250.0,2466250.0,89.079554,22.288631
G_00994,25,18,1.0,Ramjan Nagar,False,False,714750.0,2466250.0,89.084405,22.288569
G_00995,25,19,1.0,Ramjan Nagar,False,False,715250.0,2466250.0,89.089256,22.288506
G_00996,25,20,1.0,Ramjan Nagar,False,False,715750.0,2466250.0,89.094106,22.288444
G_00997,25,21,1.0,Ramjan Nagar,False,False,716250.0,2466250.0,89.098957,22.288381
G_00998,25,22,1.0,Ishwaripur,False,False,716750.0,2466250.0,89.103807,22.288318
G_00999,25,23,1.0,Ishwaripur,False,False,717250.0,2466250.0,89.108658,22.288255
G_01000,25,24,1.0,Ishwaripur,False,False,717750.0,2466250.0,89.113508,22.288192
G_01001,25,25,1.0,Ishwaripur,False,False,718250.0,2466250.0,89.118359,22.288129
G_01002,25,26,1.0,Ishwaripur,False,False,718750.0,2466250.0,89.123209,22.288065
G_01003,25,27,1.0,Ishwaripur,False,False,719250.0,2466250.0,89.12806,22.288002
G_01004,25,28,1.0,Ishwaripur,False,False,719750.0,2466250.0,89.13291,22.287938
G_01005,25,29,1.0,Ishwaripur,False,False,720250.0,2466250.0,89.137761,22.287874
G_01006,25,30,1.0,Ishwaripur,False,False,720750.0,2466250.0,89.142611,22.28781
G_01007,25,31,1.0,Buri Goalini,False,False,721250.0,2466250.0,89.147462,22.287746
G_01008,25,32,1.0,Buri Goalini,False,False,721750.0,2466250.0,89.152312,22.287682
G_01009,25,33,1.0,Buri Goalini,False,False,722250.0,2466250.0,89.157162,22.287618
G_01010,25,34,1.0,Buri Goalini,False,False,722750.0,2466250.0,89.162013,22.287553
G_01011,25,35,1.0,Buri Goalini,False,False,723250.0,2466250.0,89.166863,22.287488
G_01012,25,36,1.0,Buri Goalini,False,False,723750.0,2466250.0,89.171714,22.287423
G_01013,25,37,1.0,Buri Goalini,False,False,724250.0,2466250.0,89.176564,22.287358
G_01014,25,38,1.0,Buri Goalini,False,False,724750.0,2466250.0,89.181414,22.287293
G_01015,25,39,1.0,Buri Goalini,False,False,725250.0,2466250.0,89.186264,22.287228
G_01016,25,40,1.0,Buri Goalini,False,False,725750.0,2466250.0,89.191115,22.287163
G_01017,25,41,1.0,Buri Goalini,False,False,726250.0,2466250.0,89.195965,22.287097
G_01018,25,42,1.0,Buri Goalini,False,False,726750.0,2466250.0,89.200815,22.287031
G_01019,25,43,1.0,Buri Goalini,False,False,727250.0,2466250.0,89.205665,22.286965
G_01020,25,44,1.0,Buri Goalini,False,False,727750.0,2466250.0,89.210516,22.286899
G_01021,25,45,1.0,Buri Goalini,False,False,728250.0,2466250.0,89.215366,22.286833
G_01022,25,46,1.0,Buri Goalini,False,False,728750.0,2466250.0,89.220216,22.286767
G_01023,25,47,1.0,Buri Goalini,False,False,729250.0,2466250.0,89.225066,22.286701
G_01024,25,48,1.0,Buri Goalini,False,False,729750.0,2466250.0,89.229916,22.286634
G_01025,25,49,1.0,Buri Goalini,False,False,730250.0,2466250.0,89.234766,22.286567
G_01026,25,50,1.0,Buri Goalini,False,False,730750.0,2466250.0,89.239616,22.2865
G_01027,25,51,1.0,Buri Goalini,False,False,731250.0,2466250.0,89.244466,22.286433
G_01028,25,52,1.0,Buri Goalini,False,False,731750.0,2466250.0,89.249316,22.286366
G_01029,25,53,1.0,Buri Goalini,False,False,732250.0,2466250.0,89.254166,22.286299
G_01030,25,54,1.0,Buri Goalini,False,False,732750.0,2466250.0,89.259016,22.286231
G_01031,25,55,1.0,Buri Goalini,False,False,733250.0,2466250.0,89.263866,22.286164
G_01032,25,56,1.0,Gabura,False,True,733750.0,2466250.0,89.268716,22.286096
G_01033,25,57,1.0,Gabura,False,True,734250.0,2466250.0,89.273566,22.286028
G_01034,25,58,0.9999808546647985,Gabura,False,True,734750.0,2466250.0,89.278416,22.28596
G_01035,25,59,0.460301292849177,Gabura,False,True,735250.0,2466250.0,89.283266,22.285892
G_01036,25,60,0.13640020708006098,Gabura,False,True,735750.0,2466250.0,89.288116,22.285824
G_01037,25,61,0.3320035572222761,Gabura,False,True,736250.0,2466250.0,89.292966,22.285755
G_01038,25,62,0.6209802367193782,Gabura,False,True,736750.0,2466250.0,89.297816,22.285687
G_01039,25,63,0.9015480628339547,Gabura,False,True,737250.0,2466250.0,89.302666,22.285618
G_01040,25,64,0.8585829777460067,Gabura,False,True,737750.0,2466250.0,89.307515,22.285549
G_01041,25,65,0.5385390473470701,Gabura,False,True,738250.0,2466250.0,89.312365,22.28548
G_01042,26,0,0.5531996222868719,Kaikhali,False,False,705750.0,2465750.0,88.997027,22.285152
G_01043,26,1,1.0,Kaikhali,False,False,706250.0,2465750.0,89.001877,22.285093
G_01044,26,2,1.0,Kaikhali,False,False,706750.0,2465750.0,89.006728,22.285033
G_01045,26,3,1.0,Kaikhali,False,False,707250.0,2465750.0,89.011579,22.284973
G_01046,26,4,1.0,Kaikhali,False,False,707750.0,2465750.0,89.01643,22.284912
G_01047,26,5,1.0,Kaikhali,False,False,708250.0,2465750.0,89.02128,22.284852
G_01048,26,6,1.0,Kaikhali,False,False,708750.0,2465750.0,89.026131,22.284792
G_01049,26,7,1.0,Kaikhali,False,False,709250.0,2465750.0,89.030982,22.284731
G_01050,26,8,1.0,Kaikhali,False,False,709750.0,2465750.0,89.035832,22.28467
G_01051,26,9,1.0,Kaikhali,False,False,710250.0,2465750.0,89.040683,22.284609
G_01052,26,10,1.0,Kaikhali,False,False,710750.0,2465750.0,89.045534,22.284548
G_01053,26,11,1.0,Kaikhali,False,False,711250.0,2465750.0,89.050384,22.284487
G_01054,26,12,1.0,Kaikhali,False,False,711750.0,2465750.0,89.055235,22.284426
G_01055,26,13,1.0,Nurnagar,False,False,712250.0,2465750.0,89.060085,22.284364
G_01056,26,14,1.0,Ramjan Nagar,False,False,712750.0,2465750.0,89.064936,22.284302
G_01057,26,15,1.0,Ramjan Nagar,False,False,713250.0,2465750.0,89.069786,22.284241
G_01058,26,16,1.0,Ramjan Nagar,False,False,713750.0,2465750.0,89.074637,22.284179
G_01059,26,17,1.0,Ramjan Nagar,False,False,714250.0,2465750.0,89.079487,22.284117
G_01060,26,18,1.0,Ramjan Nagar,False,False,714750.0,2465750.0,89.084338,22.284054
G_01061,26,19,1.0,Ramjan Nagar,False,False,715250.0,2465750.0,89.089188,22.283992
G_01062,26,20,1.0,Ramjan Nagar,False,False,715750.0,2465750.0,89.094039,22.28393
G_01063,26,21,1.0,Ramjan Nagar,False,False,716250.0,2465750.0,89.098889,22.283867
G_01064,26,22,1.0,Ramjan Nagar,False,False,716750.0,2465750.0,89.10374,22.283804
G_01065,26,23,1.0,Ishwaripur,False,False,717250.0,2465750.0,89.10859,22.283741
G_01066,26,24,1.0,Ishwaripur,False,False,717750.0,2465750.0,89.113441,22.283678
G_01067,26,25,1.0,Ishwaripur,False,False,718250.0,2465750.0,89.118291,22.283615
G_01068,26,26,1.0,Ishwaripur,False,False,718750.0,2465750.0,89.123141,22.283551
G_01069,26,27,1.0,Ishwaripur,False,False,719250.0,2465750.0,89.127992,22.283488
G_01070,26,28,1.0,Ishwaripur,False,False,719750.0,2465750.0,89.132842,22.283424
G_01071,26,29,1.0,Ishwaripur,False,False,720250.0,2465750.0,89.137692,22.28336
G_01072,26,30,1.0,Ishwaripur,False,False,720750.0,2465750.0,89.142542,22.283296
G_01073,26,31,1.0,Buri Goalini,False,False,721250.0,2465750.0,89.147393,22.283232
G_01074,26,32,1.0,Buri Goalini,False,False,721750.0,2465750.0,89.152243,22.283168
G_01075,26,33,1.0,Buri Goalini,False,False,722250.0,2465750.0,89.157093,22.283104
G_01076,26,34,1.0,Buri Goalini,False,False,722750.0,2465750.0,89.161943,22.283039
G_01077,26,35,1.0,Buri Goalini,False,False,723250.0,2465750.0,89.166794,22.282974
G_01078,26,36,1.0,Buri Goalini,False,False,723750.0,2465750.0,89.171644,22.28291
G_01079,26,37,1.0,Buri Goalini,False,False,724250.0,2465750.0,89.176494,22.282845
G_01080,26,38,1.0,Buri Goalini,False,False,724750.0,2465750.0,89.181344,22.282779
G_01081,26,39,1.0,Buri Goalini,False,False,725250.0,2465750.0,89.186194,22.282714
G_01082,26,40,1.0,Buri Goalini,False,False,725750.0,2465750.0,89.191044,22.282649
G_01083,26,41,1.0,Buri Goalini,False,False,726250.0,2465750.0,89.195894,22.282583
G_01084,26,42,1.0,Buri Goalini,False,False,726750.0,2465750.0,89.200744,22.282518
G_01085,26,43,1.0,Buri Goalini,False,False,727250.0,2465750.0,89.205594,22.282452
G_01086,26,44,1.0,Buri Goalini,False,False,727750.0,2465750.0,89.210445,22.282386
G_01087,26,45,1.0,Buri Goalini,False,False,728250.0,2465750.0,89.215295,22.28232
G_01088,26,46,1.0,Buri Goalini,False,False,728750.0,2465750.0,89.220145,22.282253
G_01089,26,47,1.0,Buri Goalini,False,False,729250.0,2465750.0,89.224995,22.282187
G_01090,26,48,1.0,Buri Goalini,False,False,729750.0,2465750.0,89.229844,22.28212
G_01091,26,49,1.0,Buri Goalini,False,False,730250.0,2465750.0,89.234694,22.282054
G_01092,26,50,1.0,Buri Goalini,False,False,730750.0,2465750.0,89.239544,22.281987
G_01093,26,51,1.0,Buri Goalini,False,False,731250.0,2465750.0,89.244394,22.28192
G_01094,26,52,1.0,Buri Goalini,False,False,731750.0,2465750.0,89.249244,22.281853
G_01095,26,53,1.0,Buri Goalini,False,False,732250.0,2465750.0,89.254094,22.281785
G_01096,26,54,1.0,Buri Goalini,False,False,732750.0,2465750.0,89.258944,22.281718
G_01097,26,55,1.0,Buri Goalini,False,False,733250.0,2465750.0,89.263794,22.28165
G_01098,26,56,1.0,Gabura,False,True,733750.0,2465750.0,89.268643,22.281583
G_01099,26,57,1.0,Gabura,False,True,734250.0,2465750.0,89.273493,22.281515
G_01100,26,58,1.0,Gabura,False,True,734750.0,2465750.0,89.278343,22.281447
G_01101,26,59,1.0,Gabura,False,True,735250.0,2465750.0,89.283193,22.281379
G_01102,26,60,1.0,Gabura,False,True,735750.0,2465750.0,89.288043,22.28131
G_01103,26,61,1.0,Gabura,False,True,736250.0,2465750.0,89.292892,22.281242
G_01104,26,62,1.0,Gabura,False,True,736750.0,2465750.0,89.297742,22.281173
G_01105,26,63,1.0,Gabura,False,True,737250.0,2465750.0,89.302592,22.281104
G_01106,26,64,1.0,Gabura,False,True,737750.0,2465750.0,89.307441,22.281036
G_01107,26,65,0.9303465625027321,Gabura,False,True,738250.0,2465750.0,89.312291,22.280967
G_01108,27,1,0.5209939250197397,Kaikhali,False,False,706250.0,2465250.0,89.001813,22.280578
G_01109,27,2,0.9905461378247205,Kaikhali,False,False,706750.0,2465250.0,89.006664,22.280518
G_01110,27,3,1.0,Kaikhali,False,False,707250.0,2465250.0,89.011514,22.280458
G_01111,27,4,1.0,Kaikhali,False,False,707750.0,2465250.0,89.016365,22.280398
G_01112,27,5,1.0,Kaikhali,False,False,708250.0,2465250.0,89.021215,22.280338
G_01113,27,6,1.0,Kaikhali,False,False,708750.0,2465250.0,89.026066,22.280277
G_01114,27,7,1.0,Kaikhali,False,False,709250.0,2465250.0,89.030916,22.280217
G_01115,27,8,1.0,Kaikhali,False,False,709750.0,2465250.0,89.035767,22.280156
G_01116,27,9,1.0,Kaikhali,False,False,710250.0,2465250.0,89.040617,22.280095
G_01117,27,10,1.0,Kaikhali,False,False,710750.0,2465250.0,89.045468,22.280034
G_01118,27,11,1.0,Kaikhali,False,False,711250.0,2465250.0,89.050318,22.279973
G_01119,27,12,1.0,Kaikhali,False,False,711750.0,2465250.0,89.055169,22.279911
G_01120,27,13,1.0,Kaikhali,False,False,712250.0,2465250.0,89.060019,22.27985
G_01121,27,14,1.0,Ramjan Nagar,False,False,712750.0,2465250.0,89.06487,22.279788
G_01122,27,15,1.0,Ramjan Nagar,False,False,713250.0,2465250.0,89.06972,22.279726
G_01123,27,16,1.0,Ramjan Nagar,False,False,713750.0,2465250.0,89.07457,22.279665
G_01124,27,17,1.0,Ramjan Nagar,False,False,714250.0,2465250.0,89.079421,22.279603
G_01125,27,18,1.0,Ramjan Nagar,False,False,714750.0,2465250.0,89.084271,22.27954
G_01126,27,19,1.0,Ramjan Nagar,False,False,715250.0,2465250.0,89.089121,22.279478
G_01127,27,20,1.0,Ramjan Nagar,False,False,715750.0,2465250.0,89.093972,22.279415
G_01128,27,21,1.0,Ramjan Nagar,False,False,716250.0,2465250.0,89.098822,22.279353
G_01129,27,22,1.0,Ramjan Nagar,False,False,716750.0,2465250.0,89.103672,22.27929
G_01130,27,23,1.0,Ishwaripur,False,False,717250.0,2465250.0,89.108522,22.279227
G_01131,27,24,1.0,Ishwaripur,False,False,717750.0,2465250.0,89.113373,22.279164
G_01132,27,25,1.0,Ishwaripur,False,False,718250.0,2465250.0,89.118223,22.279101
G_01133,27,26,1.0,Ishwaripur,False,False,718750.0,2465250.0,89.123073,22.279037
G_01134,27,27,1.0,Ishwaripur,False,False,719250.0,2465250.0,89.127923,22.278974
G_01135,27,28,1.0,Ishwaripur,False,False,719750.0,2465250.0,89.132773,22.27891
G_01136,27,29,1.0,Ishwaripur,False,False,720250.0,2465250.0,89.137624,22.278846
G_01137,27,30,1.0,Ishwaripur,False,False,720750.0,2465250.0,89.142474,22.278782
G_01138,27,31,1.0,Munshiganj,False,False,721250.0,2465250.0,89.147324,22.278718
G_01139,27,32,1.0,Munshiganj,False,False,721750.0,2465250.0,89.152174,22.278654
G_01140,27,33,1.0,Buri Goalini,False,False,722250.0,2465250.0,89.157024,22.27859
G_01141,27,34,1.0,Buri Goalini,False,False,722750.0,2465250.0,89.161874,22.278525
G_01142,27,35,1.0,Buri Goalini,False,False,723250.0,2465250.0,89.166724,22.278461
G_01143,27,36,1.0,Buri Goalini,False,False,723750.0,2465250.0,89.171574,22.278396
G_01144,27,37,1.0,Buri Goalini,False,False,724250.0,2465250.0,89.176424,22.278331
G_01145,27,38,1.0,Buri Goalini,False,False,724750.0,2465250.0,89.181274,22.278266
G_01146,27,39,1.0,Buri Goalini,False,False,725250.0,2465250.0,89.186124,22.2782
G_01147,27,40,1.0,Buri Goalini,False,False,725750.0,2465250.0,89.190974,22.278135
G_01148,27,41,1.0,Buri Goalini,False,False,726250.0,2465250.0,89.195824,22.278069
G_01149,27,42,1.0,Buri Goalini,False,False,726750.0,2465250.0,89.200674,22.278004
G_01150,27,43,1.0,Buri Goalini,False,False,727250.0,2465250.0,89.205524,22.277938
G_01151,27,44,1.0,Buri Goalini,False,False,727750.0,2465250.0,89.210374,22.277872
G_01152,27,45,1.0,Buri Goalini,False,False,728250.0,2465250.0,89.215223,22.277806
G_01153,27,46,1.0,Buri Goalini,False,False,728750.0,2465250.0,89.220073,22.27774
G_01154,27,47,1.0,Buri Goalini,False,False,729250.0,2465250.0,89.224923,22.277673
G_01155,27,48,1.0,Buri Goalini,False,False,729750.0,2465250.0,89.229773,22.277607
G_01156,27,49,1.0,Buri Goalini,False,False,730250.0,2465250.0,89.234623,22.27754
G_01157,27,50,1.0,Buri Goalini,False,False,730750.0,2465250.0,89.239472,22.277473
G_01158,27,51,1.0,Buri Goalini,False,False,731250.0,2465250.0,89.244322,22.277406
G_01159,27,52,1.0,Buri Goalini,False,False,731750.0,2465250.0,89.249172,22.277339
G_01160,27,53,1.0,Buri Goalini,False,False,732250.0,2465250.0,89.254022,22.277272
G_01161,27,54,1.0,Gabura,False,True,732750.0,2465250.0,89.258871,22.277204
G_01162,27,55,1.0,Gabura,False,True,733250.0,2465250.0,89.263721,22.277137
G_01163,27,56,1.0,Gabura,False,True,733750.0,2465250.0,89.268571,22.277069
G_01164,27,57,1.0,Gabura,False,True,734250.0,2465250.0,89.27342,22.277001
G_01165,27,58,1.0,Gabura,False,True,734750.0,2465250.0,89.27827,22.276933
G_01166,27,59,1.0,Gabura,False,True,735250.0,2465250.0,89.283119,22.276865
G_01167,27,60,1.0,Gabura,False,True,735750.0,2465250.0,89.287969,22.276797
G_01168,27,61,1.0,Gabura,False,True,736250.0,2465250.0,89.292819,22.276728
G_01169,27,62,1.0,Gabura,False,True,736750.0,2465250.0,89.297668,22.27666
G_01170,27,63,1.0,Gabura,False,True,737250.0,2465250.0,89.302518,22.276591
G_01171,27,64,1.0,Gabura,False,True,737750.0,2465250.0,89.307367,22.276522
G_01172,27,65,0.6054015655445194,Gabura,False,True,738250.0,2465250.0,89.312217,22.276453
G_01173,28,2,0.24119986823789166,Kaikhali,False,False,706750.0,2464750.0,89.006599,22.276004
G_01174,28,3,0.8321610397767183,Kaikhali,False,False,707250.0,2464750.0,89.01145,22.275944
G_01175,28,4,1.0,Kaikhali,False,False,707750.0,2464750.0,89.0163,22.275884
G_01176,28,5,1.0,Kaikhali,False,False,708250.0,2464750.0,89.02115,22.275823
G_01177,28,6,1.0,Kaikhali,False,False,708750.0,2464750.0,89.026001,22.275763
G_01178,28,7,1.0,Kaikhali,False,False,709250.0,2464750.0,89.030851,22.275702
G_01179,28,8,1.0,Kaikhali,False,False,709750.0,2464750.0,89.035702,22.275642
G_01180,28,9,1.0,Kaikhali,False,False,710250.0,2464750.0,89.040552,22.275581
G_01181,28,10,1.0,Kaikhali,False,False,710750.0,2464750.0,89.045402,22.27552
G_01182,28,11,1.0,Kaikhali,False,False,711250.0,2464750.0,89.050252,22.275459
G_01183,28,12,1.0,Kaikhali,False,False,711750.0,2464750.0,89.055103,22.275397
G_01184,28,13,1.0,Ramjan Nagar,False,False,712250.0,2464750.0,89.059953,22.275336
G_01185,28,14,1.0,Ramjan Nagar,False,False,712750.0,2464750.0,89.064803,22.275274
G_01186,28,15,1.0,Ramjan Nagar,False,False,713250.0,2464750.0,89.069653,22.275212
G_01187,28,16,1.0,Ramjan Nagar,False,False,713750.0,2464750.0,89.074504,22.27515
G_01188,28,17,1.0,Ramjan Nagar,False,False,714250.0,2464750.0,89.079354,22.275088
G_01189,28,18,1.0,Ramjan Nagar,False,False,714750.0,2464750.0,89.084204,22.275026
G_01190,28,19,1.0,Ramjan Nagar,False,False,715250.0,2464750.0,89.089054,22.274964
G_01191,28,20,1.0,Ramjan Nagar,False,False,715750.0,2464750.0,89.093904,22.274901
G_01192,28,21,1.0,Ramjan Nagar,False,False,716250.0,2464750.0,89.098755,22.274839
G_01193,28,22,1.0,Ramjan Nagar,False,False,716750.0,2464750.0,89.103605,22.274776
G_01194,28,23,1.0,Ishwaripur,False,False,717250.0,2464750.0,89.108455,22.274713
G_01195,28,24,1.0,Ishwaripur,False,False,717750.0,2464750.0,89.113305,22.27465
G_01196,28,25,1.0,Ishwaripur,False,False,718250.0,2464750.0,89.118155,22.274587
G_01197,28,26,1.0,Ishwaripur,False,False,718750.0,2464750.0,89.123005,22.274523
G_01198,28,27,1.0,Ishwaripur,False,False,719250.0,2464750.0,89.127855,22.27446
G_01199,28,28,1.0,Ishwaripur,False,False,719750.0,2464750.0,89.132705,22.274396
G_01200,28,29,1.0,Ishwaripur,False,False,720250.0,2464750.0,89.137555,22.274332
G_01201,28,30,1.0,Munshiganj,False,False,720750.0,2464750.0,89.142405,22.274268
G_01202,28,31,1.0,Munshiganj,False,False,721250.0,2464750.0,89.147255,22.274204
G_01203,28,32,1.0,Munshiganj,False,False,721750.0,2464750.0,89.152105,22.27414
G_01204,28,33,1.0,Munshiganj,False,False,722250.0,2464750.0,89.156955,22.274076
G_01205,28,34,1.0,Buri Goalini,False,False,722750.0,2464750.0,89.161805,22.274011
G_01206,28,35,1.0,Buri Goalini,False,False,723250.0,2464750.0,89.166654,22.273947
G_01207,28,36,1.0,Buri Goalini,False,False,723750.0,2464750.0,89.171504,22.273882
G_01208,28,37,1.0,Buri Goalini,False,False,724250.0,2464750.0,89.176354,22.273817
G_01209,28,38,1.0,Buri Goalini,False,False,724750.0,2464750.0,89.181204,22.273752
G_01210,28,39,1.0,Buri Goalini,False,False,725250.0,2464750.0,89.186054,22.273687
G_01211,28,40,1.0,Buri Goalini,False,False,725750.0,2464750.0,89.190904,22.273621
G_01212,28,41,1.0,Buri Goalini,False,False,726250.0,2464750.0,89.195753,22.273556
G_01213,28,42,1.0,Buri Goalini,False,False,726750.0,2464750.0,89.200603,22.27349
G_01214,28,43,1.0,Buri Goalini,False,False,727250.0,2464750.0,89.205453,22.273424
G_01215,28,44,1.0,Buri Goalini,False,False,727750.0,2464750.0,89.210303,22.273358
G_01216,28,45,1.0,Buri Goalini,False,False,728250.0,2464750.0,89.215152,22.273292
G_01217,28,46,1.0,Buri Goalini,False,False,728750.0,2464750.0,89.220002,22.273226
G_01218,28,47,1.0,Buri Goalini,False,False,729250.0,2464750.0,89.224852,22.273159
G_01219,28,48,1.0,Buri Goalini,False,False,729750.0,2464750.0,89.229701,22.273093
G_01220,28,49,1.0,Buri Goalini,False,False,730250.0,2464750.0,89.234551,22.273026
G_01221,28,50,1.0,Buri Goalini,False,False,730750.0,2464750.0,89.239401,22.272959
G_01222,28,51,1.0,Buri Goalini,False,False,731250.0,2464750.0,89.24425,22.272892
G_01223,28,52,1.0,Gabura,False,True,731750.0,2464750.0,89.2491,22.272825
G_01224,28,53,1.0,Gabura,False,True,732250.0,2464750.0,89.253949,22.272758
G_01225,28,54,1.0,Gabura,False,True,732750.0,2464750.0,89.258799,22.272691
G_01226,28,55,1.0,Gabura,False,True,733250.0,2464750.0,89.263648,22.272623
G_01227,28,56,1.0,Gabura,False,True,733750.0,2464750.0,89.268498,22.272555
G_01228,28,57,1.0,Gabura,False,True,734250.0,2464750.0,89.273347,22.272488
G_01229,28,58,1.0,Gabura,False,True,734750.0,2464750.0,89.278197,22.27242
G_01230,28,59,1.0,Gabura,False,True,735250.0,2464750.0,89.283046,22.272351
G_01231,28,60,1.0,Gabura,False,True,735750.0,2464750.0,89.287896,22.272283
G_01232,28,61,1.0,Gabura,False,True,736250.0,2464750.0,89.292745,22.272215
G_01233,28,62,1.0,Gabura,False,True,736750.0,2464750.0,89.297594,22.272146
G_01234,28,63,1.0,Gabura,False,True,737250.0,2464750.0,89.302444,22.272078
G_01235,28,64,0.7341902352584371,Gabura,False,True,737750.0,2464750.0,89.307293,22.272009
G_01236,29,4,0.43907426969664104,Kaikhali,False,False,707750.0,2464250.0,89.016235,22.271369
G_01237,29,5,0.9859410267788059,Kaikhali,False,False,708250.0,2464250.0,89.021086,22.271309
G_01238,29,6,1.0,Kaikhali,False,False,708750.0,2464250.0,89.025936,22.271249
G_01239,29,7,1.0,Kaikhali,False,False,709250.0,2464250.0,89.030786,22.271188
G_01240,29,8,1.0,Kaikhali,False,False,709750.0,2464250.0,89.035636,22.271127
G_01241,29,9,1.0,Kaikhali,False,False,710250.0,2464250.0,89.040486,22.271066
G_01242,29,10,1.0,Kaikhali,False,False,710750.0,2464250.0,89.045337,22.271005
G_01243,29,11,1.0,Kaikhali,False,False,711250.0,2464250.0,89.050187,22.270944
G_01244,29,12,1.0,Kaikhali,False,False,711750.0,2464250.0,89.055037,22.270883
G_01245,29,13,1.0,Ramjan Nagar,False,False,712250.0,2464250.0,89.059887,22.270822
G_01246,29,14,1.0,Ramjan Nagar,False,False,712750.0,2464250.0,89.064737,22.27076
G_01247,29,15,1.0,Ramjan Nagar,False,False,713250.0,2464250.0,89.069587,22.270698
G_01248,29,16,1.0,Ramjan Nagar,False,False,713750.0,2464250.0,89.074437,22.270636
G_01249,29,17,1.0,Ramjan Nagar,False,False,714250.0,2464250.0,89.079287,22.270574
G_01250,29,18,1.0,Ramjan Nagar,False,False,714750.0,2464250.0,89.084137,22.270512
G_01251,29,19,1.0,Ramjan Nagar,False,False,715250.0,2464250.0,89.088987,22.27045
G_01252,29,20,1.0,Ramjan Nagar,False,False,715750.0,2464250.0,89.093837,22.270387
G_01253,29,21,1.0,Ramjan Nagar,False,False,716250.0,2464250.0,89.098687,22.270325
G_01254,29,22,1.0,Ishwaripur,False,False,716750.0,2464250.0,89.103537,22.270262
G_01255,29,23,1.0,Ishwaripur,False,False,717250.0,2464250.0,89.108387,22.270199
G_01256,29,24,1.0,Ishwaripur,False,False,717750.0,2464250.0,89.113237,22.270136
G_01257,29,25,1.0,Ishwaripur,False,False,718250.0,2464250.0,89.118087,22.270073
G_01258,29,26,1.0,Ishwaripur,False,False,718750.0,2464250.0,89.122937,22.270009
G_01259,29,27,1.0,Ishwaripur,False,False,719250.0,2464250.0,89.127787,22.269946
G_01260,29,28,1.0,Ishwaripur,False,False,719750.0,2464250.0,89.132636,22.269882
G_01261,29,29,1.0,Ishwaripur,False,False,720250.0,2464250.0,89.137486,22.269818
G_01262,29,30,1.0,Munshiganj,False,False,720750.0,2464250.0,89.142336,22.269755
G_01263,29,31,1.0,Munshiganj,False,False,721250.0,2464250.0,89.147186,22.26969
G_01264,29,32,1.0,Munshiganj,False,False,721750.0,2464250.0,89.152036,22.269626
G_01265,29,33,1.0,Munshiganj,False,False,722250.0,2464250.0,89.156885,22.269562
G_01266,29,34,1.0,Munshiganj,False,False,722750.0,2464250.0,89.161735,22.269497
G_01267,29,35,1.0,Munshiganj,False,False,723250.0,2464250.0,89.166585,22.269433
G_01268,29,36,1.0,Buri Goalini,False,False,723750.0,2464250.0,89.171435,22.269368
G_01269,29,37,1.0,Buri Goalini,False,False,724250.0,2464250.0,89.176284,22.269303
G_01270,29,38,1.0,Munshiganj,False,False,724750.0,2464250.0,89.181134,22.269238
G_01271,29,39,1.0,Munshiganj,False,False,725250.0,2464250.0,89.185984,22.269173
G_01272,29,40,1.0,Munshiganj,False,False,725750.0,2464250.0,89.190833,22.269107
G_01273,29,41,1.0,Munshiganj,False,False,726250.0,2464250.0,89.195683,22.269042
G_01274,29,42,1.0,Satkhira Range,True,False,726750.0,2464250.0,89.200533,22.268976
G_01275,29,43,1.0,Buri Goalini,False,False,727250.0,2464250.0,89.205382,22.26891
G_01276,29,44,1.0,Buri Goalini,False,False,727750.0,2464250.0,89.210232,22.268844
G_01277,29,45,1.0,Buri Goalini,False,False,728250.0,2464250.0,89.215081,22.268778
G_01278,29,46,1.0,Buri Goalini,False,False,728750.0,2464250.0,89.219931,22.268712
G_01279,29,47,1.0,Buri Goalini,False,False,729250.0,2464250.0,89.22478,22.268646
G_01280,29,48,1.0,Buri Goalini,False,False,729750.0,2464250.0,89.22963,22.268579
G_01281,29,49,1.0,Buri Goalini,False,False,730250.0,2464250.0,89.234479,22.268513
G_01282,29,50,1.0,Buri Goalini,False,False,730750.0,2464250.0,89.239329,22.268446
G_01283,29,51,1.0,Buri Goalini,False,False,731250.0,2464250.0,89.244178,22.268379
G_01284,29,52,1.0,Gabura,False,True,731750.0,2464250.0,89.249028,22.268312
G_01285,29,53,1.0,Gabura,False,True,732250.0,2464250.0,89.253877,22.268244
G_01286,29,54,1.0,Gabura,False,True,732750.0,2464250.0,89.258726,22.268177
G_01287,29,55,1.0,Gabura,False,True,733250.0,2464250.0,89.263576,22.26811
G_01288,29,56,1.0,Gabura,False,True,733750.0,2464250.0,89.268425,22.268042
G_01289,29,57,1.0,Gabura,False,True,734250.0,2464250.0,89.273274,22.267974
G_01290,29,58,1.0,Gabura,False,True,734750.0,2464250.0,89.278124,22.267906
G_01291,29,59,1.0,Gabura,False,True,735250.0,2464250.0,89.282973,22.267838
G_01292,29,60,1.0,Gabura,False,True,735750.0,2464250.0,89.287822,22.26777
G_01293,29,61,1.0,Gabura,False,True,736250.0,2464250.0,89.292671,22.267701
G_01294,29,62,0.9771633836784932,Gabura,False,True,736750.0,2464250.0,89.297521,22.267633
G_01295,29,63,0.5727040716116784,Gabura,False,True,737250.0,2464250.0,89.30237,22.267564
G_01296,30,5,0.6859389281472906,Kaikhali,False,False,708250.0,2463750.0,89.021021,22.266795
G_01297,30,6,1.0,Kaikhali,False,False,708750.0,2463750.0,89.025871,22.266734
G_01298,30,7,1.0,Kaikhali,False,False,709250.0,2463750.0,89.030721,22.266674
G_01299,30,8,1.0,Kaikhali,False,False,709750.0,2463750.0,89.035571,22.266613
G_01300,30,9,1.0,Kaikhali,False,False,710250.0,2463750.0,89.040421,22.266552
G_01301,30,10,1.0,Kaikhali,False,False,710750.0,2463750.0,89.045271,22.266491
G_01302,30,11,1.0,Kaikhali,False,False,711250.0,2463750.0,89.050121,22.26643
G_01303,30,12,1.0,Ramjan Nagar,False,False,711750.0,2463750.0,89.054971,22.266369
G_01304,30,13,1.0,Ramjan Nagar,False,False,712250.0,2463750.0,89.059821,22.266307
G_01305,30,14,1.0,Ramjan Nagar,False,False,712750.0,2463750.0,89.064671,22.266246
G_01306,30,15,1.0,Ramjan Nagar,False,False,713250.0,2463750.0,89.069521,22.266184
G_01307,30,16,1.0,Ramjan Nagar,False,False,713750.0,2463750.0,89.074371,22.266122
G_01308,30,17,1.0,Ramjan Nagar,False,False,714250.0,2463750.0,89.07922,22.26606
G_01309,30,18,1.0,Ramjan Nagar,False,False,714750.0,2463750.0,89.08407,22.265998
G_01310,30,19,1.0,Ramjan Nagar,False,False,715250.0,2463750.0,89.08892,22.265936
G_01311,30,20,1.0,Ramjan Nagar,False,False,715750.0,2463750.0,89.09377,22.265873
G_01312,30,21,1.0,Ishwaripur,False,False,716250.0,2463750.0,89.09862,22.265811
G_01313,30,22,1.0,Ishwaripur,False,False,716750.0,2463750.0,89.10347,22.265748
G_01314,30,23,1.0,Ishwaripur,False,False,717250.0,2463750.0,89.108319,22.265685
G_01315,30,24,1.0,Ishwaripur,False,False,717750.0,2463750.0,89.113169,22.265622
G_01316,30,25,1.0,Ishwaripur,False,False,718250.0,2463750.0,89.118019,22.265559
G_01317,30,26,1.0,Ishwaripur,False,False,718750.0,2463750.0,89.122869,22.265495
G_01318,30,27,1.0,Ishwaripur,False,False,719250.0,2463750.0,89.127718,22.265432
G_01319,30,28,1.0,Ishwaripur,False,False,719750.0,2463750.0,89.132568,22.265368
G_01320,30,29,1.0,Munshiganj,False,False,720250.0,2463750.0,89.137418,22.265304
G_01321,30,30,1.0,Munshiganj,False,False,720750.0,2463750.0,89.142267,22.265241
G_01322,30,31,1.0,Munshiganj,False,False,721250.0,2463750.0,89.147117,22.265177
G_01323,30,32,1.0,Munshiganj,False,False,721750.0,2463750.0,89.151967,22.265112
G_01324,30,33,1.0,Munshiganj,False,False,722250.0,2463750.0,89.156816,22.265048
G_01325,30,34,1.0,Munshiganj,False,False,722750.0,2463750.0,89.161666,22.264983
G_01326,30,35,1.0,Munshiganj,False,False,723250.0,2463750.0,89.166515,22.264919
G_01327,30,36,1.0,Munshiganj,False,False,723750.0,2463750.0,89.171365,22.264854
G_01328,30,37,1.0,Munshiganj,False,False,724250.0,2463750.0,89.176214,22.264789
G_01329,30,38,1.0,Munshiganj,False,False,724750.0,2463750.0,89.181064,22.264724
G_01330,30,39,1.0,Munshiganj,False,False,725250.0,2463750.0,89.185914,22.264659
G_01331,30,40,1.0,Munshiganj,False,False,725750.0,2463750.0,89.190763,22.264594
G_01332,30,41,1.0,Munshiganj,False,False,726250.0,2463750.0,89.195612,22.264528
G_01333,30,42,1.0,Satkhira Range,True,False,726750.0,2463750.0,89.200462,22.264462
G_01334,30,43,1.0,Satkhira Range,True,False,727250.0,2463750.0,89.205311,22.264397
G_01335,30,44,1.0,Satkhira Range,True,False,727750.0,2463750.0,89.210161,22.264331
G_01336,30,45,1.0,Satkhira Range,True,False,728250.0,2463750.0,89.21501,22.264265
G_01337,30,46,1.0,Buri Goalini,False,False,728750.0,2463750.0,89.219859,22.264198
G_01338,30,47,1.0,Buri Goalini,False,False,729250.0,2463750.0,89.224709,22.264132
G_01339,30,48,1.0,Buri Goalini,False,False,729750.0,2463750.0,89.229558,22.264066
G_01340,30,49,1.0,Buri Goalini,False,False,730250.0,2463750.0,89.234408,22.263999
G_01341,30,50,1.0,Buri Goalini,False,False,730750.0,2463750.0,89.239257,22.263932
G_01342,30,51,1.0,Buri Goalini,False,False,731250.0,2463750.0,89.244106,22.263865
G_01343,30,52,1.0,Gabura,False,True,731750.0,2463750.0,89.248955,22.263798
G_01344,30,53,1.0,Gabura,False,True,732250.0,2463750.0,89.253805,22.263731
G_01345,30,54,1.0,Gabura,False,True,732750.0,2463750.0,89.258654,22.263663
G_01346,30,55,1.0,Gabura,False,True,733250.0,2463750.0,89.263503,22.263596
G_01347,30,56,1.0,Gabura,False,True,733750.0,2463750.0,89.268352,22.263528
G_01348,30,57,1.0,Gabura,False,True,734250.0,2463750.0,89.273201,22.26346
G_01349,30,58,1.0,Gabura,False,True,734750.0,2463750.0,89.278051,22.263393
G_01350,30,59,1.0,Gabura,False,True,735250.0,2463750.0,89.2829,22.263324
G_01351,30,60,1.0,Gabura,False,True,735750.0,2463750.0,89.287749,22.263256
G_01352,30,61,0.9384625273520535,Gabura,False,True,736250.0,2463750.0,89.292598,22.263188
G_01353,30,62,0.12973542782594763,Gabura,False,True,736750.0,2463750.0,89.297447,22.263119
G_01354,31,4,0.13078374848252672,Kaikhali,False,False,707750.0,2463250.0,89.016106,22.262341
G_01355,31,5,0.9202648416547737,Kaikhali,False,False,708250.0,2463250.0,89.020956,22.262281
G_01356,31,6,1.0,Kaikhali,False,False,708750.0,2463250.0,89.025806,22.26222
G_01357,31,7,0.9913754462835391,Kaikhali,False,False,709250.0,2463250.0,89.030656,22.26216
G_01358,31,8,1.0,Kaikhali,False,False,709750.0,2463250.0,89.035506,22.262099
G_01359,31,9,1.0,Kaikhali,False,False,710250.0,2463250.0,89.040355,22.262038
G_01360,31,10,1.0,Kaikhali,False,False,710750.0,2463250.0,89.045205,22.261977
G_01361,31,11,1.0,Kaikhali,False,False,711250.0,2463250.0,89.050055,22.261916
G_01362,31,12,1.0,Ramjan Nagar,False,False,711750.0,2463250.0,89.054905,22.261855
G_01363,31,13,1.0,Ramjan Nagar,False,False,712250.0,2463250.0,89.059755,22.261793
G_01364,31,14,1.0,Ramjan Nagar,False,False,712750.0,2463250.0,89.064604,22.261732
G_01365,31,15,1.0,Ramjan Nagar,False,False,713250.0,2463250.0,89.069454,22.26167
G_01366,31,16,1.0,Ramjan Nagar,False,False,713750.0,2463250.0,89.074304,22.261608
G_01367,31,17,1.0,Ramjan Nagar,False,False,714250.0,2463250.0,89.079154,22.261546
G_01368,31,18,1.0,Ramjan Nagar,False,False,714750.0,2463250.0,89.084003,22.261484
G_01369,31,19,1.0,Ramjan Nagar,False,False,715250.0,2463250.0,89.088853,22.261421
G_01370,31,20,1.0,Ishwaripur,False,False,715750.0,2463250.0,89.093703,22.261359
G_01371,31,21,1.0,Ishwaripur,False,False,716250.0,2463250.0,89.098552,22.261296
G_01372,31,22,1.0,Ishwaripur,False,False,716750.0,2463250.0,89.103402,22.261234
G_01373,31,23,1.0,Ishwaripur,False,False,717250.0,2463250.0,89.108252,22.261171
G_01374,31,24,1.0,Ishwaripur,False,False,717750.0,2463250.0,89.113101,22.261108
G_01375,31,25,1.0,Ishwaripur,False,False,718250.0,2463250.0,89.117951,22.261045
G_01376,31,26,1.0,Ishwaripur,False,False,718750.0,2463250.0,89.122801,22.260981
G_01377,31,27,1.0,Ishwaripur,False,False,719250.0,2463250.0,89.12765,22.260918
G_01378,31,28,1.0,Ishwaripur,False,False,719750.0,2463250.0,89.1325,22.260854
G_01379,31,29,1.0,Ishwaripur,False,False,720250.0,2463250.0,89.137349,22.26079
G_01380,31,30,1.0,Munshiganj,False,False,720750.0,2463250.0,89.142199,22.260727
G_01381,31,31,1.0,Munshiganj,False,False,721250.0,2463250.0,89.147048,22.260663
G_01382,31,32,1.0,Munshiganj,False,False,721750.0,2463250.0,89.151898,22.260598
G_01383,31,33,1.0,Munshiganj,False,False,722250.0,2463250.0,89.156747,22.260534
G_01384,31,34,1.0,Munshiganj,False,False,722750.0,2463250.0,89.161596,22.26047
G_01385,31,35,1.0,Munshiganj,False,False,723250.0,2463250.0,89.166446,22.260405
G_01386,31,36,1.0,Munshiganj,False,False,723750.0,2463250.0,89.171295,22.26034
G_01387,31,37,1.0,Munshiganj,False,False,724250.0,2463250.0,89.176145,22.260275
G_01388,31,38,1.0,Munshiganj,False,False,724750.0,2463250.0,89.180994,22.26021
G_01389,31,39,1.0,Munshiganj,False,False,725250.0,2463250.0,89.185843,22.260145
G_01390,31,40,1.0,Munshiganj,False,False,725750.0,2463250.0,89.190693,22.26008
G_01391,31,41,1.0,Satkhira Range,True,False,726250.0,2463250.0,89.195542,22.260014
G_01392,31,42,1.0,Satkhira Range,True,False,726750.0,2463250.0,89.200391,22.259949
G_01393,31,43,1.0,Satkhira Range,True,False,727250.0,2463250.0,89.205241,22.259883
G_01394,31,44,1.0,Satkhira Range,True,False,727750.0,2463250.0,89.21009,22.259817
G_01395,31,45,1.0,Satkhira Range,True,False,728250.0,2463250.0,89.214939,22.259751
G_01396,31,46,1.0,Buri Goalini,False,False,728750.0,2463250.0,89.219788,22.259685
G_01397,31,47,1.0,Buri Goalini,False,False,729250.0,2463250.0,89.224637,22.259618
G_01398,31,48,1.0,Buri Goalini,False,False,729750.0,2463250.0,89.229487,22.259552
G_01399,31,49,1.0,Buri Goalini,False,False,730250.0,2463250.0,89.234336,22.259485
G_01400,31,50,1.0,Buri Goalini,False,False,730750.0,2463250.0,89.239185,22.259418
G_01401,31,51,1.0,Buri Goalini,False,False,731250.0,2463250.0,89.244034,22.259351
G_01402,31,52,1.0,Gabura,False,True,731750.0,2463250.0,89.248883,22.259284
G_01403,31,53,1.0,Gabura,False,True,732250.0,2463250.0,89.253732,22.259217
G_01404,31,54,1.0,Gabura,False,True,732750.0,2463250.0,89.258581,22.25915
G_01405,31,55,1.0,Gabura,False,True,733250.0,2463250.0,89.26343,22.259082
G_01406,31,56,1.0,Gabura,False,True,733750.0,2463250.0,89.268279,22.259015
G_01407,31,57,1.0,Gabura,False,True,734250.0,2463250.0,89.273128,22.258947
G_01408,31,58,1.0,Gabura,False,True,734750.0,2463250.0,89.277977,22.258879
G_01409,31,59,1.0,Gabura,False,True,735250.0,2463250.0,89.282826,22.258811
G_01410,31,60,1.0,Gabura,False,True,735750.0,2463250.0,89.287675,22.258743
G_01411,31,61,0.48485005531813524,Gabura,False,True,736250.0,2463250.0,89.292524,22.258674
G_01412,32,4,0.6944828844442748,Kaikhali,False,False,707750.0,2462750.0,89.016041,22.257826
G_01413,32,5,0.9665520616486344,Kaikhali,False,False,708250.0,2462750.0,89.020891,22.257766
G_01414,32,6,0.42692501647779535,Kaikhali,False,False,708750.0,2462750.0,89.025741,22.257706
G_01415,32,8,0.6845876849015343,Kaikhali,False,False,709750.0,2462750.0,89.03544,22.257585
G_01416,32,9,1.0,Kaikhali,False,False,710250.0,2462750.0,89.04029,22.257524
G_01417,32,10,1.0,Kaikhali,False,False,710750.0,2462750.0,89.04514,22.257463
G_01418,32,11,1.0,Kaikhali,False,False,711250.0,2462750.0,89.049989,22.257402
G_01419,32,12,1.0,Ramjan Nagar,False,False,711750.0,2462750.0,89.054839,22.25734
G_01420,32,13,1.0,Ramjan Nagar,False,False,712250.0,2462750.0,89.059689,22.257279
G_01421,32,14,1.0,Ramjan Nagar,False,False,712750.0,2462750.0,89.064538,22.257217
G_01422,32,15,1.0,Ramjan Nagar,False,False,713250.0,2462750.0,89.069388,22.257156
G_01423,32,16,1.0,Ramjan Nagar,False,False,713750.0,2462750.0,89.074237,22.257094
G_01424,32,17,1.0,Ramjan Nagar,False,False,714250.0,2462750.0,89.079087,22.257032
G_01425,32,18,1.0,Ramjan Nagar,False,False,714750.0,2462750.0,89.083937,22.25697
G_01426,32,19,1.0,Ramjan Nagar,False,False,715250.0,2462750.0,89.088786,22.256907
G_01427,32,20,1.0,Ishwaripur,False,False,715750.0,2462750.0,89.093636,22.256845
G_01428,32,21,1.0,Ishwaripur,False,False,716250.0,2462750.0,89.098485,22.256782
G_01429,32,22,1.0,Ishwaripur,False,False,716750.0,2462750.0,89.103335,22.25672
G_01430,32,23,1.0,Ishwaripur,False,False,717250.0,2462750.0,89.108184,22.256657
G_01431,32,24,1.0,Ishwaripur,False,False,717750.0,2462750.0,89.113034,22.256594
G_01432,32,25,1.0,Ishwaripur,False,False,718250.0,2462750.0,89.117883,22.256531
G_01433,32,26,1.0,Ishwaripur,False,False,718750.0,2462750.0,89.122732,22.256467
G_01434,32,27,1.0,Ishwaripur,False,False,719250.0,2462750.0,89.127582,22.256404
G_01435,32,28,1.0,Ishwaripur,False,False,719750.0,2462750.0,89.132431,22.25634
G_01436,32,29,1.0,Ishwaripur,False,False,720250.0,2462750.0,89.137281,22.256277
G_01437,32,30,1.0,Ishwaripur,False,False,720750.0,2462750.0,89.14213,22.256213
G_01438,32,31,1.0,Ishwaripur,False,False,721250.0,2462750.0,89.146979,22.256149
G_01439,32,32,1.0,Munshiganj,False,False,721750.0,2462750.0,89.151829,22.256084
G_01440,32,33,1.0,Munshiganj,False,False,722250.0,2462750.0,89.156678,22.25602
G_01441,32,34,1.0,Munshiganj,False,False,722750.0,2462750.0,89.161527,22.255956
G_01442,32,35,1.0,Munshiganj,False,False,723250.0,2462750.0,89.166376,22.255891
G_01443,32,36,1.0,Munshiganj,False,False,723750.0,2462750.0,89.171226,22.255826
G_01444,32,37,1.0,Munshiganj,False,False,724250.0,2462750.0,89.176075,22.255761
G_01445,32,38,1.0,Munshiganj,False,False,724750.0,2462750.0,89.180924,22.255696
G_01446,32,39,1.0,Munshiganj,False,False,725250.0,2462750.0,89.185773,22.255631
G_01447,32,40,1.0,Munshiganj,False,False,725750.0,2462750.0,89.190622,22.255566
G_01448,32,41,1.0,Satkhira Range,True,False,726250.0,2462750.0,89.195472,22.2555
G_01449,32,42,1.0,Satkhira Range,True,False,726750.0,2462750.0,89.200321,22.255435
G_01450,32,43,1.0,Satkhira Range,True,False,727250.0,2462750.0,89.20517,22.255369
G_01451,32,44,1.0,Buri Goalini,False,False,727750.0,2462750.0,89.210019,22.255303
G_01452,32,45,1.0,Buri Goalini,False,False,728250.0,2462750.0,89.214868,22.255237
G_01453,32,46,1.0,Buri Goalini,False,False,728750.0,2462750.0,89.219717,22.255171
G_01454,32,47,1.0,Buri Goalini,False,False,729250.0,2462750.0,89.224566,22.255105
G_01455,32,48,1.0,Buri Goalini,False,False,729750.0,2462750.0,89.229415,22.255038
G_01456,32,49,1.0,Buri Goalini,False,False,730250.0,2462750.0,89.234264,22.254972
G_01457,32,50,1.0,Buri Goalini,False,False,730750.0,2462750.0,89.239113,22.254905
G_01458,32,51,1.0,Buri Goalini,False,False,731250.0,2462750.0,89.243962,22.254838
G_01459,32,52,1.0,Gabura,False,True,731750.0,2462750.0,89.248811,22.254771
G_01460,32,53,1.0,Gabura,False,True,732250.0,2462750.0,89.25366,22.254704
G_01461,32,54,1.0,Gabura,False,True,732750.0,2462750.0,89.258509,22.254636
G_01462,32,55,1.0,Gabura,False,True,733250.0,2462750.0,89.263358,22.254569
G_01463,32,56,1.0,Gabura,False,True,733750.0,2462750.0,89.268207,22.254501
G_01464,32,57,1.0,Gabura,False,True,734250.0,2462750.0,89.273056,22.254433
G_01465,32,58,1.0,Gabura,False,True,734750.0,2462750.0,89.277904,22.254365
G_01466,32,59,1.0,Gabura,False,True,735250.0,2462750.0,89.282753,22.254297
G_01467,32,60,1.0,Gabura,False,True,735750.0,2462750.0,89.287602,22.254229
G_01468,32,61,0.25533955108629774,Gabura,False,True,736250.0,2462750.0,89.292451,22.254161
G_01469,33,4,0.29135590394813027,Kaikhali,False,False,707750.0,2462250.0,89.015977,22.253312
G_01470,33,5,0.13411104646313798,Kaikhali,False,False,708250.0,2462250.0,89.020826,22.253252
G_01471,33,8,0.3730459511256052,Kaikhali,False,False,709750.0,2462250.0,89.035375,22.25307
G_01472,33,9,1.0,Kaikhali,False,False,710250.0,2462250.0,89.040225,22.253009
G_01473,33,10,1.0,Kaikhali,False,False,710750.0,2462250.0,89.045074,22.252948
G_01474,33,11,1.0,Kaikhali,False,False,711250.0,2462250.0,89.049924,22.252887
G_01475,33,12,1.0,Kaikhali,False,False,711750.0,2462250.0,89.054773,22.252826
G_01476,33,13,1.0,Ramjan Nagar,False,False,712250.0,2462250.0,89.059623,22.252765
G_01477,33,14,1.0,Ramjan Nagar,False,False,712750.0,2462250.0,89.064472,22.252703
G_01478,33,15,1.0,Ramjan Nagar,False,False,713250.0,2462250.0,89.069322,22.252641
G_01479,33,16,1.0,Ramjan Nagar,False,False,713750.0,2462250.0,89.074171,22.25258
G_01480,33,17,1.0,Ramjan Nagar,False,False,714250.0,2462250.0,89.07902,22.252518
G_01481,33,18,1.0,Ramjan Nagar,False,False,714750.0,2462250.0,89.08387,22.252455
G_01482,33,19,1.0,Ramjan Nagar,False,False,715250.0,2462250.0,89.088719,22.252393
G_01483,33,20,1.0,Ishwaripur,False,False,715750.0,2462250.0,89.093569,22.252331
G_01484,33,21,1.0,Ishwaripur,False,False,716250.0,2462250.0,89.098418,22.252268
G_01485,33,22,1.0,Ishwaripur,False,False,716750.0,2462250.0,89.103267,22.252206
G_01486,33,23,1.0,Ishwaripur,False,False,717250.0,2462250.0,89.108117,22.252143
G_01487,33,24,1.0,Munshiganj,False,False,717750.0,2462250.0,89.112966,22.25208
G_01488,33,25,1.0,Ishwaripur,False,False,718250.0,2462250.0,89.117815,22.252017
G_01489,33,26,1.0,Ishwaripur,False,False,718750.0,2462250.0,89.122664,22.251953
G_01490,33,27,1.0,Ishwaripur,False,False,719250.0,2462250.0,89.127514,22.25189
G_01491,33,28,1.0,Ishwaripur,False,False,719750.0,2462250.0,89.132363,22.251826
G_01492,33,29,1.0,Ishwaripur,False,False,720250.0,2462250.0,89.137212,22.251763
G_01493,33,30,1.0,Ishwaripur,False,False,720750.0,2462250.0,89.142061,22.251699
G_01494,33,31,1.0,Munshiganj,False,False,721250.0,2462250.0,89.14691,22.251635
G_01495,33,32,1.0,Munshiganj,False,False,721750.0,2462250.0,89.15176,22.251571
G_01496,33,33,1.0,Munshiganj,False,False,722250.0,2462250.0,89.156609,22.251506
G_01497,33,34,1.0,Munshiganj,False,False,722750.0,2462250.0,89.161458,22.251442
G_01498,33,35,1.0,Munshiganj,False,False,723250.0,2462250.0,89.166307,22.251377
G_01499,33,36,1.0,Munshiganj,False,False,723750.0,2462250.0,89.171156,22.251312
G_01500,33,37,1.0,Munshiganj,False,False,724250.0,2462250.0,89.176005,22.251248
G_01501,33,38,1.0,Munshiganj,False,False,724750.0,2462250.0,89.180854,22.251183
G_01502,33,39,1.0,Munshiganj,False,False,725250.0,2462250.0,89.185703,22.251117
G_01503,33,40,1.0,Munshiganj,False,False,725750.0,2462250.0,89.190552,22.251052
G_01504,33,41,1.0,Satkhira Range,True,False,726250.0,2462250.0,89.195401,22.250987
G_01505,33,42,1.0,Satkhira Range,True,False,726750.0,2462250.0,89.20025,22.250921
G_01506,33,43,1.0,Satkhira Range,True,False,727250.0,2462250.0,89.205099,22.250855
G_01507,33,44,1.0,Satkhira Range,True,False,727750.0,2462250.0,89.209948,22.250789
G_01508,33,45,1.0,Satkhira Range,True,False,728250.0,2462250.0,89.214797,22.250723
G_01509,33,46,1.0,Satkhira Range,True,False,728750.0,2462250.0,89.219646,22.250657
G_01510,33,47,1.0,Satkhira Range,True,False,729250.0,2462250.0,89.224495,22.250591
G_01511,33,48,1.0,Satkhira Range,True,False,729750.0,2462250.0,89.229344,22.250524
G_01512,33,49,1.0,Buri Goalini,False,False,730250.0,2462250.0,89.234193,22.250458
G_01513,33,50,1.0,Buri Goalini,False,False,730750.0,2462250.0,89.239041,22.250391
G_01514,33,51,1.0,Buri Goalini,False,False,731250.0,2462250.0,89.24389,22.250324
G_01515,33,52,1.0,Gabura,False,True,731750.0,2462250.0,89.248739,22.250257
G_01516,33,53,1.0,Gabura,False,True,732250.0,2462250.0,89.253588,22.25019
G_01517,33,54,1.0,Gabura,False,True,732750.0,2462250.0,89.258437,22.250123
G_01518,33,55,1.0,Gabura,False,True,733250.0,2462250.0,89.263285,22.250055
G_01519,33,56,1.0,Gabura,False,True,733750.0,2462250.0,89.268134,22.249988
G_01520,33,57,1.0,Gabura,False,True,734250.0,2462250.0,89.272983,22.24992
G_01521,33,58,1.0,Gabura,False,True,734750.0,2462250.0,89.277831,22.249852
G_01522,33,59,1.0,Gabura,False,True,735250.0,2462250.0,89.28268,22.249784
G_01523,33,60,1.0,Gabura,False,True,735750.0,2462250.0,89.287529,22.249716
G_01524,33,61,0.6895186235454696,Gabura,False,True,736250.0,2462250.0,89.292377,22.249647
G_01525,34,8,0.4294239172622241,Kaikhali,False,False,709750.0,2461750.0,89.03531,22.248556
G_01526,34,9,1.0,Kaikhali,False,False,710250.0,2461750.0,89.040159,22.248495
G_01527,34,10,1.0,Kaikhali,False,False,710750.0,2461750.0,89.045008,22.248434
G_01528,34,11,1.0,Kaikhali,False,False,711250.0,2461750.0,89.049858,22.248373
G_01529,34,12,1.0,Kaikhali,False,False,711750.0,2461750.0,89.054707,22.248312
G_01530,34,13,1.0,Kaikhali,False,False,712250.0,2461750.0,89.059557,22.24825
G_01531,34,14,1.0,Ramjan Nagar,False,False,712750.0,2461750.0,89.064406,22.248189
G_01532,34,15,1.0,Ramjan Nagar,False,False,713250.0,2461750.0,89.069255,22.248127
G_01533,34,16,1.0,Ramjan Nagar,False,False,713750.0,2461750.0,89.074104,22.248065
G_01534,34,17,1.0,Ramjan Nagar,False,False,714250.0,2461750.0,89.078954,22.248003
G_01535,34,18,1.0,Ramjan Nagar,False,False,714750.0,2461750.0,89.083803,22.247941
G_01536,34,19,1.0,Ramjan Nagar,False,False,715250.0,2461750.0,89.088652,22.247879
G_01537,34,20,1.0,Ramjan Nagar,False,False,715750.0,2461750.0,89.093501,22.247817
G_01538,34,21,1.0,Ramjan Nagar,False,False,716250.0,2461750.0,89.098351,22.247754
G_01539,34,22,1.0,Ramjan Nagar,False,False,716750.0,2461750.0,89.1032,22.247691
G_01540,34,23,1.0,Ramjan Nagar,False,False,717250.0,2461750.0,89.108049,22.247629
G_01541,34,24,1.0,Munshiganj,False,False,717750.0,2461750.0,89.112898,22.247566
G_01542,34,25,1.0,Ishwaripur,False,False,718250.0,2461750.0,89.117747,22.247502
G_01543,34,26,1.0,Ishwaripur,False,False,718750.0,2461750.0,89.122596,22.247439
G_01544,34,27,1.0,Ishwaripur,False,False,719250.0,2461750.0,89.127445,22.247376
G_01545,34,28,1.0,Ishwaripur,False,False,719750.0,2461750.0,89.132294,22.247312
G_01546,34,29,1.0,Ishwaripur,False,False,720250.0,2461750.0,89.137144,22.247249
G_01547,34,30,1.0,Munshiganj,False,False,720750.0,2461750.0,89.141993,22.247185
G_01548,34,31,1.0,Munshiganj,False,False,721250.0,2461750.0,89.146842,22.247121
G_01549,34,32,1.0,Munshiganj,False,False,721750.0,2461750.0,89.151691,22.247057
G_01550,34,33,1.0,Munshiganj,False,False,722250.0,2461750.0,89.15654,22.246992
G_01551,34,34,1.0,Munshiganj,False,False,722750.0,2461750.0,89.161389,22.246928
G_01552,34,35,1.0,Munshiganj,False,False,723250.0,2461750.0,89.166237,22.246863
G_01553,34,36,1.0,Munshiganj,False,False,723750.0,2461750.0,89.171086,22.246799
G_01554,34,37,1.0,Munshiganj,False,False,724250.0,2461750.0,89.175935,22.246734
G_01555,34,38,1.0,Munshiganj,False,False,724750.0,2461750.0,89.180784,22.246669
G_01556,34,39,1.0,Munshiganj,False,False,725250.0,2461750.0,89.185633,22.246604
G_01557,34,40,1.0,Munshiganj,False,False,725750.0,2461750.0,89.190482,22.246538
G_01558,34,41,1.0,Munshiganj,False,False,726250.0,2461750.0,89.195331,22.246473
G_01559,34,42,1.0,Satkhira Range,True,False,726750.0,2461750.0,89.20018,22.246407
G_01560,34,43,1.0,Satkhira Range,True,False,727250.0,2461750.0,89.205028,22.246342
G_01561,34,44,1.0,Satkhira Range,True,False,727750.0,2461750.0,89.209877,22.246276
G_01562,34,45,1.0,Satkhira Range,True,False,728250.0,2461750.0,89.214726,22.24621
G_01563,34,46,1.0,Satkhira Range,True,False,728750.0,2461750.0,89.219575,22.246143
G_01564,34,47,1.0,Satkhira Range,True,False,729250.0,2461750.0,89.224423,22.246077
G_01565,34,48,1.0,Satkhira Range,True,False,729750.0,2461750.0,89.229272,22.246011
G_01566,34,49,1.0,Satkhira Range,True,False,730250.0,2461750.0,89.234121,22.245944
G_01567,34,50,1.0,Satkhira Range,True,False,730750.0,2461750.0,89.23897,22.245877
G_01568,34,51,1.0,Satkhira Range,True,False,731250.0,2461750.0,89.243818,22.24581
G_01569,34,52,1.0,Gabura,False,True,731750.0,2461750.0,89.248667,22.245743
G_01570,34,53,1.0,Gabura,False,True,732250.0,2461750.0,89.253516,22.245676
G_01571,34,54,1.0,Gabura,False,True,732750.0,2461750.0,89.258364,22.245609
G_01572,34,55,1.0,Gabura,False,True,733250.0,2461750.0,89.263213,22.245542
G_01573,34,56,1.0,Gabura,False,True,733750.0,2461750.0,89.268061,22.245474
G_01574,34,57,1.0,Gabura,False,True,734250.0,2461750.0,89.27291,22.245406
G_01575,34,58,1.0,Gabura,False,True,734750.0,2461750.0,89.277758,22.245338
G_01576,34,59,1.0,Gabura,False,True,735250.0,2461750.0,89.282607,22.24527
G_01577,34,60,1.0,Gabura,False,True,735750.0,2461750.0,89.287455,22.245202
G_01578,34,61,1.0,Gabura,False,True,736250.0,2461750.0,89.292304,22.245134
G_01579,34,62,0.7462971664575111,Gabura,False,True,736750.0,2461750.0,89.297152,22.245065
G_01580,35,8,0.3424970294278053,Kaikhali,False,False,709750.0,2461250.0,89.035244,22.244042
G_01581,35,9,1.0,Kaikhali,False,False,710250.0,2461250.0,89.040094,22.243981
G_01582,35,10,1.0,Kaikhali,False,False,710750.0,2461250.0,89.044943,22.24392
G_01583,35,11,1.0,Kaikhali,False,False,711250.0,2461250.0,89.049792,22.243859
G_01584,35,12,1.0,Kaikhali,False,False,711750.0,2461250.0,89.054641,22.243798
G_01585,35,13,1.0,Kaikhali,False,False,712250.0,2461250.0,89.059491,22.243736
G_01586,35,14,1.0,Kaikhali,False,False,712750.0,2461250.0,89.06434,22.243675
G_01587,35,15,1.0,Ramjan Nagar,False,False,713250.0,2461250.0,89.069189,22.243613
G_01588,35,16,1.0,Ramjan Nagar,False,False,713750.0,2461250.0,89.074038,22.243551
G_01589,35,17,1.0,Ramjan Nagar,False,False,714250.0,2461250.0,89.078887,22.243489
G_01590,35,18,1.0,Ramjan Nagar,False,False,714750.0,2461250.0,89.083736,22.243427
G_01591,35,19,1.0,Ramjan Nagar,False,False,715250.0,2461250.0,89.088585,22.243365
G_01592,35,20,1.0,Ramjan Nagar,False,False,715750.0,2461250.0,89.093434,22.243303
G_01593,35,21,1.0,Ramjan Nagar,False,False,716250.0,2461250.0,89.098283,22.24324
G_01594,35,22,1.0,Ramjan Nagar,False,False,716750.0,2461250.0,89.103132,22.243177
G_01595,35,23,1.0,Ramjan Nagar,False,False,717250.0,2461250.0,89.107981,22.243115
G_01596,35,24,1.0,Munshiganj,False,False,717750.0,2461250.0,89.11283,22.243052
G_01597,35,25,1.0,Munshiganj,False,False,718250.0,2461250.0,89.117679,22.242988
G_01598,35,26,1.0,Ishwaripur,False,False,718750.0,2461250.0,89.122528,22.242925
G_01599,35,27,1.0,Ishwaripur,False,False,719250.0,2461250.0,89.127377,22.242862
G_01600,35,28,1.0,Ishwaripur,False,False,719750.0,2461250.0,89.132226,22.242798
G_01601,35,29,1.0,Munshiganj,False,False,720250.0,2461250.0,89.137075,22.242735
G_01602,35,30,1.0,Munshiganj,False,False,720750.0,2461250.0,89.141924,22.242671
G_01603,35,31,1.0,Munshiganj,False,False,721250.0,2461250.0,89.146773,22.242607
G_01604,35,32,1.0,Munshiganj,False,False,721750.0,2461250.0,89.151622,22.242543
G_01605,35,33,1.0,Munshiganj,False,False,722250.0,2461250.0,89.15647,22.242478
G_01606,35,34,1.0,Munshiganj,False,False,722750.0,2461250.0,89.161319,22.242414
G_01607,35,35,1.0,Munshiganj,False,False,723250.0,2461250.0,89.166168,22.242349
G_01608,35,36,1.0,Munshiganj,False,False,723750.0,2461250.0,89.171017,22.242285
G_01609,35,37,1.0,Munshiganj,False,False,724250.0,2461250.0,89.175866,22.24222
G_01610,35,38,1.0,Munshiganj,False,False,724750.0,2461250.0,89.180714,22.242155
G_01611,35,39,1.0,Munshiganj,False,False,725250.0,2461250.0,89.185563,22.24209
G_01612,35,40,1.0,Munshiganj,False,False,725750.0,2461250.0,89.190412,22.242024
G_01613,35,41,1.0,Munshiganj,False,False,726250.0,2461250.0,89.19526,22.241959
G_01614,35,42,1.0,Satkhira Range,True,False,726750.0,2461250.0,89.200109,22.241893
G_01615,35,43,1.0,Satkhira Range,True,False,727250.0,2461250.0,89.204958,22.241828
G_01616,35,44,1.0,Satkhira Range,True,False,727750.0,2461250.0,89.209806,22.241762
G_01617,35,45,1.0,Satkhira Range,True,False,728250.0,2461250.0,89.214655,22.241696
G_01618,35,46,1.0,Satkhira Range,True,False,728750.0,2461250.0,89.219504,22.24163
G_01619,35,47,1.0,Satkhira Range,True,False,729250.0,2461250.0,89.224352,22.241563
G_01620,35,48,1.0,Satkhira Range,True,False,729750.0,2461250.0,89.229201,22.241497
G_01621,35,49,1.0,Satkhira Range,True,False,730250.0,2461250.0,89.234049,22.24143
G_01622,35,50,1.0,Satkhira Range,True,False,730750.0,2461250.0,89.238898,22.241364
G_01623,35,51,1.0,Satkhira Range,True,False,731250.0,2461250.0,89.243746,22.241297
G_01624,35,52,1.0,Gabura,False,True,731750.0,2461250.0,89.248595,22.24123
G_01625,35,53,1.0,Gabura,False,True,732250.0,2461250.0,89.253443,22.241163
G_01626,35,54,1.0,Gabura,False,True,732750.0,2461250.0,89.258292,22.241095
G_01627,35,55,1.0,Gabura,False,True,733250.0,2461250.0,89.26314,22.241028
G_01628,35,56,1.0,Gabura,False,True,733750.0,2461250.0,89.267989,22.24096
G_01629,35,57,1.0,Gabura,False,True,734250.0,2461250.0,89.272837,22.240893
G_01630,35,58,1.0,Gabura,False,True,734750.0,2461250.0,89.277685,22.240825
G_01631,35,59,1.0,Gabura,False,True,735250.0,2461250.0,89.282534,22.240757
G_01632,35,60,1.0,Gabura,False,True,735750.0,2461250.0,89.287382,22.240689
G_01633,35,61,1.0,Gabura,False,True,736250.0,2461250.0,89.29223,22.24062
G_01634,35,62,1.0,Gabura,False,True,736750.0,2461250.0,89.297079,22.240552
G_01635,35,63,0.6876450911561364,Gabura,False,True,737250.0,2461250.0,89.301927,22.240483
G_01636,36,8,0.1771779255124841,Kaikhali,False,False,709750.0,2460750.0,89.035179,22.239527
G_01637,36,9,1.0,Kaikhali,False,False,710250.0,2460750.0,89.040028,22.239467
G_01638,36,10,1.0,Kaikhali,False,False,710750.0,2460750.0,89.044877,22.239406
G_01639,36,11,1.0,Kaikhali,False,False,711250.0,2460750.0,89.049726,22.239345
G_01640,36,12,1.0,Kaikhali,False,False,711750.0,2460750.0,89.054576,22.239283
G_01641,36,13,1.0,Kaikhali,False,False,712250.0,2460750.0,89.059425,22.239222
G_01642,36,14,1.0,Kaikhali,False,False,712750.0,2460750.0,89.064274,22.239161
G_01643,36,15,1.0,Kaikhali,False,False,713250.0,2460750.0,89.069123,22.239099
G_01644,36,16,1.0,Ramjan Nagar,False,False,713750.0,2460750.0,89.073971,22.239037
G_01645,36,17,1.0,Ramjan Nagar,False,False,714250.0,2460750.0,89.07882,22.238975
G_01646,36,18,1.0,Ramjan Nagar,False,False,714750.0,2460750.0,89.083669,22.238913
G_01647,36,19,1.0,Ramjan Nagar,False,False,715250.0,2460750.0,89.088518,22.238851
G_01648,36,20,1.0,Ramjan Nagar,False,False,715750.0,2460750.0,89.093367,22.238788
G_01649,36,21,1.0,Ramjan Nagar,False,False,716250.0,2460750.0,89.098216,22.238726
G_01650,36,22,1.0,Ramjan Nagar,False,False,716750.0,2460750.0,89.103065,22.238663
G_01651,36,23,1.0,Munshiganj,False,False,717250.0,2460750.0,89.107914,22.2386
G_01652,36,24,1.0,Munshiganj,False,False,717750.0,2460750.0,89.112763,22.238537
G_01653,36,25,1.0,Munshiganj,False,False,718250.0,2460750.0,89.117611,22.238474
G_01654,36,26,1.0,Ishwaripur,False,False,718750.0,2460750.0,89.12246,22.238411
G_01655,36,27,1.0,Munshiganj,False,False,719250.0,2460750.0,89.127309,22.238348
G_01656,36,28,1.0,Munshiganj,False,False,719750.0,2460750.0,89.132158,22.238284
G_01657,36,29,1.0,Munshiganj,False,False,720250.0,2460750.0,89.137007,22.238221
G_01658,36,30,1.0,Munshiganj,False,False,720750.0,2460750.0,89.141855,22.238157
G_01659,36,31,1.0,Munshiganj,False,False,721250.0,2460750.0,89.146704,22.238093
G_01660,36,32,1.0,Munshiganj,False,False,721750.0,2460750.0,89.151553,22.238029
G_01661,36,33,1.0,Munshiganj,False,False,722250.0,2460750.0,89.156401,22.237964
G_01662,36,34,1.0,Munshiganj,False,False,722750.0,2460750.0,89.16125,22.2379
G_01663,36,35,1.0,Munshiganj,False,False,723250.0,2460750.0,89.166099,22.237835
G_01664,36,36,1.0,Munshiganj,False,False,723750.0,2460750.0,89.170947,22.237771
G_01665,36,37,1.0,Munshiganj,False,False,724250.0,2460750.0,89.175796,22.237706
G_01666,36,38,1.0,Munshiganj,False,False,724750.0,2460750.0,89.180644,22.237641
G_01667,36,39,1.0,Munshiganj,False,False,725250.0,2460750.0,89.185493,22.237576
G_01668,36,40,1.0,Munshiganj,False,False,725750.0,2460750.0,89.190342,22.237511
G_01669,36,41,1.0,Munshiganj,False,False,726250.0,2460750.0,89.19519,22.237445
G_01670,36,42,1.0,Satkhira Range,True,False,726750.0,2460750.0,89.200039,22.23738
G_01671,36,43,1.0,Satkhira Range,True,False,727250.0,2460750.0,89.204887,22.237314
G_01672,36,44,1.0,Satkhira Range,True,False,727750.0,2460750.0,89.209736,22.237248
G_01673,36,45,1.0,Satkhira Range,True,False,728250.0,2460750.0,89.214584,22.237182
G_01674,36,46,1.0,Satkhira Range,True,False,728750.0,2460750.0,89.219432,22.237116
G_01675,36,47,1.0,Satkhira Range,True,False,729250.0,2460750.0,89.224281,22.23705
G_01676,36,48,1.0,Satkhira Range,True,False,729750.0,2460750.0,89.229129,22.236983
G_01677,36,49,1.0,Satkhira Range,True,False,730250.0,2460750.0,89.233978,22.236917
G_01678,36,50,1.0,Satkhira Range,True,False,730750.0,2460750.0,89.238826,22.23685
G_01679,36,51,1.0,Satkhira Range,True,False,731250.0,2460750.0,89.243674,22.236783
G_01680,36,52,1.0,Gabura,False,True,731750.0,2460750.0,89.248523,22.236716
G_01681,36,53,1.0,Gabura,False,True,732250.0,2460750.0,89.253371,22.236649
G_01682,36,54,1.0,Gabura,False,True,732750.0,2460750.0,89.258219,22.236582
G_01683,36,55,1.0,Gabura,False,True,733250.0,2460750.0,89.263068,22.236514
G_01684,36,56,1.0,Gabura,False,True,733750.0,2460750.0,89.267916,22.236447
G_01685,36,57,1.0,Gabura,False,True,734250.0,2460750.0,89.272764,22.236379
G_01686,36,58,1.0,Gabura,False,True,734750.0,2460750.0,89.277612,22.236311
G_01687,36,59,1.0,Gabura,False,True,735250.0,2460750.0,89.282461,22.236243
G_01688,36,60,1.0,Gabura,False,True,735750.0,2460750.0,89.287309,22.236175
G_01689,36,61,1.0,Gabura,False,True,736250.0,2460750.0,89.292157,22.236107
G_01690,36,62,1.0,Gabura,False,True,736750.0,2460750.0,89.297005,22.236038
G_01691,36,63,1.0,Gabura,False,True,737250.0,2460750.0,89.301853,22.23597
G_01692,36,64,0.7401434519169268,Gabura,False,True,737750.0,2460750.0,89.306701,22.235901
G_01693,37,9,0.9682500164324033,Kaikhali,False,False,710250.0,2460250.0,89.039963,22.234952
G_01694,37,10,1.0,Kaikhali,False,False,710750.0,2460250.0,89.044812,22.234891
G_01695,37,11,1.0,Kaikhali,False,False,711250.0,2460250.0,89.049661,22.23483
G_01696,37,12,1.0,Kaikhali,False,False,711750.0,2460250.0,89.05451,22.234769
G_01697,37,13,1.0,Kaikhali,False,False,712250.0,2460250.0,89.059359,22.234708
G_01698,37,14,1.0,Kaikhali,False,False,712750.0,2460250.0,89.064207,22.234646
G_01699,37,15,1.0,Kaikhali,False,False,713250.0,2460250.0,89.069056,22.234585
G_01700,37,16,1.0,Kaikhali,False,False,713750.0,2460250.0,89.073905,22.234523
G_01701,37,17,1.0,Kaikhali,False,False,714250.0,2460250.0,89.078754,22.234461
G_01702,37,18,1.0,Kaikhali,False,False,714750.0,2460250.0,89.083603,22.234399
G_01703,37,19,1.0,Ramjan Nagar,False,False,715250.0,2460250.0,89.088451,22.234337
G_01704,37,20,1.0,Ramjan Nagar,False,False,715750.0,2460250.0,89.0933,22.234274
G_01705,37,21,1.0,Ramjan Nagar,False,False,716250.0,2460250.0,89.098149,22.234212
G_01706,37,22,1.0,Ramjan Nagar,False,False,716750.0,2460250.0,89.102998,22.234149
G_01707,37,23,1.0,Ramjan Nagar,False,False,717250.0,2460250.0,89.107846,22.234086
G_01708,37,24,1.0,Munshiganj,False,False,717750.0,2460250.0,89.112695,22.234023
G_01709,37,25,1.0,Munshiganj,False,False,718250.0,2460250.0,89.117544,22.23396
G_01710,37,26,1.0,Munshiganj,False,False,718750.0,2460250.0,89.122392,22.233897
G_01711,37,27,1.0,Munshiganj,False,False,719250.0,2460250.0,89.127241,22.233834
G_01712,37,28,1.0,Munshiganj,False,False,719750.0,2460250.0,89.132089,22.23377
G_01713,37,29,1.0,Munshiganj,False,False,720250.0,2460250.0,89.136938,22.233707
G_01714,37,30,1.0,Munshiganj,False,False,720750.0,2460250.0,89.141787,22.233643
G_01715,37,31,1.0,Munshiganj,False,False,721250.0,2460250.0,89.146635,22.233579
G_01716,37,32,1.0,Munshiganj,False,False,721750.0,2460250.0,89.151484,22.233515
G_01717,37,33,1.0,Munshiganj,False,False,722250.0,2460250.0,89.156332,22.23345
G_01718,37,34,1.0,Munshiganj,False,False,722750.0,2460250.0,89.161181,22.233386
G_01719,37,35,1.0,Munshiganj,False,False,723250.0,2460250.0,89.166029,22.233322
G_01720,37,36,1.0,Munshiganj,False,False,723750.0,2460250.0,89.170878,22.233257
G_01721,37,37,1.0,Satkhira Range,True,False,724250.0,2460250.0,89.175726,22.233192
G_01722,37,38,0.9828510525759907,Munshiganj,False,False,724750.0,2460250.0,89.180575,22.233127
G_01723,37,39,0.9997287846280961,Satkhira Range,True,False,725250.0,2460250.0,89.185423,22.233062
G_01724,37,40,1.0,Satkhira Range,True,False,725750.0,2460250.0,89.190271,22.232997
G_01725,37,41,1.0,Satkhira Range,True,False,726250.0,2460250.0,89.19512,22.232931
G_01726,37,42,1.0,Satkhira Range,True,False,726750.0,2460250.0,89.199968,22.232866
G_01727,37,43,1.0,Satkhira Range,True,False,727250.0,2460250.0,89.204816,22.2328
G_01728,37,44,1.0,Satkhira Range,True,False,727750.0,2460250.0,89.209665,22.232734
G_01729,37,45,1.0,Satkhira Range,True,False,728250.0,2460250.0,89.214513,22.232668
G_01730,37,46,1.0,Satkhira Range,True,False,728750.0,2460250.0,89.219361,22.232602
G_01731,37,47,1.0,Satkhira Range,True,False,729250.0,2460250.0,89.22421,22.232536
G_01732,37,48,1.0,Satkhira Range,True,False,729750.0,2460250.0,89.229058,22.23247
G_01733,37,49,1.0,Satkhira Range,True,False,730250.0,2460250.0,89.233906,22.232403
G_01734,37,50,1.0,Satkhira Range,True,False,730750.0,2460250.0,89.238754,22.232336
G_01735,37,51,1.0,Satkhira Range,True,False,731250.0,2460250.0,89.243603,22.232269
G_01736,37,52,1.0,Gabura,False,True,731750.0,2460250.0,89.248451,22.232203
G_01737,37,53,1.0,Gabura,False,True,732250.0,2460250.0,89.253299,22.232135
G_01738,37,54,1.0,Gabura,False,True,732750.0,2460250.0,89.258147,22.232068
G_01739,37,55,1.0,Gabura,False,True,733250.0,2460250.0,89.262995,22.232001
G_01740,37,56,1.0,Gabura,False,True,733750.0,2460250.0,89.267843,22.231933
G_01741,37,57,1.0,Gabura,False,True,734250.0,2460250.0,89.272691,22.231865
G_01742,37,58,1.0,Gabura,False,True,734750.0,2460250.0,89.277539,22.231798
G_01743,37,59,1.0,Gabura,False,True,735250.0,2460250.0,89.282387,22.23173
G_01744,37,60,1.0,Gabura,False,True,735750.0,2460250.0,89.287235,22.231661
G_01745,37,61,1.0,Gabura,False,True,736250.0,2460250.0,89.292083,22.231593
G_01746,37,62,1.0,Gabura,False,True,736750.0,2460250.0,89.296931,22.231525
G_01747,37,63,1.0,Gabura,False,True,737250.0,2460250.0,89.301779,22.231456
G_01748,37,64,1.0,Gabura,False,True,737750.0,2460250.0,89.306627,22.231387
G_01749,37,65,0.41418230923269134,Gabura,False,True,738250.0,2460250.0,89.311475,22.231319
G_01750,38,9,0.6848401132538308,Kaikhali,False,False,710250.0,2459750.0,89.039898,22.230438
G_01751,38,10,1.0,Kaikhali,False,False,710750.0,2459750.0,89.044746,22.230377
G_01752,38,11,1.0,Kaikhali,False,False,711250.0,2459750.0,89.049595,22.230316
G_01753,38,12,1.0,Kaikhali,False,False,711750.0,2459750.0,89.054444,22.230255
G_01754,38,13,1.0,Kaikhali,False,False,712250.0,2459750.0,89.059293,22.230194
G_01755,38,14,1.0,Kaikhali,False,False,712750.0,2459750.0,89.064141,22.230132
G_01756,38,15,1.0,Kaikhali,False,False,713250.0,2459750.0,89.06899,22.23007
G_01757,38,16,1.0,Kaikhali,False,False,713750.0,2459750.0,89.073839,22.230009
G_01758,38,17,1.0,Kaikhali,False,False,714250.0,2459750.0,89.078687,22.229947
G_01759,38,18,1.0,Kaikhali,False,False,714750.0,2459750.0,89.083536,22.229885
G_01760,38,19,1.0,Kaikhali,False,False,715250.0,2459750.0,89.088384,22.229823
G_01761,38,20,1.0,Kaikhali,False,False,715750.0,2459750.0,89.093233,22.22976
G_01762,38,21,1.0,Ramjan Nagar,False,False,716250.0,2459750.0,89.098082,22.229698
G_01763,38,22,1.0,Ramjan Nagar,False,False,716750.0,2459750.0,89.10293,22.229635
G_01764,38,23,1.0,Munshiganj,False,False,717250.0,2459750.0,89.107779,22.229572
G_01765,38,24,1.0,Munshiganj,False,False,717750.0,2459750.0,89.112627,22.229509
G_01766,38,25,1.0,Munshiganj,False,False,718250.0,2459750.0,89.117476,22.229446
G_01767,38,26,1.0,Munshiganj,False,False,718750.0,2459750.0,89.122324,22.229383
G_01768,38,27,1.0,Munshiganj,False,False,719250.0,2459750.0,89.127173,22.22932
G_01769,38,28,1.0,Munshiganj,False,False,719750.0,2459750.0,89.132021,22.229256
G_01770,38,29,1.0,Munshiganj,False,False,720250.0,2459750.0,89.13687,22.229193
G_01771,38,30,1.0,Munshiganj,False,False,720750.0,2459750.0,89.141718,22.229129
G_01772,38,31,1.0,Munshiganj,False,False,721250.0,2459750.0,89.146566,22.229065
G_01773,38,32,1.0,Munshiganj,False,False,721750.0,2459750.0,89.151415,22.229001
G_01774,38,33,1.0,Munshiganj,False,False,722250.0,2459750.0,89.156263,22.228937
G_01775,38,34,1.0,Satkhira Range,True,False,722750.0,2459750.0,89.161112,22.228872
G_01776,38,35,1.0,Satkhira Range,True,False,723250.0,2459750.0,89.16596,22.228808
G_01777,38,36,1.0,Satkhira Range,True,False,723750.0,2459750.0,89.170808,22.228743
G_01778,38,37,1.0,Satkhira Range,True,False,724250.0,2459750.0,89.175656,22.228678
G_01779,38,38,0.8833356033572795,Satkhira Range,True,False,724750.0,2459750.0,89.180505,22.228613
G_01780,38,39,0.49283323067354,Satkhira Range,True,False,725250.0,2459750.0,89.185353,22.228548
G_01781,38,40,0.47356932000636537,Satkhira Range,True,False,725750.0,2459750.0,89.190201,22.228483
G_01782,38,41,0.8439709569973758,Satkhira Range,True,False,726250.0,2459750.0,89.195049,22.228418
G_01783,38,42,1.0,Satkhira Range,True,False,726750.0,2459750.0,89.199898,22.228352
G_01784,38,43,1.0,Satkhira Range,True,False,727250.0,2459750.0,89.204746,22.228286
G_01785,38,44,1.0,Satkhira Range,True,False,727750.0,2459750.0,89.209594,22.228221
G_01786,38,45,1.0,Satkhira Range,True,False,728250.0,2459750.0,89.214442,22.228155
G_01787,38,46,1.0,Satkhira Range,True,False,728750.0,2459750.0,89.21929,22.228088
G_01788,38,47,1.0,Satkhira Range,True,False,729250.0,2459750.0,89.224138,22.228022
G_01789,38,48,1.0,Satkhira Range,True,False,729750.0,2459750.0,89.228987,22.227956
G_01790,38,49,1.0,Satkhira Range,True,False,730250.0,2459750.0,89.233835,22.227889
G_01791,38,50,1.0,Satkhira Range,True,False,730750.0,2459750.0,89.238683,22.227823
G_01792,38,51,1.0,Satkhira Range,True,False,731250.0,2459750.0,89.243531,22.227756
G_01793,38,52,0.8460667792592858,Satkhira Range,True,False,731750.0,2459750.0,89.248379,22.227689
G_01794,38,53,0.9842064674410494,Gabura,False,True,732250.0,2459750.0,89.253227,22.227622
G_01795,38,54,1.0,Gabura,False,True,732750.0,2459750.0,89.258075,22.227554
G_01796,38,55,1.0,Gabura,False,True,733250.0,2459750.0,89.262923,22.227487
G_01797,38,56,1.0,Gabura,False,True,733750.0,2459750.0,89.267771,22.22742
G_01798,38,57,1.0,Gabura,False,True,734250.0,2459750.0,89.272619,22.227352
G_01799,38,58,1.0,Gabura,False,True,734750.0,2459750.0,89.277466,22.227284
G_01800,38,59,1.0,Gabura,False,True,735250.0,2459750.0,89.282314,22.227216
G_01801,38,60,1.0,Gabura,False,True,735750.0,2459750.0,89.287162,22.227148
G_01802,38,61,1.0,Gabura,False,True,736250.0,2459750.0,89.29201,22.22708
G_01803,38,62,1.0,Gabura,False,True,736750.0,2459750.0,89.296858,22.227011
G_01804,38,63,1.0,Gabura,False,True,737250.0,2459750.0,89.301706,22.226943
G_01805,38,64,0.9765289710126684,Gabura,False,True,737750.0,2459750.0,89.306554,22.226874
G_01806,38,65,0.16404781041368188,Gabura,False,True,738250.0,2459750.0,89.311401,22.226805
G_01807,39,9,0.1974334827341294,Kaikhali,False,False,710250.0,2459250.0,89.039832,22.225924
G_01808,39,10,0.9801293715588464,Kaikhali,False,False,710750.0,2459250.0,89.044681,22.225863
G_01809,39,11,1.0,Kaikhali,False,False,711250.0,2459250.0,89.049529,22.225802
G_01810,39,12,1.0,Kaikhali,False,False,711750.0,2459250.0,89.054378,22.225741
G_01811,39,13,1.0,Kaikhali,False,False,712250.0,2459250.0,89.059227,22.225679
G_01812,39,14,1.0,Kaikhali,False,False,712750.0,2459250.0,89.064075,22.225618
G_01813,39,15,1.0,Kaikhali,False,False,713250.0,2459250.0,89.068924,22.225556
G_01814,39,16,1.0,Kaikhali,False,False,713750.0,2459250.0,89.073772,22.225495
G_01815,39,17,1.0,Kaikhali,False,False,714250.0,2459250.0,89.078621,22.225433
G_01816,39,18,1.0,Kaikhali,False,False,714750.0,2459250.0,89.083469,22.225371
G_01817,39,19,1.0,Kaikhali,False,False,715250.0,2459250.0,89.088318,22.225308
G_01818,39,20,1.0,Kaikhali,False,False,715750.0,2459250.0,89.093166,22.225246
G_01819,39,21,1.0,Kaikhali,False,False,716250.0,2459250.0,89.098014,22.225184
G_01820,39,22,1.0,Ramjan Nagar,False,False,716750.0,2459250.0,89.102863,22.225121
G_01821,39,23,1.0,Ramjan Nagar,False,False,717250.0,2459250.0,89.107711,22.225058
G_01822,39,24,1.0,Munshiganj,False,False,717750.0,2459250.0,89.11256,22.224995
G_01823,39,25,1.0,Munshiganj,False,False,718250.0,2459250.0,89.117408,22.224932
G_01824,39,26,1.0,Munshiganj,False,False,718750.0,2459250.0,89.122256,22.224869
G_01825,39,27,1.0,Munshiganj,False,False,719250.0,2459250.0,89.127105,22.224806
G_01826,39,28,1.0,Munshiganj,False,False,719750.0,2459250.0,89.131953,22.224742
G_01827,39,29,1.0,Munshiganj,False,False,720250.0,2459250.0,89.136801,22.224679
G_01828,39,30,1.0,Munshiganj,False,False,720750.0,2459250.0,89.141649,22.224615
G_01829,39,31,1.0,Munshiganj,False,False,721250.0,2459250.0,89.146498,22.224551
G_01830,39,32,1.0,Munshiganj,False,False,721750.0,2459250.0,89.151346,22.224487
G_01831,39,33,1.0,Satkhira Range,True,False,722250.0,2459250.0,89.156194,22.224423
G_01832,39,34,1.0,Satkhira Range,True,False,722750.0,2459250.0,89.161042,22.224358
G_01833,39,35,1.0,Satkhira Range,True,False,723250.0,2459250.0,89.165891,22.224294
G_01834,39,36,1.0,Satkhira Range,True,False,723750.0,2459250.0,89.170739,22.224229
G_01835,39,37,1.0,Satkhira Range,True,False,724250.0,2459250.0,89.175587,22.224164
G_01836,39,38,1.0,Satkhira Range,True,False,724750.0,2459250.0,89.180435,22.224099
G_01837,39,39,1.0,Satkhira Range,True,False,725250.0,2459250.0,89.185283,22.224034
G_01838,39,40,0.668583398831663,Satkhira Range,True,False,725750.0,2459250.0,89.190131,22.223969
G_01839,39,41,0.8705480346486083,Satkhira Range,True,False,726250.0,2459250.0,89.194979,22.223904
G_01840,39,42,1.0,Satkhira Range,True,False,726750.0,2459250.0,89.199827,22.223838
G_01841,39,43,1.0,Satkhira Range,True,False,727250.0,2459250.0,89.204675,22.223773
G_01842,39,44,1.0,Satkhira Range,True,False,727750.0,2459250.0,89.209523,22.223707
G_01843,39,45,1.0,Satkhira Range,True,False,728250.0,2459250.0,89.214371,22.223641
G_01844,39,46,1.0,Satkhira Range,True,False,728750.0,2459250.0,89.219219,22.223575
G_01845,39,47,1.0,Satkhira Range,True,False,729250.0,2459250.0,89.224067,22.223508
G_01846,39,48,1.0,Satkhira Range,True,False,729750.0,2459250.0,89.228915,22.223442
G_01847,39,49,1.0,Satkhira Range,True,False,730250.0,2459250.0,89.233763,22.223376
G_01848,39,50,1.0,Satkhira Range,True,False,730750.0,2459250.0,89.238611,22.223309
G_01849,39,51,0.9588930518287461,Satkhira Range,True,False,731250.0,2459250.0,89.243459,22.223242
G_01850,39,52,0.16092405191794892,Satkhira Range,True,False,731750.0,2459250.0,89.248307,22.223175
G_01851,39,53,0.8655770667093646,Satkhira Range,True,False,732250.0,2459250.0,89.253155,22.223108
G_01852,39,54,1.0,Satkhira Range,True,False,732750.0,2459250.0,89.258002,22.223041
G_01853,39,55,1.0,Gabura,False,True,733250.0,2459250.0,89.26285,22.222973
G_01854,39,56,1.0,Gabura,False,True,733750.0,2459250.0,89.267698,22.222906
G_01855,39,57,1.0,Gabura,False,True,734250.0,2459250.0,89.272546,22.222838
G_01856,39,58,1.0,Gabura,False,True,734750.0,2459250.0,89.277394,22.22277
G_01857,39,59,1.0,Gabura,False,True,735250.0,2459250.0,89.282241,22.222702
G_01858,39,60,1.0,Gabura,False,True,735750.0,2459250.0,89.287089,22.222634
G_01859,39,61,1.0,Gabura,False,True,736250.0,2459250.0,89.291937,22.222566
G_01860,39,62,1.0,Gabura,False,True,736750.0,2459250.0,89.296784,22.222498
G_01861,39,63,1.0,Gabura,False,True,737250.0,2459250.0,89.301632,22.222429
G_01862,39,64,0.4636589832511058,Gabura,False,True,737750.0,2459250.0,89.30648,22.222361
G_01863,40,10,0.3489572391210806,Kaikhali,False,False,710750.0,2458750.0,89.044615,22.221349
G_01864,40,11,0.9685792371039849,Kaikhali,False,False,711250.0,2458750.0,89.049464,22.221288
G_01865,40,12,1.0,Kaikhali,False,False,711750.0,2458750.0,89.054312,22.221226
G_01866,40,13,1.0,Kaikhali,False,False,712250.0,2458750.0,89.059161,22.221165
G_01867,40,14,1.0,Kaikhali,False,False,712750.0,2458750.0,89.064009,22.221104
G_01868,40,15,1.0,Kaikhali,False,False,713250.0,2458750.0,89.068857,22.221042
G_01869,40,16,1.0,Kaikhali,False,False,713750.0,2458750.0,89.073706,22.22098
G_01870,40,17,1.0,Kaikhali,False,False,714250.0,2458750.0,89.078554,22.220918
G_01871,40,18,1.0,Kaikhali,False,False,714750.0,2458750.0,89.083402,22.220856
G_01872,40,19,1.0,Kaikhali,False,False,715250.0,2458750.0,89.088251,22.220794
G_01873,40,20,1.0,Ramjan Nagar,False,False,715750.0,2458750.0,89.093099,22.220732
G_01874,40,21,1.0,Ramjan Nagar,False,False,716250.0,2458750.0,89.097947,22.220669
G_01875,40,22,1.0,Ramjan Nagar,False,False,716750.0,2458750.0,89.102796,22.220607
G_01876,40,23,1.0,Ramjan Nagar,False,False,717250.0,2458750.0,89.107644,22.220544
G_01877,40,24,1.0,Munshiganj,False,False,717750.0,2458750.0,89.112492,22.220481
G_01878,40,25,1.0,Munshiganj,False,False,718250.0,2458750.0,89.11734,22.220418
G_01879,40,26,1.0,Munshiganj,False,False,718750.0,2458750.0,89.122188,22.220355
G_01880,40,27,1.0,Munshiganj,False,False,719250.0,2458750.0,89.127037,22.220292
G_01881,40,28,1.0,Munshiganj,False,False,719750.0,2458750.0,89.131885,22.220228
G_01882,40,29,1.0,Munshiganj,False,False,720250.0,2458750.0,89.136733,22.220165
G_01883,40,30,1.0,Munshiganj,False,False,720750.0,2458750.0,89.141581,22.220101
G_01884,40,31,1.0,Munshiganj,False,False,721250.0,2458750.0,89.146429,22.220037
G_01885,40,32,1.0,Munshiganj,False,False,721750.0,2458750.0,89.151277,22.219973
G_01886,40,33,1.0,Munshiganj,False,False,722250.0,2458750.0,89.156125,22.219909
G_01887,40,34,1.0,Satkhira Range,True,False,722750.0,2458750.0,89.160973,22.219844
G_01888,40,35,1.0,Satkhira Range,True,False,723250.0,2458750.0,89.165821,22.21978
G_01889,40,36,1.0,Satkhira Range,True,False,723750.0,2458750.0,89.170669,22.219715
G_01890,40,37,1.0,Satkhira Range,True,False,724250.0,2458750.0,89.175517,22.21965
G_01891,40,38,1.0,Satkhira Range,True,False,724750.0,2458750.0,89.180365,22.219585
G_01892,40,39,1.0,Satkhira Range,True,False,725250.0,2458750.0,89.185213,22.21952
G_01893,40,40,0.799252660109342,Satkhira Range,True,False,725750.0,2458750.0,89.190061,22.219455
G_01894,40,41,0.615984491399137,Satkhira Range,True,False,726250.0,2458750.0,89.194909,22.21939
G_01895,40,42,0.7690307493996167,Satkhira Range,True,False,726750.0,2458750.0,89.199757,22.219324
G_01896,40,43,1.0,Satkhira Range,True,False,727250.0,2458750.0,89.204605,22.219259
G_01897,40,44,1.0,Satkhira Range,True,False,727750.0,2458750.0,89.209453,22.219193
G_01898,40,45,1.0,Satkhira Range,True,False,728250.0,2458750.0,89.2143,22.219127
G_01899,40,46,1.0,Satkhira Range,True,False,728750.0,2458750.0,89.219148,22.219061
G_01900,40,47,1.0,Satkhira Range,True,False,729250.0,2458750.0,89.223996,22.218995
G_01901,40,48,1.0,Satkhira Range,True,False,729750.0,2458750.0,89.228844,22.218928
G_01902,40,49,1.0,Satkhira Range,True,False,730250.0,2458750.0,89.233692,22.218862
G_01903,40,50,1.0,Satkhira Range,True,False,730750.0,2458750.0,89.238539,22.218795
G_01904,40,51,0.4751596338088884,Satkhira Range,True,False,731250.0,2458750.0,89.243387,22.218728
G_01905,40,52,0.5607613108105725,Satkhira Range,True,False,731750.0,2458750.0,89.248235,22.218662
G_01906,40,53,1.0,Satkhira Range,True,False,732250.0,2458750.0,89.253082,22.218594
G_01907,40,54,1.0,Satkhira Range,True,False,732750.0,2458750.0,89.25793,22.218527
G_01908,40,55,1.0,Satkhira Range,True,False,733250.0,2458750.0,89.262778,22.21846
G_01909,40,56,1.0,Satkhira Range,True,False,733750.0,2458750.0,89.267625,22.218392
G_01910,40,57,1.0,Satkhira Range,True,False,734250.0,2458750.0,89.272473,22.218325
G_01911,40,58,1.0,Satkhira Range,True,False,734750.0,2458750.0,89.277321,22.218257
G_01912,40,59,1.0,Satkhira Range,True,False,735250.0,2458750.0,89.282168,22.218189
G_01913,40,60,1.0,Satkhira Range,True,False,735750.0,2458750.0,89.287016,22.218121
G_01914,40,61,1.0,Satkhira Range,True,False,736250.0,2458750.0,89.291863,22.218053
G_01915,40,62,1.0,Satkhira Range,True,False,736750.0,2458750.0,89.296711,22.217984
G_01916,40,63,0.9161869607239538,Satkhira Range,True,False,737250.0,2458750.0,89.301558,22.217916
G_01917,41,11,0.2633463993128732,Kaikhali,False,False,711250.0,2458250.0,89.049398,22.216773
G_01918,41,12,0.9733511559516035,Kaikhali,False,False,711750.0,2458250.0,89.054247,22.216712
G_01919,41,13,1.0,Kaikhali,False,False,712250.0,2458250.0,89.059095,22.216651
G_01920,41,14,1.0,Kaikhali,False,False,712750.0,2458250.0,89.063943,22.216589
G_01921,41,15,1.0,Kaikhali,False,False,713250.0,2458250.0,89.068791,22.216528
G_01922,41,16,1.0,Kaikhali,False,False,713750.0,2458250.0,89.073639,22.216466
G_01923,41,17,1.0,Kaikhali,False,False,714250.0,2458250.0,89.078488,22.216404
G_01924,41,18,1.0,Ramjan Nagar,False,False,714750.0,2458250.0,89.083336,22.216342
G_01925,41,19,1.0,Ramjan Nagar,False,False,715250.0,2458250.0,89.088184,22.21628
G_01926,41,20,1.0,Ramjan Nagar,False,False,715750.0,2458250.0,89.093032,22.216218
G_01927,41,21,1.0,Ramjan Nagar,False,False,716250.0,2458250.0,89.09788,22.216155
G_01928,41,22,1.0,Ramjan Nagar,False,False,716750.0,2458250.0,89.102728,22.216093
G_01929,41,23,1.0,Munshiganj,False,False,717250.0,2458250.0,89.107576,22.21603
G_01930,41,24,1.0,Munshiganj,False,False,717750.0,2458250.0,89.112424,22.215967
G_01931,41,25,1.0,Munshiganj,False,False,718250.0,2458250.0,89.117272,22.215904
G_01932,41,26,1.0,Munshiganj,False,False,718750.0,2458250.0,89.12212,22.215841
G_01933,41,27,1.0,Munshiganj,False,False,719250.0,2458250.0,89.126968,22.215778
G_01934,41,28,1.0,Munshiganj,False,False,719750.0,2458250.0,89.131816,22.215714
G_01935,41,29,1.0,Munshiganj,False,False,720250.0,2458250.0,89.136664,22.215651
G_01936,41,30,1.0,Munshiganj,False,False,720750.0,2458250.0,89.141512,22.215587
G_01937,41,31,1.0,Munshiganj,False,False,721250.0,2458250.0,89.14636,22.215523
G_01938,41,32,1.0,Munshiganj,False,False,721750.0,2458250.0,89.151208,22.215459
G_01939,41,33,1.0,Munshiganj,False,False,722250.0,2458250.0,89.156056,22.215395
G_01940,41,34,1.0,Munshiganj,False,False,722750.0,2458250.0,89.160904,22.21533
G_01941,41,35,1.0,Munshiganj,False,False,723250.0,2458250.0,89.165752,22.215266
G_01942,41,36,1.0,Satkhira Range,True,False,723750.0,2458250.0,89.1706,22.215201
G_01943,41,37,1.0,Satkhira Range,True,False,724250.0,2458250.0,89.175448,22.215137
G_01944,41,38,1.0,Satkhira Range,True,False,724750.0,2458250.0,89.180295,22.215072
G_01945,41,39,1.0,Satkhira Range,True,False,725250.0,2458250.0,89.185143,22.215007
G_01946,41,40,1.0,Satkhira Range,True,False,725750.0,2458250.0,89.189991,22.214941
G_01947,41,41,0.990099867072379,Satkhira Range,True,False,726250.0,2458250.0,89.194839,22.214876
G_01948,41,42,0.4828234487468235,Satkhira Range,True,False,726750.0,2458250.0,89.199686,22.214811
G_01949,41,43,0.9981816744080595,Satkhira Range,True,False,727250.0,2458250.0,89.204534,22.214745
G_01950,41,44,1.0,Satkhira Range,True,False,727750.0,2458250.0,89.209382,22.214679
G_01951,41,45,1.0,Satkhira Range,True,False,728250.0,2458250.0,89.21423,22.214613
G_01952,41,46,1.0,Satkhira Range,True,False,728750.0,2458250.0,89.219077,22.214547
G_01953,41,47,1.0,Satkhira Range,True,False,729250.0,2458250.0,89.223925,22.214481
G_01954,41,48,1.0,Satkhira Range,True,False,729750.0,2458250.0,89.228772,22.214415
G_01955,41,49,1.0,Satkhira Range,True,False,730250.0,2458250.0,89.23362,22.214348
G_01956,41,50,0.7471908911419411,Satkhira Range,True,False,730750.0,2458250.0,89.238468,22.214282
G_01957,41,51,0.25482190290916384,Satkhira Range,True,False,731250.0,2458250.0,89.243315,22.214215
G_01958,41,52,0.9908270381673292,Satkhira Range,True,False,731750.0,2458250.0,89.248163,22.214148
G_01959,41,53,1.0,Satkhira Range,True,False,732250.0,2458250.0,89.25301,22.214081
G_01960,41,54,1.0,Satkhira Range,True,False,732750.0,2458250.0,89.257858,22.214014
G_01961,41,55,1.0,Satkhira Range,True,False,733250.0,2458250.0,89.262705,22.213946
G_01962,41,56,1.0,Satkhira Range,True,False,733750.0,2458250.0,89.267553,22.213879
G_01963,41,57,1.0,Satkhira Range,True,False,734250.0,2458250.0,89.2724,22.213811
G_01964,41,58,1.0,Satkhira Range,True,False,734750.0,2458250.0,89.277248,22.213743
G_01965,41,59,1.0,Satkhira Range,True,False,735250.0,2458250.0,89.282095,22.213675
G_01966,41,60,1.0,Satkhira Range,True,False,735750.0,2458250.0,89.286943,22.213607
G_01967,41,61,1.0,Satkhira Range,True,False,736250.0,2458250.0,89.29179,22.213539
G_01968,41,62,1.0,Satkhira Range,True,False,736750.0,2458250.0,89.296637,22.213471
G_01969,41,63,1.0,Satkhira Range,True,False,737250.0,2458250.0,89.301485,22.213402
G_01970,41,64,0.36786710675226914,Satkhira Range,True,False,737750.0,2458250.0,89.306332,22.213334
G_01971,42,12,0.2412233073572514,Kaikhali,False,False,711750.0,2457750.0,89.054181,22.212198
G_01972,42,13,0.8970550788751873,Kaikhali,False,False,712250.0,2457750.0,89.059029,22.212137
G_01973,42,14,1.0,Kaikhali,False,False,712750.0,2457750.0,89.063877,22.212075
G_01974,42,15,1.0,Kaikhali,False,False,713250.0,2457750.0,89.068725,22.212014
G_01975,42,16,1.0,Kaikhali,False,False,713750.0,2457750.0,89.073573,22.211952
G_01976,42,17,1.0,Ramjan Nagar,False,False,714250.0,2457750.0,89.078421,22.21189
G_01977,42,18,1.0,Ramjan Nagar,False,False,714750.0,2457750.0,89.083269,22.211828
G_01978,42,19,1.0,Ramjan Nagar,False,False,715250.0,2457750.0,89.088117,22.211766
G_01979,42,20,1.0,Ramjan Nagar,False,False,715750.0,2457750.0,89.092965,22.211704
G_01980,42,21,1.0,Ramjan Nagar,False,False,716250.0,2457750.0,89.097813,22.211641
G_01981,42,22,1.0,Ramjan Nagar,False,False,716750.0,2457750.0,89.102661,22.211579
G_01982,42,23,1.0,Satkhira Range,True,False,717250.0,2457750.0,89.107509,22.211516
G_01983,42,24,1.0,Munshiganj,False,False,717750.0,2457750.0,89.112357,22.211453
G_01984,42,25,1.0,Munshiganj,False,False,718250.0,2457750.0,89.117205,22.21139
G_01985,42,26,1.0,Munshiganj,False,False,718750.0,2457750.0,89.122053,22.211327
G_01986,42,27,1.0,Munshiganj,False,False,719250.0,2457750.0,89.1269,22.211264
G_01987,42,28,1.0,Munshiganj,False,False,719750.0,2457750.0,89.131748,22.2112
G_01988,42,29,1.0,Munshiganj,False,False,720250.0,2457750.0,89.136596,22.211137
G_01989,42,30,1.0,Munshiganj,False,False,720750.0,2457750.0,89.141444,22.211073
G_01990,42,31,1.0,Munshiganj,False,False,721250.0,2457750.0,89.146292,22.211009
G_01991,42,32,1.0,Munshiganj,False,False,721750.0,2457750.0,89.151139,22.210945
G_01992,42,33,1.0,Munshiganj,False,False,722250.0,2457750.0,89.155987,22.210881
G_01993,42,34,1.0,Munshiganj,False,False,722750.0,2457750.0,89.160835,22.210816
G_01994,42,35,1.0,Munshiganj,False,False,723250.0,2457750.0,89.165683,22.210752
G_01995,42,36,1.0,Satkhira Range,True,False,723750.0,2457750.0,89.17053,22.210687
G_01996,42,37,1.0,Satkhira Range,True,False,724250.0,2457750.0,89.175378,22.210623
G_01997,42,38,1.0,Satkhira Range,True,False,724750.0,2457750.0,89.180226,22.210558
G_01998,42,39,1.0,Satkhira Range,True,False,725250.0,2457750.0,89.185073,22.210493
G_01999,42,40,1.0,Satkhira Range,True,False,725750.0,2457750.0,89.189921,22.210428
G_02000,42,41,1.0,Satkhira Range,True,False,726250.0,2457750.0,89.194768,22.210362
G_02001,42,42,0.4368109633378877,Satkhira Range,True,False,726750.0,2457750.0,89.199616,22.210297
G_02002,42,43,1.0,Satkhira Range,True,False,727250.0,2457750.0,89.204464,22.210231
G_02003,42,44,1.0,Satkhira Range,True,False,727750.0,2457750.0,89.209311,22.210165
G_02004,42,45,1.0,Satkhira Range,True,False,728250.0,2457750.0,89.214159,22.210099
G_02005,42,46,1.0,Satkhira Range,True,False,728750.0,2457750.0,89.219006,22.210033
G_02006,42,47,1.0,Satkhira Range,True,False,729250.0,2457750.0,89.223854,22.209967
G_02007,42,48,1.0,Satkhira Range,True,False,729750.0,2457750.0,89.228701,22.209901
G_02008,42,49,0.9254874719558156,Satkhira Range,True,False,730250.0,2457750.0,89.233549,22.209834
G_02009,42,50,0.25549393577342766,Satkhira Range,True,False,730750.0,2457750.0,89.238396,22.209768
G_02010,42,51,0.9000416770369671,Satkhira Range,True,False,731250.0,2457750.0,89.243243,22.209701
G_02011,42,52,1.0,Satkhira Range,True,False,731750.0,2457750.0,89.248091,22.209634
G_02012,42,53,1.0,Satkhira Range,True,False,732250.0,2457750.0,89.252938,22.209567
G_02013,42,54,1.0,Satkhira Range,True,False,732750.0,2457750.0,89.257786,22.2095
G_02014,42,55,1.0,Satkhira Range,True,False,733250.0,2457750.0,89.262633,22.209433
G_02015,42,56,1.0,Satkhira Range,True,False,733750.0,2457750.0,89.26748,22.209365
G_02016,42,57,1.0,Satkhira Range,True,False,734250.0,2457750.0,89.272328,22.209297
G_02017,42,58,1.0,Satkhira Range,True,False,734750.0,2457750.0,89.277175,22.20923
G_02018,42,59,1.0,Satkhira Range,True,False,735250.0,2457750.0,89.282022,22.209162
G_02019,42,60,1.0,Satkhira Range,True,False,735750.0,2457750.0,89.286869,22.209094
G_02020,42,61,1.0,Satkhira Range,True,False,736250.0,2457750.0,89.291717,22.209026
G_02021,42,62,1.0,Satkhira Range,True,False,736750.0,2457750.0,89.296564,22.208957
G_02022,42,63,1.0,Satkhira Range,True,False,737250.0,2457750.0,89.301411,22.208889
G_02023,42,64,0.6222367820435818,Satkhira Range,True,False,737750.0,2457750.0,89.306258,22.20882
G_02024,43,13,0.14773897037355485,Kaikhali,False,False,712250.0,2457250.0,89.058963,22.207622
G_02025,43,14,0.8941591939018496,Kaikhali,False,False,712750.0,2457250.0,89.063811,22.207561
G_02026,43,15,1.0,Kaikhali,False,False,713250.0,2457250.0,89.068659,22.207499
G_02027,43,16,1.0,Kaikhali,False,False,713750.0,2457250.0,89.073507,22.207438
G_02028,43,17,1.0,Ramjan Nagar,False,False,714250.0,2457250.0,89.078355,22.207376
G_02029,43,18,1.0,Ramjan Nagar,False,False,714750.0,2457250.0,89.083202,22.207314
G_02030,43,19,1.0,Ramjan Nagar,False,False,715250.0,2457250.0,89.08805,22.207252
G_02031,43,20,1.0,Ramjan Nagar,False,False,715750.0,2457250.0,89.092898,22.20719
G_02032,43,21,1.0,Ramjan Nagar,False,False,716250.0,2457250.0,89.097746,22.207127
G_02033,43,22,1.0,Satkhira Range,True,False,716750.0,2457250.0,89.102594,22.207065
G_02034,43,23,1.0,Satkhira Range,True,False,717250.0,2457250.0,89.107441,22.207002
G_02035,43,24,1.0,Munshiganj,False,False,717750.0,2457250.0,89.112289,22.206939
G_02036,43,25,1.0,Munshiganj,False,False,718250.0,2457250.0,89.117137,22.206876
G_02037,43,26,1.0,Munshiganj,False,False,718750.0,2457250.0,89.121985,22.206813
G_02038,43,27,1.0,Munshiganj,False,False,719250.0,2457250.0,89.126832,22.20675
G_02039,43,28,1.0,Munshiganj,False,False,719750.0,2457250.0,89.13168,22.206686
G_02040,43,29,1.0,Munshiganj,False,False,720250.0,2457250.0,89.136528,22.206623
G_02041,43,30,1.0,Munshiganj,False,False,720750.0,2457250.0,89.141375,22.206559
G_02042,43,31,1.0,Munshiganj,False,False,721250.0,2457250.0,89.146223,22.206495
G_02043,43,32,1.0,Munshiganj,False,False,721750.0,2457250.0,89.151071,22.206431
G_02044,43,33,0.9913773099110762,Satkhira Range,True,False,722250.0,2457250.0,89.155918,22.206367
G_02045,43,34,0.6906996707059819,Satkhira Range,True,False,722750.0,2457250.0,89.160766,22.206302
G_02046,43,35,1.0,Satkhira Range,True,False,723250.0,2457250.0,89.165613,22.206238
G_02047,43,36,1.0,Satkhira Range,True,False,723750.0,2457250.0,89.170461,22.206173
G_02048,43,37,1.0,Satkhira Range,True,False,724250.0,2457250.0,89.175308,22.206109
G_02049,43,38,1.0,Satkhira Range,True,False,724750.0,2457250.0,89.180156,22.206044
G_02050,43,39,1.0,Satkhira Range,True,False,725250.0,2457250.0,89.185003,22.205979
G_02051,43,40,1.0,Satkhira Range,True,False,725750.0,2457250.0,89.189851,22.205914
G_02052,43,41,0.9779048100559463,Satkhira Range,True,False,726250.0,2457250.0,89.194698,22.205848
G_02053,43,42,0.5893114821135937,Satkhira Range,True,False,726750.0,2457250.0,89.199546,22.205783
G_02054,43,43,1.0,Satkhira Range,True,False,727250.0,2457250.0,89.204393,22.205717
G_02055,43,44,1.0,Satkhira Range,True,False,727750.0,2457250.0,89.20924,22.205652
G_02056,43,45,1.0,Satkhira Range,True,False,728250.0,2457250.0,89.214088,22.205586
G_02057,43,46,1.0,Satkhira Range,True,False,728750.0,2457250.0,89.218935,22.20552
G_02058,43,47,0.9850093277465658,Satkhira Range,True,False,729250.0,2457250.0,89.223783,22.205454
G_02059,43,48,0.5425307072549812,Satkhira Range,True,False,729750.0,2457250.0,89.22863,22.205387
G_02060,43,49,0.38351870053622183,Satkhira Range,True,False,730250.0,2457250.0,89.233477,22.205321
G_02061,43,50,0.8874971150748501,Satkhira Range,True,False,730750.0,2457250.0,89.238324,22.205254
G_02062,43,51,1.0,Satkhira Range,True,False,731250.0,2457250.0,89.243172,22.205187
G_02063,43,52,1.0,Satkhira Range,True,False,731750.0,2457250.0,89.248019,22.20512
G_02064,43,53,1.0,Satkhira Range,True,False,732250.0,2457250.0,89.252866,22.205053
G_02065,43,54,1.0,Satkhira Range,True,False,732750.0,2457250.0,89.257713,22.204986
G_02066,43,55,1.0,Satkhira Range,True,False,733250.0,2457250.0,89.262561,22.204919
G_02067,43,56,1.0,Satkhira Range,True,False,733750.0,2457250.0,89.267408,22.204851
G_02068,43,57,1.0,Satkhira Range,True,False,734250.0,2457250.0,89.272255,22.204784
G_02069,43,58,1.0,Satkhira Range,True,False,734750.0,2457250.0,89.277102,22.204716
G_02070,43,59,1.0,Satkhira Range,True,False,735250.0,2457250.0,89.281949,22.204648
G_02071,43,60,1.0,Satkhira Range,True,False,735750.0,2457250.0,89.286796,22.20458
G_02072,43,61,1.0,Satkhira Range,True,False,736250.0,2457250.0,89.291643,22.204512
G_02073,43,62,1.0,Satkhira Range,True,False,736750.0,2457250.0,89.29649,22.204444
G_02074,43,63,1.0,Satkhira Range,True,False,737250.0,2457250.0,89.301337,22.204375
G_02075,43,64,0.9537187417778978,Satkhira Range,True,False,737750.0,2457250.0,89.306184,22.204307
G_02076,44,14,0.1790779775220751,Kaikhali,False,False,712750.0,2456750.0,89.063745,22.203047
G_02077,44,15,0.9278746813242004,Kaikhali,False,False,713250.0,2456750.0,89.068593,22.202985
G_02078,44,16,1.0,Kaikhali,False,False,713750.0,2456750.0,89.07344,22.202924
G_02079,44,17,1.0,Ramjan Nagar,False,False,714250.0,2456750.0,89.078288,22.202862
G_02080,44,18,1.0,Ramjan Nagar,False,False,714750.0,2456750.0,89.083136,22.2028
G_02081,44,19,1.0,Ramjan Nagar,False,False,715250.0,2456750.0,89.087983,22.202738
G_02082,44,20,1.0,Ramjan Nagar,False,False,715750.0,2456750.0,89.092831,22.202675
G_02083,44,21,1.0,Ramjan Nagar,False,False,716250.0,2456750.0,89.097679,22.202613
G_02084,44,22,1.0,Satkhira Range,True,False,716750.0,2456750.0,89.102526,22.20255
G_02085,44,23,1.0,Satkhira Range,True,False,717250.0,2456750.0,89.107374,22.202488
G_02086,44,24,1.0,Satkhira Range,True,False,717750.0,2456750.0,89.112222,22.202425
G_02087,44,25,1.0,Munshiganj,False,False,718250.0,2456750.0,89.117069,22.202362
G_02088,44,26,1.0,Munshiganj,False,False,718750.0,2456750.0,89.121917,22.202299
G_02089,44,27,1.0,Munshiganj,False,False,719250.0,2456750.0,89.126764,22.202235
G_02090,44,28,1.0,Munshiganj,False,False,719750.0,2456750.0,89.131612,22.202172
G_02091,44,29,1.0,Munshiganj,False,False,720250.0,2456750.0,89.136459,22.202109
G_02092,44,30,1.0,Munshiganj,False,False,720750.0,2456750.0,89.141307,22.202045
G_02093,44,31,1.0,Satkhira Range,True,False,721250.0,2456750.0,89.146154,22.201981
G_02094,44,32,1.0,Satkhira Range,True,False,721750.0,2456750.0,89.151002,22.201917
G_02095,44,33,1.0,Satkhira Range,True,False,722250.0,2456750.0,89.155849,22.201853
G_02096,44,34,0.7068104759708894,Satkhira Range,True,False,722750.0,2456750.0,89.160697,22.201789
G_02097,44,35,1.0,Satkhira Range,True,False,723250.0,2456750.0,89.165544,22.201724
G_02098,44,36,1.0,Satkhira Range,True,False,723750.0,2456750.0,89.170391,22.20166
G_02099,44,37,1.0,Satkhira Range,True,False,724250.0,2456750.0,89.175239,22.201595
G_02100,44,38,1.0,Satkhira Range,True,False,724750.0,2456750.0,89.180086,22.20153
G_02101,44,39,1.0,Satkhira Range,True,False,725250.0,2456750.0,89.184933,22.201465
G_02102,44,40,1.0,Satkhira Range,True,False,725750.0,2456750.0,89.189781,22.2014
G_02103,44,41,0.9196481405600457,Satkhira Range,True,False,726250.0,2456750.0,89.194628,22.201335
G_02104,44,42,0.6509116792961772,Satkhira Range,True,False,726750.0,2456750.0,89.199475,22.201269
G_02105,44,43,1.0,Satkhira Range,True,False,727250.0,2456750.0,89.204323,22.201204
G_02106,44,44,1.0,Satkhira Range,True,False,727750.0,2456750.0,89.20917,22.201138
G_02107,44,45,1.0,Satkhira Range,True,False,728250.0,2456750.0,89.214017,22.201072
G_02108,44,46,1.0,Satkhira Range,True,False,728750.0,2456750.0,89.218864,22.201006
G_02109,44,47,0.576684566421598,Satkhira Range,True,False,729250.0,2456750.0,89.223711,22.20094
G_02110,44,48,0.59782913438958,Satkhira Range,True,False,729750.0,2456750.0,89.228559,22.200873
G_02111,44,49,1.0,Satkhira Range,True,False,730250.0,2456750.0,89.233406,22.200807
G_02112,44,50,1.0,Satkhira Range,True,False,730750.0,2456750.0,89.238253,22.20074
G_02113,44,51,1.0,Satkhira Range,True,False,731250.0,2456750.0,89.2431,22.200674
G_02114,44,52,1.0,Satkhira Range,True,False,731750.0,2456750.0,89.247947,22.200607
G_02115,44,53,1.0,Satkhira Range,True,False,732250.0,2456750.0,89.252794,22.20054
G_02116,44,54,1.0,Satkhira Range,True,False,732750.0,2456750.0,89.257641,22.200473
G_02117,44,55,1.0,Satkhira Range,True,False,733250.0,2456750.0,89.262488,22.200405
G_02118,44,56,1.0,Satkhira Range,True,False,733750.0,2456750.0,89.267335,22.200338
G_02119,44,57,1.0,Satkhira Range,True,False,734250.0,2456750.0,89.272182,22.20027
G_02120,44,58,1.0,Satkhira Range,True,False,734750.0,2456750.0,89.277029,22.200203
G_02121,44,59,1.0,Satkhira Range,True,False,735250.0,2456750.0,89.281876,22.200135
G_02122,44,60,1.0,Satkhira Range,True,False,735750.0,2456750.0,89.286723,22.200067
G_02123,44,61,1.0,Satkhira Range,True,False,736250.0,2456750.0,89.29157,22.199998
G_02124,44,62,1.0,Satkhira Range,True,False,736750.0,2456750.0,89.296417,22.19993
G_02125,44,63,1.0,Satkhira Range,True,False,737250.0,2456750.0,89.301264,22.199862
G_02126,44,64,1.0,Satkhira Range,True,False,737750.0,2456750.0,89.306111,22.199793
G_02127,44,65,0.3024237623759221,Satkhira Range,True,False,738250.0,2456750.0,89.310958,22.199724
G_02128,45,15,0.25931204131325764,Kaikhali,False,False,713250.0,2456250.0,89.068526,22.198471
G_02129,45,16,0.762761454059832,Satkhira Range,True,False,713750.0,2456250.0,89.073374,22.198409
G_02130,45,17,1.0,Ramjan Nagar,False,False,714250.0,2456250.0,89.078222,22.198348
G_02131,45,18,1.0,Ramjan Nagar,False,False,714750.0,2456250.0,89.083069,22.198286
G_02132,45,19,1.0,Ramjan Nagar,False,False,715250.0,2456250.0,89.087917,22.198223
G_02133,45,20,1.0,Ramjan Nagar,False,False,715750.0,2456250.0,89.092764,22.198161
G_02134,45,21,1.0,Satkhira Range,True,False,716250.0,2456250.0,89.097612,22.198099
G_02135,45,22,1.0,Satkhira Range,True,False,716750.0,2456250.0,89.102459,22.198036
G_02136,45,23,1.0,Satkhira Range,True,False,717250.0,2456250.0,89.107307,22.197974
G_02137,45,24,1.0,Satkhira Range,True,False,717750.0,2456250.0,89.112154,22.197911
G_02138,45,25,1.0,Munshiganj,False,False,718250.0,2456250.0,89.117001,22.197848
G_02139,45,26,1.0,Munshiganj,False,False,718750.0,2456250.0,89.121849,22.197785
G_02140,45,27,1.0,Munshiganj,False,False,719250.0,2456250.0,89.126696,22.197721
G_02141,45,28,1.0,Munshiganj,False,False,719750.0,2456250.0,89.131544,22.197658
G_02142,45,29,1.0,Munshiganj,False,False,720250.0,2456250.0,89.136391,22.197594
G_02143,45,30,1.0,Satkhira Range,True,False,720750.0,2456250.0,89.141238,22.197531
G_02144,45,31,1.0,Satkhira Range,True,False,721250.0,2456250.0,89.146086,22.197467
G_02145,45,32,1.0,Satkhira Range,True,False,721750.0,2456250.0,89.150933,22.197403
G_02146,45,33,1.0,Satkhira Range,True,False,722250.0,2456250.0,89.15578,22.197339
G_02147,45,34,0.7430725626219256,Satkhira Range,True,False,722750.0,2456250.0,89.160627,22.197275
G_02148,45,35,1.0,Satkhira Range,True,False,723250.0,2456250.0,89.165475,22.19721
G_02149,45,36,1.0,Satkhira Range,True,False,723750.0,2456250.0,89.170322,22.197146
G_02150,45,37,1.0,Satkhira Range,True,False,724250.0,2456250.0,89.175169,22.197081
G_02151,45,38,1.0,Satkhira Range,True,False,724750.0,2456250.0,89.180016,22.197016
G_02152,45,39,1.0,Satkhira Range,True,False,725250.0,2456250.0,89.184864,22.196951
G_02153,45,40,1.0,Satkhira Range,True,False,725750.0,2456250.0,89.189711,22.196886
G_02154,45,41,1.0,Satkhira Range,True,False,726250.0,2456250.0,89.194558,22.196821
G_02155,45,42,0.5572722123187215,Satkhira Range,True,False,726750.0,2456250.0,89.199405,22.196755
G_02156,45,43,1.0,Satkhira Range,True,False,727250.0,2456250.0,89.204252,22.19669
G_02157,45,44,1.0,Satkhira Range,True,False,727750.0,2456250.0,89.209099,22.196624
G_02158,45,45,1.0,Satkhira Range,True,False,728250.0,2456250.0,89.213946,22.196558
G_02159,45,46,1.0,Satkhira Range,True,False,728750.0,2456250.0,89.218793,22.196492
G_02160,45,47,0.5421502616126259,Satkhira Range,True,False,729250.0,2456250.0,89.22364,22.196426
G_02161,45,48,0.600333720440864,Satkhira Range,True,False,729750.0,2456250.0,89.228487,22.19636
G_02162,45,49,1.0,Satkhira Range,True,False,730250.0,2456250.0,89.233334,22.196293
G_02163,45,50,1.0,Satkhira Range,True,False,730750.0,2456250.0,89.238181,22.196227
G_02164,45,51,1.0,Satkhira Range,True,False,731250.0,2456250.0,89.243028,22.19616
G_02165,45,52,1.0,Satkhira Range,True,False,731750.0,2456250.0,89.247875,22.196093
G_02166,45,53,1.0,Satkhira Range,True,False,732250.0,2456250.0,89.252722,22.196026
G_02167,45,54,1.0,Satkhira Range,True,False,732750.0,2456250.0,89.257569,22.195959
G_02168,45,55,1.0,Satkhira Range,True,False,733250.0,2456250.0,89.262416,22.195892
G_02169,45,56,1.0,Satkhira Range,True,False,733750.0,2456250.0,89.267263,22.195824
G_02170,45,57,1.0,Satkhira Range,True,False,734250.0,2456250.0,89.27211,22.195757
G_02171,45,58,1.0,Satkhira Range,True,False,734750.0,2456250.0,89.276956,22.195689
G_02172,45,59,1.0,Satkhira Range,True,False,735250.0,2456250.0,89.281803,22.195621
G_02173,45,60,1.0,Satkhira Range,True,False,735750.0,2456250.0,89.28665,22.195553
G_02174,45,61,1.0,Satkhira Range,True,False,736250.0,2456250.0,89.291497,22.195485
G_02175,45,62,1.0,Satkhira Range,True,False,736750.0,2456250.0,89.296343,22.195417
G_02176,45,63,1.0,Satkhira Range,True,False,737250.0,2456250.0,89.30119,22.195348
G_02177,45,64,1.0,Satkhira Range,True,False,737750.0,2456250.0,89.306037,22.19528
G_02178,45,65,0.5486039231408969,Satkhira Range,True,False,738250.0,2456250.0,89.310884,22.195211
G_02179,46,16,0.09365901490843698,Satkhira Range,True,False,713750.0,2455750.0,89.073308,22.193895
G_02180,46,17,0.9828263402925891,Satkhira Range,True,False,714250.0,2455750.0,89.078155,22.193833
G_02181,46,18,1.0,Ramjan Nagar,False,False,714750.0,2455750.0,89.083003,22.193771
G_02182,46,19,1.0,Ramjan Nagar,False,False,715250.0,2455750.0,89.08785,22.193709
G_02183,46,20,1.0,Satkhira Range,True,False,715750.0,2455750.0,89.092697,22.193647
G_02184,46,21,1.0,Satkhira Range,True,False,716250.0,2455750.0,89.097545,22.193585
G_02185,46,22,1.0,Satkhira Range,True,False,716750.0,2455750.0,89.102392,22.193522
G_02186,46,23,1.0,Satkhira Range,True,False,717250.0,2455750.0,89.107239,22.19346
G_02187,46,24,1.0,Satkhira Range,True,False,717750.0,2455750.0,89.112087,22.193397
G_02188,46,25,1.0,Satkhira Range,True,False,718250.0,2455750.0,89.116934,22.193334
G_02189,46,26,1.0,Munshiganj,False,False,718750.0,2455750.0,89.121781,22.193271
G_02190,46,27,1.0,Munshiganj,False,False,719250.0,2455750.0,89.126628,22.193207
G_02191,46,28,1.0,Munshiganj,False,False,719750.0,2455750.0,89.131475,22.193144
G_02192,46,29,1.0,Satkhira Range,True,False,720250.0,2455750.0,89.136323,22.19308
G_02193,46,30,1.0,Satkhira Range,True,False,720750.0,2455750.0,89.14117,22.193017
G_02194,46,31,1.0,Satkhira Range,True,False,721250.0,2455750.0,89.146017,22.192953
G_02195,46,32,1.0,Satkhira Range,True,False,721750.0,2455750.0,89.150864,22.192889
G_02196,46,33,0.8703836725265428,Satkhira Range,True,False,722250.0,2455750.0,89.155711,22.192825
G_02197,46,34,0.8122796901801574,Satkhira Range,True,False,722750.0,2455750.0,89.160558,22.192761
G_02198,46,35,1.0,Satkhira Range,True,False,723250.0,2455750.0,89.165405,22.192696
G_02199,46,36,1.0,Satkhira Range,True,False,723750.0,2455750.0,89.170253,22.192632
G_02200,46,37,1.0,Satkhira Range,True,False,724250.0,2455750.0,89.1751,22.192567
G_02201,46,38,1.0,Satkhira Range,True,False,724750.0,2455750.0,89.179947,22.192502
G_02202,46,39,1.0,Satkhira Range,True,False,725250.0,2455750.0,89.184794,22.192437
G_02203,46,40,1.0,Satkhira Range,True,False,725750.0,2455750.0,89.189641,22.192372
G_02204,46,41,0.8787532401746626,Satkhira Range,True,False,726250.0,2455750.0,89.194488,22.192307
G_02205,46,42,0.7149769145468887,Satkhira Range,True,False,726750.0,2455750.0,89.199335,22.192241
G_02206,46,43,1.0,Satkhira Range,True,False,727250.0,2455750.0,89.204182,22.192176
G_02207,46,44,1.0,Satkhira Range,True,False,727750.0,2455750.0,89.209028,22.19211
G_02208,46,45,1.0,Satkhira Range,True,False,728250.0,2455750.0,89.213875,22.192044
G_02209,46,46,1.0,Satkhira Range,True,False,728750.0,2455750.0,89.218722,22.191978
G_02210,46,47,0.9257368040557248,Satkhira Range,True,False,729250.0,2455750.0,89.223569,22.191912
G_02211,46,48,0.27918257697264437,Satkhira Range,True,False,729750.0,2455750.0,89.228416,22.191846
G_02212,46,49,0.9777434689659995,Satkhira Range,True,False,730250.0,2455750.0,89.233263,22.19178
G_02213,46,50,1.0,Satkhira Range,True,False,730750.0,2455750.0,89.23811,22.191713
G_02214,46,51,1.0,Satkhira Range,True,False,731250.0,2455750.0,89.242956,22.191646
G_02215,46,52,1.0,Satkhira Range,True,False,731750.0,2455750.0,89.247803,22.191579
G_02216,46,53,1.0,Satkhira Range,True,False,732250.0,2455750.0,89.25265,22.191512
G_02217,46,54,1.0,Satkhira Range,True,False,732750.0,2455750.0,89.257497,22.191445
G_02218,46,55,1.0,Satkhira Range,True,False,733250.0,2455750.0,89.262344,22.191378
G_02219,46,56,1.0,Satkhira Range,True,False,733750.0,2455750.0,89.26719,22.191311
G_02220,46,57,1.0,Satkhira Range,True,False,734250.0,2455750.0,89.272037,22.191243
G_02221,46,58,1.0,Satkhira Range,True,False,734750.0,2455750.0,89.276884,22.191175
G_02222,46,59,1.0,Satkhira Range,True,False,735250.0,2455750.0,89.28173,22.191107
G_02223,46,60,1.0,Satkhira Range,True,False,735750.0,2455750.0,89.286577,22.191039
G_02224,46,61,1.0,Satkhira Range,True,False,736250.0,2455750.0,89.291423,22.190971
G_02225,46,62,1.0,Satkhira Range,True,False,736750.0,2455750.0,89.29627,22.190903
G_02226,46,63,1.0,Satkhira Range,True,False,737250.0,2455750.0,89.301117,22.190835
G_02227,46,64,1.0,Satkhira Range,True,False,737750.0,2455750.0,89.305963,22.190766
G_02228,46,65,0.706857253878514,Satkhira Range,True,False,738250.0,2455750.0,89.31081,22.190697
G_02229,47,17,0.8642616805757114,Satkhira Range,True,False,714250.0,2455250.0,89.078089,22.189319
G_02230,47,18,1.0,Ramjan Nagar,False,False,714750.0,2455250.0,89.082936,22.189257
G_02231,47,19,1.0,Ramjan Nagar,False,False,715250.0,2455250.0,89.087783,22.189195
G_02232,47,20,1.0,Satkhira Range,True,False,715750.0,2455250.0,89.09263,22.189133
G_02233,47,21,1.0,Satkhira Range,True,False,716250.0,2455250.0,89.097478,22.189071
G_02234,47,22,1.0,Satkhira Range,True,False,716750.0,2455250.0,89.102325,22.189008
G_02235,47,23,1.0,Satkhira Range,True,False,717250.0,2455250.0,89.107172,22.188945
G_02236,47,24,1.0,Satkhira Range,True,False,717750.0,2455250.0,89.112019,22.188883
G_02237,47,25,1.0,Satkhira Range,True,False,718250.0,2455250.0,89.116866,22.18882
G_02238,47,26,1.0,Satkhira Range,True,False,718750.0,2455250.0,89.121713,22.188757
G_02239,47,27,1.0,Munshiganj,False,False,719250.0,2455250.0,89.12656,22.188693
G_02240,47,28,1.0,Satkhira Range,True,False,719750.0,2455250.0,89.131407,22.18863
G_02241,47,29,1.0,Satkhira Range,True,False,720250.0,2455250.0,89.136254,22.188566
G_02242,47,30,1.0,Satkhira Range,True,False,720750.0,2455250.0,89.141101,22.188503
G_02243,47,31,1.0,Satkhira Range,True,False,721250.0,2455250.0,89.145948,22.188439
G_02244,47,32,0.8391940791504037,Satkhira Range,True,False,721750.0,2455250.0,89.150795,22.188375
G_02245,47,33,0.7432039725542701,Satkhira Range,True,False,722250.0,2455250.0,89.155642,22.188311
G_02246,47,34,1.0,Satkhira Range,True,False,722750.0,2455250.0,89.160489,22.188247
G_02247,47,35,1.0,Satkhira Range,True,False,723250.0,2455250.0,89.165336,22.188182
G_02248,47,36,1.0,Satkhira Range,True,False,723750.0,2455250.0,89.170183,22.188118
G_02249,47,37,1.0,Satkhira Range,True,False,724250.0,2455250.0,89.17503,22.188053
G_02250,47,38,1.0,Satkhira Range,True,False,724750.0,2455250.0,89.179877,22.187988
G_02251,47,39,1.0,Satkhira Range,True,False,725250.0,2455250.0,89.184724,22.187923
G_02252,47,40,1.0,Satkhira Range,True,False,725750.0,2455250.0,89.189571,22.187858
G_02253,47,41,0.6285963040546249,Satkhira Range,True,False,726250.0,2455250.0,89.194418,22.187793
G_02254,47,42,1.0,Satkhira Range,True,False,726750.0,2455250.0,89.199264,22.187728
G_02255,47,43,1.0,Satkhira Range,True,False,727250.0,2455250.0,89.204111,22.187662
G_02256,47,44,1.0,Satkhira Range,True,False,727750.0,2455250.0,89.208958,22.187596
G_02257,47,45,1.0,Satkhira Range,True,False,728250.0,2455250.0,89.213805,22.187531
G_02258,47,46,1.0,Satkhira Range,True,False,728750.0,2455250.0,89.218651,22.187465
G_02259,47,47,1.0,Satkhira Range,True,False,729250.0,2455250.0,89.223498,22.187398
G_02260,47,48,0.6937455003961315,Satkhira Range,True,False,729750.0,2455250.0,89.228345,22.187332
G_02261,47,49,0.5811677782660774,Satkhira Range,True,False,730250.0,2455250.0,89.233191,22.187266
G_02262,47,50,1.0,Satkhira Range,True,False,730750.0,2455250.0,89.238038,22.187199
G_02263,47,51,1.0,Satkhira Range,True,False,731250.0,2455250.0,89.242885,22.187133
G_02264,47,52,1.0,Satkhira Range,True,False,731750.0,2455250.0,89.247731,22.187066
G_02265,47,53,1.0,Satkhira Range,True,False,732250.0,2455250.0,89.252578,22.186999
G_02266,47,54,1.0,Satkhira Range,True,False,732750.0,2455250.0,89.257425,22.186932
G_02267,47,55,1.0,Satkhira Range,True,False,733250.0,2455250.0,89.262271,22.186864
G_02268,47,56,1.0,Satkhira Range,True,False,733750.0,2455250.0,89.267118,22.186797
G_02269,47,57,1.0,Satkhira Range,True,False,734250.0,2455250.0,89.271964,22.186729
G_02270,47,58,1.0,Satkhira Range,True,False,734750.0,2455250.0,89.276811,22.186662
G_02271,47,59,1.0,Satkhira Range,True,False,735250.0,2455250.0,89.281657,22.186594
G_02272,47,60,1.0,Satkhira Range,True,False,735750.0,2455250.0,89.286504,22.186526
G_02273,47,61,1.0,Satkhira Range,True,False,736250.0,2455250.0,89.29135,22.186458
G_02274,47,62,1.0,Satkhira Range,True,False,736750.0,2455250.0,89.296197,22.18639
G_02275,47,63,1.0,Satkhira Range,True,False,737250.0,2455250.0,89.301043,22.186321
G_02276,47,64,1.0,Satkhira Range,True,False,737750.0,2455250.0,89.30589,22.186253
G_02277,47,65,0.5685324801583684,Satkhira Range,True,False,738250.0,2455250.0,89.310736,22.186184
G_02278,48,16,0.1148649248473148,Satkhira Range,True,False,713750.0,2454750.0,89.073175,22.184867
G_02279,48,17,0.9925749305030983,Satkhira Range,True,False,714250.0,2454750.0,89.078022,22.184805
G_02280,48,18,1.0,Ramjan Nagar,False,False,714750.0,2454750.0,89.082869,22.184743
G_02281,48,19,1.0,Ramjan Nagar,False,False,715250.0,2454750.0,89.087716,22.184681
G_02282,48,20,1.0,Satkhira Range,True,False,715750.0,2454750.0,89.092563,22.184619
G_02283,48,21,1.0,Satkhira Range,True,False,716250.0,2454750.0,89.097411,22.184556
G_02284,48,22,1.0,Satkhira Range,True,False,716750.0,2454750.0,89.102258,22.184494
G_02285,48,23,1.0,Satkhira Range,True,False,717250.0,2454750.0,89.107105,22.184431
G_02286,48,24,1.0,Satkhira Range,True,False,717750.0,2454750.0,89.111951,22.184369
G_02287,48,25,1.0,Satkhira Range,True,False,718250.0,2454750.0,89.116798,22.184306
G_02288,48,26,1.0,Satkhira Range,True,False,718750.0,2454750.0,89.121645,22.184243
G_02289,48,27,1.0,Satkhira Range,True,False,719250.0,2454750.0,89.126492,22.184179
G_02290,48,28,1.0,Satkhira Range,True,False,719750.0,2454750.0,89.131339,22.184116
G_02291,48,29,1.0,Satkhira Range,True,False,720250.0,2454750.0,89.136186,22.184052
G_02292,48,30,1.0,Satkhira Range,True,False,720750.0,2454750.0,89.141033,22.183989
G_02293,48,31,0.7509356314343295,Satkhira Range,True,False,721250.0,2454750.0,89.14588,22.183925
G_02294,48,32,0.786883370678593,Satkhira Range,True,False,721750.0,2454750.0,89.150727,22.183861
G_02295,48,33,1.0,Satkhira Range,True,False,722250.0,2454750.0,89.155573,22.183797
G_02296,48,34,1.0,Satkhira Range,True,False,722750.0,2454750.0,89.16042,22.183733
G_02297,48,35,1.0,Satkhira Range,True,False,723250.0,2454750.0,89.165267,22.183668
G_02298,48,36,1.0,Satkhira Range,True,False,723750.0,2454750.0,89.170114,22.183604
G_02299,48,37,1.0,Satkhira Range,True,False,724250.0,2454750.0,89.174961,22.183539
G_02300,48,38,1.0,Satkhira Range,True,False,724750.0,2454750.0,89.179807,22.183474
G_02301,48,39,0.9999875317199196,Satkhira Range,True,False,725250.0,2454750.0,89.184654,22.183409
G_02302,48,40,0.8558824087344971,Satkhira Range,True,False,725750.0,2454750.0,89.189501,22.183344
G_02303,48,41,0.8081613558741715,Satkhira Range,True,False,726250.0,2454750.0,89.194347,22.183279
G_02304,48,42,0.7728076475722258,Satkhira Range,True,False,726750.0,2454750.0,89.199194,22.183214
G_02305,48,43,1.0,Satkhira Range,True,False,727250.0,2454750.0,89.204041,22.183148
G_02306,48,44,1.0,Satkhira Range,True,False,727750.0,2454750.0,89.208887,22.183083
G_02307,48,45,1.0,Satkhira Range,True,False,728250.0,2454750.0,89.213734,22.183017
G_02308,48,46,1.0,Satkhira Range,True,False,728750.0,2454750.0,89.21858,22.182951
G_02309,48,47,1.0,Satkhira Range,True,False,729250.0,2454750.0,89.223427,22.182885
G_02310,48,48,1.0,Satkhira Range,True,False,729750.0,2454750.0,89.228274,22.182818
G_02311,48,49,0.2479723051255113,Satkhira Range,True,False,730250.0,2454750.0,89.23312,22.182752
G_02312,48,50,0.9379013755915863,Satkhira Range,True,False,730750.0,2454750.0,89.237967,22.182686
G_02313,48,51,1.0,Satkhira Range,True,False,731250.0,2454750.0,89.242813,22.182619
G_02314,48,52,1.0,Satkhira Range,True,False,731750.0,2454750.0,89.24766,22.182552
G_02315,48,53,1.0,Satkhira Range,True,False,732250.0,2454750.0,89.252506,22.182485
G_02316,48,54,1.0,Satkhira Range,True,False,732750.0,2454750.0,89.257352,22.182418
G_02317,48,55,1.0,Satkhira Range,True,False,733250.0,2454750.0,89.262199,22.182351
G_02318,48,56,1.0,Satkhira Range,True,False,733750.0,2454750.0,89.267045,22.182283
G_02319,48,57,1.0,Satkhira Range,True,False,734250.0,2454750.0,89.271892,22.182216
G_02320,48,58,1.0,Satkhira Range,True,False,734750.0,2454750.0,89.276738,22.182148
G_02321,48,59,1.0,Satkhira Range,True,False,735250.0,2454750.0,89.281584,22.18208
G_02322,48,60,1.0,Satkhira Range,True,False,735750.0,2454750.0,89.286431,22.182012
G_02323,48,61,1.0,Satkhira Range,True,False,736250.0,2454750.0,89.291277,22.181944
G_02324,48,62,1.0,Satkhira Range,True,False,736750.0,2454750.0,89.296123,22.181876
G_02325,48,63,1.0,Satkhira Range,True,False,737250.0,2454750.0,89.30097,22.181808
G_02326,48,64,0.9382785650608632,Satkhira Range,True,False,737750.0,2454750.0,89.305816,22.181739
G_02327,48,65,0.12271189589753469,Satkhira Range,True,False,738250.0,2454750.0,89.310662,22.18167
G_02328,49,16,0.656740261833619,Satkhira Range,True,False,713750.0,2454250.0,89.073109,22.180353
G_02329,49,17,1.0,Satkhira Range,True,False,714250.0,2454250.0,89.077956,22.180291
G_02330,49,18,0.9999224967996733,Satkhira Range,True,False,714750.0,2454250.0,89.082803,22.180229
G_02331,49,19,0.7263463561114489,Satkhira Range,True,False,715250.0,2454250.0,89.08765,22.180167
G_02332,49,20,1.0,Satkhira Range,True,False,715750.0,2454250.0,89.092497,22.180105
G_02333,49,21,1.0,Satkhira Range,True,False,716250.0,2454250.0,89.097343,22.180042
G_02334,49,22,1.0,Satkhira Range,True,False,716750.0,2454250.0,89.10219,22.17998
G_02335,49,23,1.0,Satkhira Range,True,False,717250.0,2454250.0,89.107037,22.179917
G_02336,49,24,1.0,Satkhira Range,True,False,717750.0,2454250.0,89.111884,22.179854
G_02337,49,25,1.0,Satkhira Range,True,False,718250.0,2454250.0,89.116731,22.179791
G_02338,49,26,1.0,Satkhira Range,True,False,718750.0,2454250.0,89.121578,22.179728
G_02339,49,27,1.0,Satkhira Range,True,False,719250.0,2454250.0,89.126424,22.179665
G_02340,49,28,1.0,Satkhira Range,True,False,719750.0,2454250.0,89.131271,22.179602
G_02341,49,29,1.0,Satkhira Range,True,False,720250.0,2454250.0,89.136118,22.179538
G_02342,49,30,1.0,Satkhira Range,True,False,720750.0,2454250.0,89.140965,22.179475
G_02343,49,31,0.5981642918263014,Satkhira Range,True,False,721250.0,2454250.0,89.145811,22.179411
G_02344,49,32,1.0,Satkhira Range,True,False,721750.0,2454250.0,89.150658,22.179347
G_02345,49,33,1.0,Satkhira Range,True,False,722250.0,2454250.0,89.155505,22.179283
G_02346,49,34,1.0,Satkhira Range,True,False,722750.0,2454250.0,89.160351,22.179219
G_02347,49,35,1.0,Satkhira Range,True,False,723250.0,2454250.0,89.165198,22.179154
G_02348,49,36,1.0,Satkhira Range,True,False,723750.0,2454250.0,89.170044,22.17909
G_02349,49,37,1.0,Satkhira Range,True,False,724250.0,2454250.0,89.174891,22.179025
G_02350,49,38,1.0,Satkhira Range,True,False,724750.0,2454250.0,89.179738,22.17896
G_02351,49,39,0.9467375523494199,Satkhira Range,True,False,725250.0,2454250.0,89.184584,22.178896
G_02352,49,40,0.8945843889683124,Satkhira Range,True,False,725750.0,2454250.0,89.189431,22.17883
G_02353,49,41,1.0,Satkhira Range,True,False,726250.0,2454250.0,89.194277,22.178765
G_02354,49,42,0.49292933155622437,Satkhira Range,True,False,726750.0,2454250.0,89.199124,22.1787
G_02355,49,43,0.4730920080425023,Satkhira Range,True,False,727250.0,2454250.0,89.20397,22.178634
G_02356,49,44,0.519327437732831,Satkhira Range,True,False,727750.0,2454250.0,89.208817,22.178569
G_02357,49,45,0.8342933970749067,Satkhira Range,True,False,728250.0,2454250.0,89.213663,22.178503
G_02358,49,46,0.9834136410491063,Satkhira Range,True,False,728750.0,2454250.0,89.21851,22.178437
G_02359,49,47,1.0,Satkhira Range,True,False,729250.0,2454250.0,89.223356,22.178371
G_02360,49,48,1.0,Satkhira Range,True,False,729750.0,2454250.0,89.228202,22.178305
G_02361,49,49,0.6557283359386189,Satkhira Range,True,False,730250.0,2454250.0,89.233049,22.178238
G_02362,49,50,0.4540686647280141,Satkhira Range,True,False,730750.0,2454250.0,89.237895,22.178172
G_02363,49,51,1.0,Satkhira Range,True,False,731250.0,2454250.0,89.242741,22.178105
G_02364,49,52,1.0,Satkhira Range,True,False,731750.0,2454250.0,89.247588,22.178038
G_02365,49,53,1.0,Satkhira Range,True,False,732250.0,2454250.0,89.252434,22.177971
G_02366,49,54,1.0,Satkhira Range,True,False,732750.0,2454250.0,89.25728,22.177904
G_02367,49,55,1.0,Satkhira Range,True,False,733250.0,2454250.0,89.262127,22.177837
G_02368,49,56,1.0,Satkhira Range,True,False,733750.0,2454250.0,89.266973,22.17777
G_02369,49,57,1.0,Satkhira Range,True,False,734250.0,2454250.0,89.271819,22.177702
G_02370,49,58,1.0,Satkhira Range,True,False,734750.0,2454250.0,89.276665,22.177635
G_02371,49,59,1.0,Satkhira Range,True,False,735250.0,2454250.0,89.281512,22.177567
G_02372,49,60,1.0,Satkhira Range,True,False,735750.0,2454250.0,89.286358,22.177499
G_02373,49,61,1.0,Satkhira Range,True,False,736250.0,2454250.0,89.291204,22.177431
G_02374,49,62,1.0,Satkhira Range,True,False,736750.0,2454250.0,89.29605,22.177362
G_02375,49,63,0.9549369495580153,Satkhira Range,True,False,737250.0,2454250.0,89.300896,22.177294
G_02376,49,64,0.2434914509357219,Satkhira Range,True,False,737750.0,2454250.0,89.305742,22.177226
G_02377,50,15,0.3793084525121638,Satkhira Range,True,False,713250.0,2453750.0,89.068196,22.1759
G_02378,50,16,1.0,Satkhira Range,True,False,713750.0,2453750.0,89.073043,22.175838
G_02379,50,17,1.0,Satkhira Range,True,False,714250.0,2453750.0,89.07789,22.175777
G_02380,50,18,1.0,Satkhira Range,True,False,714750.0,2453750.0,89.082736,22.175715
G_02381,50,19,0.7250726223984859,Satkhira Range,True,False,715250.0,2453750.0,89.087583,22.175653
G_02382,50,20,0.40251421943964955,Satkhira Range,True,False,715750.0,2453750.0,89.09243,22.17559
G_02383,50,21,0.8924727093964052,Satkhira Range,True,False,716250.0,2453750.0,89.097276,22.175528
G_02384,50,22,1.0,Satkhira Range,True,False,716750.0,2453750.0,89.102123,22.175466
G_02385,50,23,1.0,Satkhira Range,True,False,717250.0,2453750.0,89.10697,22.175403
G_02386,50,24,1.0,Satkhira Range,True,False,717750.0,2453750.0,89.111817,22.17534
G_02387,50,25,1.0,Satkhira Range,True,False,718250.0,2453750.0,89.116663,22.175277
G_02388,50,26,1.0,Satkhira Range,True,False,718750.0,2453750.0,89.12151,22.175214
G_02389,50,27,1.0,Satkhira Range,True,False,719250.0,2453750.0,89.126356,22.175151
G_02390,50,28,1.0,Satkhira Range,True,False,719750.0,2453750.0,89.131203,22.175088
G_02391,50,29,1.0,Satkhira Range,True,False,720250.0,2453750.0,89.13605,22.175024
G_02392,50,30,0.9030418193330105,Satkhira Range,True,False,720750.0,2453750.0,89.140896,22.174961
G_02393,50,31,0.7661397167521398,Satkhira Range,True,False,721250.0,2453750.0,89.145743,22.174897
G_02394,50,32,1.0,Satkhira Range,True,False,721750.0,2453750.0,89.150589,22.174833
G_02395,50,33,1.0,Satkhira Range,True,False,722250.0,2453750.0,89.155436,22.174769
G_02396,50,34,1.0,Satkhira Range,True,False,722750.0,2453750.0,89.160282,22.174705
G_02397,50,35,1.0,Satkhira Range,True,False,723250.0,2453750.0,89.165129,22.17464
G_02398,50,36,1.0,Satkhira Range,True,False,723750.0,2453750.0,89.169975,22.174576
G_02399,50,37,1.0,Satkhira Range,True,False,724250.0,2453750.0,89.174822,22.174511
G_02400,50,38,0.9269432705011202,Satkhira Range,True,False,724750.0,2453750.0,89.179668,22.174447
G_02401,50,39,0.6058209527623208,Satkhira Range,True,False,725250.0,2453750.0,89.184514,22.174382
G_02402,50,40,0.9302113904941013,Satkhira Range,True,False,725750.0,2453750.0,89.189361,22.174317
G_02403,50,41,1.0,Satkhira Range,True,False,726250.0,2453750.0,89.194207,22.174251
G_02404,50,42,0.7213693493340546,Satkhira Range,True,False,726750.0,2453750.0,89.199054,22.174186
G_02405,50,43,1.0,Satkhira Range,True,False,727250.0,2453750.0,89.2039,22.174121
G_02406,50,44,0.9309321947871428,Satkhira Range,True,False,727750.0,2453750.0,89.208746,22.174055
G_02407,50,45,0.656303498080482,Satkhira Range,True,False,728250.0,2453750.0,89.213592,22.173989
G_02408,50,46,0.3644023373000982,Satkhira Range,True,False,728750.0,2453750.0,89.218439,22.173923
G_02409,50,47,0.8783721745698377,Satkhira Range,True,False,729250.0,2453750.0,89.223285,22.173857
G_02410,50,48,1.0,Satkhira Range,True,False,729750.0,2453750.0,89.228131,22.173791
G_02411,50,49,0.9966526695734491,Satkhira Range,True,False,730250.0,2453750.0,89.232977,22.173725
G_02412,50,50,0.22171593341607074,Satkhira Range,True,False,730750.0,2453750.0,89.237824,22.173658
G_02413,50,51,0.9974431798079383,Satkhira Range,True,False,731250.0,2453750.0,89.24267,22.173591
G_02414,50,52,1.0,Satkhira Range,True,False,731750.0,2453750.0,89.247516,22.173525
G_02415,50,53,1.0,Satkhira Range,True,False,732250.0,2453750.0,89.252362,22.173458
G_02416,50,54,1.0,Satkhira Range,True,False,732750.0,2453750.0,89.257208,22.173391
G_02417,50,55,1.0,Satkhira Range,True,False,733250.0,2453750.0,89.262054,22.173323
G_02418,50,56,1.0,Satkhira Range,True,False,733750.0,2453750.0,89.2669,22.173256
G_02419,50,57,1.0,Satkhira Range,True,False,734250.0,2453750.0,89.271747,22.173189
G_02420,50,58,1.0,Satkhira Range,True,False,734750.0,2453750.0,89.276593,22.173121
G_02421,50,59,1.0,Satkhira Range,True,False,735250.0,2453750.0,89.281439,22.173053
G_02422,50,60,1.0,Satkhira Range,True,False,735750.0,2453750.0,89.286285,22.172985
G_02423,50,61,1.0,Satkhira Range,True,False,736250.0,2453750.0,89.291131,22.172917
G_02424,50,62,0.8674723738104986,Satkhira Range,True,False,736750.0,2453750.0,89.295977,22.172849
G_02425,50,63,0.2101021369912127,Satkhira Range,True,False,737250.0,2453750.0,89.300823,22.172781
G_02426,51,15,0.6611196496837664,Satkhira Range,True,False,713250.0,2453250.0,89.06813,22.171386
G_02427,51,16,1.0,Satkhira Range,True,False,713750.0,2453250.0,89.072977,22.171324
G_02428,51,17,1.0,Satkhira Range,True,False,714250.0,2453250.0,89.077823,22.171262
G_02429,51,18,1.0,Satkhira Range,True,False,714750.0,2453250.0,89.08267,22.1712
G_02430,51,19,1.0,Satkhira Range,True,False,715250.0,2453250.0,89.087516,22.171138
G_02431,51,20,0.9272728560066766,Satkhira Range,True,False,715750.0,2453250.0,89.092363,22.171076
G_02432,51,21,0.3643621828915705,Satkhira Range,True,False,716250.0,2453250.0,89.09721,22.171014
G_02433,51,22,0.8546218606564709,Satkhira Range,True,False,716750.0,2453250.0,89.102056,22.170952
G_02434,51,23,1.0,Satkhira Range,True,False,717250.0,2453250.0,89.106903,22.170889
G_02435,51,24,1.0,Satkhira Range,True,False,717750.0,2453250.0,89.111749,22.170826
G_02436,51,25,1.0,Satkhira Range,True,False,718250.0,2453250.0,89.116596,22.170763
G_02437,51,26,1.0,Satkhira Range,True,False,718750.0,2453250.0,89.121442,22.1707
G_02438,51,27,1.0,Satkhira Range,True,False,719250.0,2453250.0,89.126289,22.170637
G_02439,51,28,1.0,Satkhira Range,True,False,719750.0,2453250.0,89.131135,22.170574
G_02440,51,29,1.0,Satkhira Range,True,False,720250.0,2453250.0,89.135981,22.17051
G_02441,51,30,0.6704547689105228,Satkhira Range,True,False,720750.0,2453250.0,89.140828,22.170447
G_02442,51,31,0.9940308903417273,Satkhira Range,True,False,721250.0,2453250.0,89.145674,22.170383
G_02443,51,32,1.0,Satkhira Range,True,False,721750.0,2453250.0,89.150521,22.170319
G_02444,51,33,1.0,Satkhira Range,True,False,722250.0,2453250.0,89.155367,22.170255
G_02445,51,34,1.0,Satkhira Range,True,False,722750.0,2453250.0,89.160213,22.170191
G_02446,51,35,1.0,Satkhira Range,True,False,723250.0,2453250.0,89.16506,22.170127
G_02447,51,36,1.0,Satkhira Range,True,False,723750.0,2453250.0,89.169906,22.170062
G_02448,51,37,1.0,Satkhira Range,True,False,724250.0,2453250.0,89.174752,22.169997
G_02449,51,38,0.7700857399280462,Satkhira Range,True,False,724750.0,2453250.0,89.179598,22.169933
G_02450,51,39,0.9630389682944359,Satkhira Range,True,False,725250.0,2453250.0,89.184445,22.169868
G_02451,51,40,0.6868052692145911,Satkhira Range,True,False,725750.0,2453250.0,89.189291,22.169803
G_02452,51,41,0.6498276719378618,Satkhira Range,True,False,726250.0,2453250.0,89.194137,22.169738
G_02453,51,42,0.8249123382205203,Satkhira Range,True,False,726750.0,2453250.0,89.198983,22.169672
G_02454,51,43,1.0,Satkhira Range,True,False,727250.0,2453250.0,89.203829,22.169607
G_02455,51,44,1.0,Satkhira Range,True,False,727750.0,2453250.0,89.208676,22.169541
G_02456,51,45,0.9099722395740611,Satkhira Range,True,False,728250.0,2453250.0,89.213522,22.169475
G_02457,51,46,0.40760608521178815,Satkhira Range,True,False,728750.0,2453250.0,89.218368,22.169409
G_02458,51,47,0.8514348221639594,Satkhira Range,True,False,729250.0,2453250.0,89.223214,22.169343
G_02459,51,48,1.0,Satkhira Range,True,False,729750.0,2453250.0,89.22806,22.169277
G_02460,51,49,1.0,Satkhira Range,True,False,730250.0,2453250.0,89.232906,22.169211
G_02461,51,50,0.3977907028868917,Satkhira Range,True,False,730750.0,2453250.0,89.237752,22.169144
G_02462,51,51,0.7812300978741967,Satkhira Range,True,False,731250.0,2453250.0,89.242598,22.169078
G_02463,51,52,1.0,Satkhira Range,True,False,731750.0,2453250.0,89.247444,22.169011
G_02464,51,53,1.0,Satkhira Range,True,False,732250.0,2453250.0,89.25229,22.168944
G_02465,51,54,1.0,Satkhira Range,True,False,732750.0,2453250.0,89.257136,22.168877
G_02466,51,55,0.8967849603526916,Satkhira Range,True,False,733250.0,2453250.0,89.261982,22.16881
G_02467,51,56,1.0,Satkhira Range,True,False,733750.0,2453250.0,89.266828,22.168742
G_02468,51,57,1.0,Satkhira Range,True,False,734250.0,2453250.0,89.271674,22.168675
G_02469,51,58,1.0,Satkhira Range,True,False,734750.0,2453250.0,89.27652,22.168607
G_02470,51,59,1.0,Satkhira Range,True,False,735250.0,2453250.0,89.281366,22.16854
G_02471,51,60,0.999485516641006,Satkhira Range,True,False,735750.0,2453250.0,89.286212,22.168472
G_02472,51,61,0.5807787313745109,Satkhira Range,True,False,736250.0,2453250.0,89.291057,22.168404
G_02473,52,15,0.552995218619076,Satkhira Range,True,False,713250.0,2452750.0,89.068064,22.166871
G_02474,52,16,1.0,Satkhira Range,True,False,713750.0,2452750.0,89.07291,22.16681
G_02475,52,17,1.0,Satkhira Range,True,False,714250.0,2452750.0,89.077757,22.166748
G_02476,52,18,1.0,Satkhira Range,True,False,714750.0,2452750.0,89.082603,22.166686
G_02477,52,19,1.0,Satkhira Range,True,False,715250.0,2452750.0,89.08745,22.166624
G_02478,52,20,1.0,Satkhira Range,True,False,715750.0,2452750.0,89.092296,22.166562
G_02479,52,21,0.9611000488571251,Satkhira Range,True,False,716250.0,2452750.0,89.097143,22.1665
G_02480,52,22,0.39310341968943646,Satkhira Range,True,False,716750.0,2452750.0,89.101989,22.166437
G_02481,52,23,0.9865031341151745,Satkhira Range,True,False,717250.0,2452750.0,89.106835,22.166375
G_02482,52,24,1.0,Satkhira Range,True,False,717750.0,2452750.0,89.111682,22.166312
G_02483,52,25,1.0,Satkhira Range,True,False,718250.0,2452750.0,89.116528,22.166249
G_02484,52,26,1.0,Satkhira Range,True,False,718750.0,2452750.0,89.121374,22.166186
G_02485,52,27,1.0,Satkhira Range,True,False,719250.0,2452750.0,89.126221,22.166123
G_02486,52,28,1.0,Satkhira Range,True,False,719750.0,2452750.0,89.131067,22.16606
G_02487,52,29,1.0,Satkhira Range,True,False,720250.0,2452750.0,89.135913,22.165996
G_02488,52,30,0.6462723019535802,Satkhira Range,True,False,720750.0,2452750.0,89.140759,22.165933
G_02489,52,31,1.0,Satkhira Range,True,False,721250.0,2452750.0,89.145606,22.165869
G_02490,52,32,1.0,Satkhira Range,True,False,721750.0,2452750.0,89.150452,22.165805
G_02491,52,33,1.0,Satkhira Range,True,False,722250.0,2452750.0,89.155298,22.165741
G_02492,52,34,1.0,Satkhira Range,True,False,722750.0,2452750.0,89.160144,22.165677
G_02493,52,35,1.0,Satkhira Range,True,False,723250.0,2452750.0,89.16499,22.165613
G_02494,52,36,1.0,Satkhira Range,True,False,723750.0,2452750.0,89.169837,22.165548
G_02495,52,37,1.0,Satkhira Range,True,False,724250.0,2452750.0,89.174683,22.165484
G_02496,52,38,0.8364237105342199,Satkhira Range,True,False,724750.0,2452750.0,89.179529,22.165419
G_02497,52,39,0.6448047692047413,Satkhira Range,True,False,725250.0,2452750.0,89.184375,22.165354
G_02498,52,40,0.8831284665619157,Satkhira Range,True,False,725750.0,2452750.0,89.189221,22.165289
G_02499,52,41,1.0,Satkhira Range,True,False,726250.0,2452750.0,89.194067,22.165224
G_02500,52,42,1.0,Satkhira Range,True,False,726750.0,2452750.0,89.198913,22.165158
G_02501,52,43,1.0,Satkhira Range,True,False,727250.0,2452750.0,89.203759,22.165093
G_02502,52,44,0.8671519683754244,Satkhira Range,True,False,727750.0,2452750.0,89.208605,22.165027
G_02503,52,45,0.37123203905658925,Satkhira Range,True,False,728250.0,2452750.0,89.213451,22.164962
G_02504,52,46,0.8864867554855715,Satkhira Range,True,False,728750.0,2452750.0,89.218297,22.164896
G_02505,52,47,1.0,Satkhira Range,True,False,729250.0,2452750.0,89.223143,22.16483
G_02506,52,48,1.0,Satkhira Range,True,False,729750.0,2452750.0,89.227989,22.164763
G_02507,52,49,1.0,Satkhira Range,True,False,730250.0,2452750.0,89.232835,22.164697
G_02508,52,50,0.8760485710701638,Satkhira Range,True,False,730750.0,2452750.0,89.237681,22.164631
G_02509,52,51,0.17226651255747738,Satkhira Range,True,False,731250.0,2452750.0,89.242527,22.164564
G_02510,52,52,0.7998221726217493,Satkhira Range,True,False,731750.0,2452750.0,89.247372,22.164497
G_02511,52,53,1.0,Satkhira Range,True,False,732250.0,2452750.0,89.252218,22.16443
G_02512,52,54,0.7882652804473684,Satkhira Range,True,False,732750.0,2452750.0,89.257064,22.164363
G_02513,52,55,0.7348142907997437,Satkhira Range,True,False,733250.0,2452750.0,89.26191,22.164296
G_02514,52,56,1.0,Satkhira Range,True,False,733750.0,2452750.0,89.266756,22.164229
G_02515,52,57,1.0,Satkhira Range,True,False,734250.0,2452750.0,89.271601,22.164161
G_02516,52,58,1.0,Satkhira Range,True,False,734750.0,2452750.0,89.276447,22.164094
G_02517,52,59,0.9422585390500269,Satkhira Range,True,False,735250.0,2452750.0,89.281293,22.164026
G_02518,52,60,0.2954186065960873,Satkhira Range,True,False,735750.0,2452750.0,89.286139,22.163958
G_02519,53,15,0.30861352948419596,Satkhira Range,True,False,713250.0,2452250.0,89.067998,22.162357
G_02520,53,16,1.0,Satkhira Range,True,False,713750.0,2452250.0,89.072844,22.162296
G_02521,53,17,1.0,Satkhira Range,True,False,714250.0,2452250.0,89.07769,22.162234
G_02522,53,18,0.999927570492333,Satkhira Range,True,False,714750.0,2452250.0,89.082537,22.162172
G_02523,53,19,0.6792682205389172,Satkhira Range,True,False,715250.0,2452250.0,89.087383,22.16211
G_02524,53,20,0.3963924505915448,Satkhira Range,True,False,715750.0,2452250.0,89.092229,22.162048
G_02525,53,21,0.6109091925850862,Satkhira Range,True,False,716250.0,2452250.0,89.097076,22.161986
G_02526,53,22,0.8555510447690913,Satkhira Range,True,False,716750.0,2452250.0,89.101922,22.161923
G_02527,53,23,0.6105950103663826,Satkhira Range,True,False,717250.0,2452250.0,89.106768,22.161861
G_02528,53,24,1.0,Satkhira Range,True,False,717750.0,2452250.0,89.111614,22.161798
G_02529,53,25,1.0,Satkhira Range,True,False,718250.0,2452250.0,89.11646,22.161735
G_02530,53,26,1.0,Satkhira Range,True,False,718750.0,2452250.0,89.121307,22.161672
G_02531,53,27,1.0,Satkhira Range,True,False,719250.0,2452250.0,89.126153,22.161609
G_02532,53,28,1.0,Satkhira Range,True,False,719750.0,2452250.0,89.130999,22.161546
G_02533,53,29,1.0,Satkhira Range,True,False,720250.0,2452250.0,89.135845,22.161482
G_02534,53,30,0.6680686499437625,Satkhira Range,True,False,720750.0,2452250.0,89.140691,22.161419
G_02535,53,31,1.0,Satkhira Range,True,False,721250.0,2452250.0,89.145537,22.161355
G_02536,53,32,1.0,Satkhira Range,True,False,721750.0,2452250.0,89.150383,22.161291
G_02537,53,33,1.0,Satkhira Range,True,False,722250.0,2452250.0,89.155229,22.161227
G_02538,53,34,1.0,Satkhira Range,True,False,722750.0,2452250.0,89.160075,22.161163
G_02539,53,35,1.0,Satkhira Range,True,False,723250.0,2452250.0,89.164921,22.161099
G_02540,53,36,1.0,Satkhira Range,True,False,723750.0,2452250.0,89.169767,22.161034
G_02541,53,37,1.0,Satkhira Range,True,False,724250.0,2452250.0,89.174613,22.16097
G_02542,53,38,1.0,Satkhira Range,True,False,724750.0,2452250.0,89.179459,22.160905
G_02543,53,39,1.0,Satkhira Range,True,False,725250.0,2452250.0,89.184305,22.16084
G_02544,53,40,1.0,Satkhira Range,True,False,725750.0,2452250.0,89.189151,22.160775
G_02545,53,41,1.0,Satkhira Range,True,False,726250.0,2452250.0,89.193997,22.16071
G_02546,53,42,1.0,Satkhira Range,True,False,726750.0,2452250.0,89.198843,22.160645
G_02547,53,43,1.0,Satkhira Range,True,False,727250.0,2452250.0,89.203689,22.160579
G_02548,53,44,0.6654689130764073,Satkhira Range,True,False,727750.0,2452250.0,89.208535,22.160513
G_02549,53,45,0.8510067327738425,Satkhira Range,True,False,728250.0,2452250.0,89.21338,22.160448
G_02550,53,46,1.0,Satkhira Range,True,False,728750.0,2452250.0,89.218226,22.160382
G_02551,53,47,1.0,Satkhira Range,True,False,729250.0,2452250.0,89.223072,22.160316
G_02552,53,48,0.9496345130800721,Satkhira Range,True,False,729750.0,2452250.0,89.227918,22.16025
G_02553,53,49,0.7869057361340888,Satkhira Range,True,False,730250.0,2452250.0,89.232764,22.160183
G_02554,53,50,0.6775911694197413,Satkhira Range,True,False,730750.0,2452250.0,89.237609,22.160117
G_02555,53,51,0.23218337757090368,Satkhira Range,True,False,731250.0,2452250.0,89.242455,22.16005
G_02556,53,52,0.8244931280849568,Satkhira Range,True,False,731750.0,2452250.0,89.247301,22.159984
G_02557,53,53,1.0,Satkhira Range,True,False,732250.0,2452250.0,89.252146,22.159917
G_02558,53,54,0.948716361968242,Satkhira Range,True,False,732750.0,2452250.0,89.256992,22.15985
G_02559,53,55,0.6899226691267109,Satkhira Range,True,False,733250.0,2452250.0,89.261838,22.159782
G_02560,53,56,1.0,Satkhira Range,True,False,733750.0,2452250.0,89.266683,22.159715
G_02561,53,57,1.0,Satkhira Range,True,False,734250.0,2452250.0,89.271529,22.159648
G_02562,53,58,0.9761232008925045,Satkhira Range,True,False,734750.0,2452250.0,89.276375,22.15958
G_02563,53,59,0.2035658341132238,Satkhira Range,True,False,735250.0,2452250.0,89.28122,22.159512
G_02564,54,15,0.07246237600333531,Satkhira Range,True,False,713250.0,2451750.0,89.067932,22.157843
G_02565,54,16,0.9861665011163667,Satkhira Range,True,False,713750.0,2451750.0,89.072778,22.157781
G_02566,54,17,1.0,Satkhira Range,True,False,714250.0,2451750.0,89.077624,22.15772
G_02567,54,18,0.5486927845111248,Satkhira Range,True,False,714750.0,2451750.0,89.08247,22.157658
G_02568,54,22,0.6206862909136349,Satkhira Range,True,False,716750.0,2451750.0,89.101855,22.157409
G_02569,54,23,0.45919732365743626,Satkhira Range,True,False,717250.0,2451750.0,89.106701,22.157347
G_02570,54,24,0.4641127645166702,Satkhira Range,True,False,717750.0,2451750.0,89.111547,22.157284
G_02571,54,25,0.5376045769832494,Satkhira Range,True,False,718250.0,2451750.0,89.116393,22.157221
G_02572,54,26,0.738398088994737,Satkhira Range,True,False,718750.0,2451750.0,89.121239,22.157158
G_02573,54,27,0.9835795046149975,Satkhira Range,True,False,719250.0,2451750.0,89.126085,22.157095
G_02574,54,28,1.0,Satkhira Range,True,False,719750.0,2451750.0,89.130931,22.157032
G_02575,54,29,1.0,Satkhira Range,True,False,720250.0,2451750.0,89.135777,22.156968
G_02576,54,30,0.6709146365995197,Satkhira Range,True,False,720750.0,2451750.0,89.140623,22.156905
G_02577,54,31,0.9655691660196942,Satkhira Range,True,False,721250.0,2451750.0,89.145469,22.156841
G_02578,54,32,1.0,Satkhira Range,True,False,721750.0,2451750.0,89.150315,22.156777
G_02579,54,33,1.0,Satkhira Range,True,False,722250.0,2451750.0,89.15516,22.156713
G_02580,54,34,1.0,Satkhira Range,True,False,722750.0,2451750.0,89.160006,22.156649
G_02581,54,35,1.0,Satkhira Range,True,False,723250.0,2451750.0,89.164852,22.156585
G_02582,54,36,1.0,Satkhira Range,True,False,723750.0,2451750.0,89.169698,22.15652
G_02583,54,37,1.0,Satkhira Range,True,False,724250.0,2451750.0,89.174544,22.156456
G_02584,54,38,1.0,Satkhira Range,True,False,724750.0,2451750.0,89.17939,22.156391
G_02585,54,39,1.0,Satkhira Range,True,False,725250.0,2451750.0,89.184235,22.156326
G_02586,54,40,0.9894243866721568,Satkhira Range,True,False,725750.0,2451750.0,89.189081,22.156261
G_02587,54,41,0.691533829907732,Satkhira Range,True,False,726250.0,2451750.0,89.193927,22.156196
G_02588,54,42,0.9987661549460248,Satkhira Range,True,False,726750.0,2451750.0,89.198773,22.156131
G_02589,54,43,1.0,Satkhira Range,True,False,727250.0,2451750.0,89.203618,22.156065
G_02590,54,44,0.6072858794242779,Satkhira Range,True,False,727750.0,2451750.0,89.208464,22.156
G_02591,54,45,0.7677032048610027,Satkhira Range,True,False,728250.0,2451750.0,89.21331,22.155934
G_02592,54,46,1.0,Satkhira Range,True,False,728750.0,2451750.0,89.218155,22.155868
G_02593,54,47,0.7557748564047284,Satkhira Range,True,False,729250.0,2451750.0,89.223001,22.155802
G_02594,54,48,0.5894801709215017,Satkhira Range,True,False,729750.0,2451750.0,89.227847,22.155736
G_02595,54,49,0.7921060179487326,Satkhira Range,True,False,730250.0,2451750.0,89.232692,22.15567
G_02596,54,50,0.8109044783579258,Satkhira Range,True,False,730750.0,2451750.0,89.237538,22.155603
G_02597,54,51,0.913339823268886,Satkhira Range,True,False,731250.0,2451750.0,89.242383,22.155537
G_02598,54,52,1.0,Satkhira Range,True,False,731750.0,2451750.0,89.247229,22.15547
G_02599,54,53,1.0,Satkhira Range,True,False,732250.0,2451750.0,89.252075,22.155403
G_02600,54,54,1.0,Satkhira Range,True,False,732750.0,2451750.0,89.25692,22.155336
G_02601,54,55,0.6850033824445931,Satkhira Range,True,False,733250.0,2451750.0,89.261766,22.155269
G_02602,54,56,1.0,Satkhira Range,True,False,733750.0,2451750.0,89.266611,22.155202
G_02603,54,57,1.0,Satkhira Range,True,False,734250.0,2451750.0,89.271456,22.155134
G_02604,54,58,0.5949539665966777,Satkhira Range,True,False,734750.0,2451750.0,89.276302,22.155067
G_02605,55,16,0.6013231426529907,Satkhira Range,True,False,713750.0,2451250.0,89.072712,22.153267
G_02606,55,17,0.876851388213226,Satkhira Range,True,False,714250.0,2451250.0,89.077558,22.153206
G_02607,55,22,0.3849576140767285,Satkhira Range,True,False,716750.0,2451250.0,89.101788,22.152895
G_02608,55,23,1.0,Satkhira Range,True,False,717250.0,2451250.0,89.106634,22.152832
G_02609,55,24,0.9457569937293656,Satkhira Range,True,False,717750.0,2451250.0,89.111479,22.15277
G_02610,55,25,0.7517124226897322,Satkhira Range,True,False,718250.0,2451250.0,89.116325,22.152707
G_02611,55,26,0.5583529475547468,Satkhira Range,True,False,718750.0,2451250.0,89.121171,22.152644
G_02612,55,27,0.3546310581079549,Satkhira Range,True,False,719250.0,2451250.0,89.126017,22.152581
G_02613,55,28,0.9462621105845915,Satkhira Range,True,False,719750.0,2451250.0,89.130863,22.152518
G_02614,55,29,1.0,Satkhira Range,True,False,720250.0,2451250.0,89.135709,22.152454
G_02615,55,30,0.9279975883860029,Satkhira Range,True,False,720750.0,2451250.0,89.140554,22.152391
G_02616,55,31,0.5319961542110591,Satkhira Range,True,False,721250.0,2451250.0,89.1454,22.152327
G_02617,55,32,0.6412857312711382,Satkhira Range,True,False,721750.0,2451250.0,89.150246,22.152263
G_02618,55,33,0.6867216808315822,Satkhira Range,True,False,722250.0,2451250.0,89.155092,22.152199
G_02619,55,34,0.6550300433441887,Satkhira Range,True,False,722750.0,2451250.0,89.159937,22.152135
G_02620,55,35,0.7808439089052285,Satkhira Range,True,False,723250.0,2451250.0,89.164783,22.152071
G_02621,55,36,1.0,Satkhira Range,True,False,723750.0,2451250.0,89.169629,22.152006
G_02622,55,37,1.0,Satkhira Range,True,False,724250.0,2451250.0,89.174474,22.151942
G_02623,55,38,1.0,Satkhira Range,True,False,724750.0,2451250.0,89.17932,22.151877
G_02624,55,39,1.0,Satkhira Range,True,False,725250.0,2451250.0,89.184166,22.151812
G_02625,55,40,0.6606389299034766,Satkhira Range,True,False,725750.0,2451250.0,89.189011,22.151747
G_02626,55,41,0.21173206967690378,Satkhira Range,True,False,726250.0,2451250.0,89.193857,22.151682
G_02627,55,42,0.5438561345551853,Satkhira Range,True,False,726750.0,2451250.0,89.198703,22.151617
G_02628,55,43,1.0,Satkhira Range,True,False,727250.0,2451250.0,89.203548,22.151551
G_02629,55,44,0.5441575302425979,Satkhira Range,True,False,727750.0,2451250.0,89.208394,22.151486
G_02630,55,45,0.7647759007900121,Satkhira Range,True,False,728250.0,2451250.0,89.213239,22.15142
G_02631,55,46,0.5282144546904826,Satkhira Range,True,False,728750.0,2451250.0,89.218085,22.151354
G_02632,55,47,0.6350099652604912,Satkhira Range,True,False,729250.0,2451250.0,89.22293,22.151288
G_02633,55,48,1.0,Satkhira Range,True,False,729750.0,2451250.0,89.227776,22.151222
G_02634,55,49,1.0,Satkhira Range,True,False,730250.0,2451250.0,89.232621,22.151156
G_02635,55,50,1.0,Satkhira Range,True,False,730750.0,2451250.0,89.237467,22.151089
G_02636,55,51,1.0,Satkhira Range,True,False,731250.0,2451250.0,89.242312,22.151023
G_02637,55,52,1.0,Satkhira Range,True,False,731750.0,2451250.0,89.247157,22.150956
G_02638,55,53,1.0,Satkhira Range,True,False,732250.0,2451250.0,89.252003,22.150889
G_02639,55,54,1.0,Satkhira Range,True,False,732750.0,2451250.0,89.256848,22.150822
G_02640,55,55,0.6007038602485892,Satkhira Range,True,False,733250.0,2451250.0,89.261693,22.150755
G_02641,55,56,1.0,Satkhira Range,True,False,733750.0,2451250.0,89.266539,22.150688
G_02642,55,57,0.7978741580473987,Satkhira Range,True,False,734250.0,2451250.0,89.271384,22.15062
G_02643,55,58,0.05180423695997227,Satkhira Range,True,False,734750.0,2451250.0,89.276229,22.150553
G_02644,56,17,0.18351869486720004,Satkhira Range,True,False,714250.0,2450750.0,89.077492,22.148691
G_02645,56,22,0.4597773997262966,Satkhira Range,True,False,716750.0,2450750.0,89.101721,22.148381
G_02646,56,23,1.0,Satkhira Range,True,False,717250.0,2450750.0,89.106566,22.148318
G_02647,56,24,1.0,Satkhira Range,True,False,717750.0,2450750.0,89.111412,22.148256
G_02648,56,25,1.0,Satkhira Range,True,False,718250.0,2450750.0,89.116258,22.148193
G_02649,56,26,1.0,Satkhira Range,True,False,718750.0,2450750.0,89.121104,22.14813
G_02650,56,27,0.7128463077881301,Satkhira Range,True,False,719250.0,2450750.0,89.125949,22.148067
G_02651,56,28,0.6002399319131744,Satkhira Range,True,False,719750.0,2450750.0,89.130795,22.148004
G_02652,56,29,1.0,Satkhira Range,True,False,720250.0,2450750.0,89.135641,22.14794
G_02653,56,30,1.0,Satkhira Range,True,False,720750.0,2450750.0,89.140486,22.147877
G_02654,56,31,1.0,Satkhira Range,True,False,721250.0,2450750.0,89.145332,22.147813
G_02655,56,32,1.0,Satkhira Range,True,False,721750.0,2450750.0,89.150177,22.147749
G_02656,56,33,1.0,Satkhira Range,True,False,722250.0,2450750.0,89.155023,22.147685
G_02657,56,34,1.0,Satkhira Range,True,False,722750.0,2450750.0,89.159869,22.147621
G_02658,56,35,0.6622523857457273,Satkhira Range,True,False,723250.0,2450750.0,89.164714,22.147557
G_02659,56,36,0.7531906885030866,Satkhira Range,True,False,723750.0,2450750.0,89.16956,22.147492
G_02660,56,37,1.0,Satkhira Range,True,False,724250.0,2450750.0,89.174405,22.147428
G_02661,56,38,1.0,Satkhira Range,True,False,724750.0,2450750.0,89.179251,22.147363
G_02662,56,39,1.0,Satkhira Range,True,False,725250.0,2450750.0,89.184096,22.147298
G_02663,56,40,0.5534680860115759,Satkhira Range,True,False,725750.0,2450750.0,89.188942,22.147233
G_02664,56,41,0.8527027195745932,Satkhira Range,True,False,726250.0,2450750.0,89.193787,22.147168
G_02665,56,42,0.5602066985422565,Satkhira Range,True,False,726750.0,2450750.0,89.198632,22.147103
G_02666,56,43,0.3615972321848694,Satkhira Range,True,False,727250.0,2450750.0,89.203478,22.147038
G_02667,56,44,0.2889247955027431,Satkhira Range,True,False,727750.0,2450750.0,89.208323,22.146972
G_02668,56,45,0.214006463419474,Satkhira Range,True,False,728250.0,2450750.0,89.213169,22.146906
G_02669,56,46,0.7681474593857597,Satkhira Range,True,False,728750.0,2450750.0,89.218014,22.14684
G_02670,56,47,1.0,Satkhira Range,True,False,729250.0,2450750.0,89.222859,22.146775
G_02671,56,48,1.0,Satkhira Range,True,False,729750.0,2450750.0,89.227705,22.146708
G_02672,56,49,1.0,Satkhira Range,True,False,730250.0,2450750.0,89.23255,22.146642
G_02673,56,50,1.0,Satkhira Range,True,False,730750.0,2450750.0,89.237395,22.146576
G_02674,56,51,1.0,Satkhira Range,True,False,731250.0,2450750.0,89.24224,22.146509
G_02675,56,52,1.0,Satkhira Range,True,False,731750.0,2450750.0,89.247086,22.146442
G_02676,56,53,1.0,Satkhira Range,True,False,732250.0,2450750.0,89.251931,22.146376
G_02677,56,54,1.0,Satkhira Range,True,False,732750.0,2450750.0,89.256776,22.146309
G_02678,56,55,0.6949329557107028,Satkhira Range,True,False,733250.0,2450750.0,89.261621,22.146242
G_02679,56,56,1.0,Satkhira Range,True,False,733750.0,2450750.0,89.266466,22.146174
G_02680,56,57,0.2584781272597739,Satkhira Range,True,False,734250.0,2450750.0,89.271312,22.146107
G_02681,57,21,0.0946097058138383,Satkhira Range,True,False,716250.0,2450250.0,89.096808,22.143929
G_02682,57,22,0.91015186585785,Satkhira Range,True,False,716750.0,2450250.0,89.101654,22.143867
G_02683,57,23,1.0,Satkhira Range,True,False,717250.0,2450250.0,89.106499,22.143804
G_02684,57,24,1.0,Satkhira Range,True,False,717750.0,2450250.0,89.111345,22.143742
G_02685,57,25,1.0,Satkhira Range,True,False,718250.0,2450250.0,89.11619,22.143679
G_02686,57,26,1.0,Satkhira Range,True,False,718750.0,2450250.0,89.121036,22.143616
G_02687,57,27,0.943253197054668,Satkhira Range,True,False,719250.0,2450250.0,89.125881,22.143553
G_02688,57,28,0.41310168605394976,Satkhira Range,True,False,719750.0,2450250.0,89.130727,22.143489
G_02689,57,29,1.0,Satkhira Range,True,False,720250.0,2450250.0,89.135572,22.143426
G_02690,57,30,1.0,Satkhira Range,True,False,720750.0,2450250.0,89.140418,22.143363
G_02691,57,31,1.0,Satkhira Range,True,False,721250.0,2450250.0,89.145263,22.143299
G_02692,57,32,1.0,Satkhira Range,True,False,721750.0,2450250.0,89.150109,22.143235
G_02693,57,33,1.0,Satkhira Range,True,False,722250.0,2450250.0,89.154954,22.143171
G_02694,57,34,1.0,Satkhira Range,True,False,722750.0,2450250.0,89.1598,22.143107
G_02695,57,35,1.0,Satkhira Range,True,False,723250.0,2450250.0,89.164645,22.143043
G_02696,57,36,0.6083795846834837,Satkhira Range,True,False,723750.0,2450250.0,89.16949,22.142978
G_02697,57,37,1.0,Satkhira Range,True,False,724250.0,2450250.0,89.174336,22.142914
G_02698,57,38,1.0,Satkhira Range,True,False,724750.0,2450250.0,89.179181,22.142849
G_02699,57,39,1.0,Satkhira Range,True,False,725250.0,2450250.0,89.184026,22.142784
G_02700,57,40,0.6829752384086764,Satkhira Range,True,False,725750.0,2450250.0,89.188872,22.142719
G_02701,57,41,0.6616918561325391,Satkhira Range,True,False,726250.0,2450250.0,89.193717,22.142654
G_02702,57,42,1.0,Satkhira Range,True,False,726750.0,2450250.0,89.198562,22.142589
G_02703,57,43,0.9225562946735743,Satkhira Range,True,False,727250.0,2450250.0,89.203408,22.142524
G_02704,57,44,0.7823444336384097,Satkhira Range,True,False,727750.0,2450250.0,89.208253,22.142458
G_02705,57,45,0.5437684248803816,Satkhira Range,True,False,728250.0,2450250.0,89.213098,22.142392
G_02706,57,46,1.0,Satkhira Range,True,False,728750.0,2450250.0,89.217943,22.142327
G_02707,57,47,1.0,Satkhira Range,True,False,729250.0,2450250.0,89.222788,22.142261
G_02708,57,48,1.0,Satkhira Range,True,False,729750.0,2450250.0,89.227634,22.142195
G_02709,57,49,1.0,Satkhira Range,True,False,730250.0,2450250.0,89.232479,22.142128
G_02710,57,50,1.0,Satkhira Range,True,False,730750.0,2450250.0,89.237324,22.142062
G_02711,57,51,1.0,Satkhira Range,True,False,731250.0,2450250.0,89.242169,22.141995
G_02712,57,52,1.0,Satkhira Range,True,False,731750.0,2450250.0,89.247014,22.141929
G_02713,57,53,1.0,Satkhira Range,True,False,732250.0,2450250.0,89.251859,22.141862
G_02714,57,54,1.0,Satkhira Range,True,False,732750.0,2450250.0,89.256704,22.141795
G_02715,57,55,0.6864974583810385,Satkhira Range,True,False,733250.0,2450250.0,89.261549,22.141728
G_02716,57,56,0.8211743452536752,Satkhira Range,True,False,733750.0,2450250.0,89.266394,22.141661
G_02717,58,20,0.23281861230000664,Satkhira Range,True,False,715750.0,2449750.0,89.091896,22.139477
G_02718,58,21,0.8556994238635868,Satkhira Range,True,False,716250.0,2449750.0,89.096741,22.139415
G_02719,58,22,1.0,Satkhira Range,True,False,716750.0,2449750.0,89.101587,22.139353
G_02720,58,23,1.0,Satkhira Range,True,False,717250.0,2449750.0,89.106432,22.13929
G_02721,58,24,1.0,Satkhira Range,True,False,717750.0,2449750.0,89.111277,22.139227
G_02722,58,25,1.0,Satkhira Range,True,False,718250.0,2449750.0,89.116123,22.139165
G_02723,58,26,1.0,Satkhira Range,True,False,718750.0,2449750.0,89.120968,22.139102
G_02724,58,27,0.992411595529918,Satkhira Range,True,False,719250.0,2449750.0,89.125814,22.139039
G_02725,58,28,0.38710203015568817,Satkhira Range,True,False,719750.0,2449750.0,89.130659,22.138975
G_02726,58,29,1.0,Satkhira Range,True,False,720250.0,2449750.0,89.135504,22.138912
G_02727,58,30,1.0,Satkhira Range,True,False,720750.0,2449750.0,89.14035,22.138849
G_02728,58,31,1.0,Satkhira Range,True,False,721250.0,2449750.0,89.145195,22.138785
G_02729,58,32,1.0,Satkhira Range,True,False,721750.0,2449750.0,89.15004,22.138721
G_02730,58,33,1.0,Satkhira Range,True,False,722250.0,2449750.0,89.154886,22.138657
G_02731,58,34,1.0,Satkhira Range,True,False,722750.0,2449750.0,89.159731,22.138593
G_02732,58,35,1.0,Satkhira Range,True,False,723250.0,2449750.0,89.164576,22.138529
G_02733,58,36,0.7015562823448773,Satkhira Range,True,False,723750.0,2449750.0,89.169421,22.138464
G_02734,58,37,1.0,Satkhira Range,True,False,724250.0,2449750.0,89.174266,22.1384
G_02735,58,38,1.0,Satkhira Range,True,False,724750.0,2449750.0,89.179112,22.138335
G_02736,58,39,1.0,Satkhira Range,True,False,725250.0,2449750.0,89.183957,22.13827
G_02737,58,40,0.9112952656029476,Satkhira Range,True,False,725750.0,2449750.0,89.188802,22.138206
G_02738,58,41,0.4073429909848342,Satkhira Range,True,False,726250.0,2449750.0,89.193647,22.13814
G_02739,58,42,1.0,Satkhira Range,True,False,726750.0,2449750.0,89.198492,22.138075
G_02740,58,43,1.0,Satkhira Range,True,False,727250.0,2449750.0,89.203337,22.13801
G_02741,58,44,0.97145206835245,Satkhira Range,True,False,727750.0,2449750.0,89.208182,22.137944
G_02742,58,45,0.4224460782407727,Satkhira Range,True,False,728250.0,2449750.0,89.213027,22.137879
G_02743,58,46,0.30398968381668756,Satkhira Range,True,False,728750.0,2449750.0,89.217872,22.137813
G_02744,58,47,0.3941264414190349,Satkhira Range,True,False,729250.0,2449750.0,89.222717,22.137747
G_02745,58,48,0.8798805290772453,Satkhira Range,True,False,729750.0,2449750.0,89.227562,22.137681
G_02746,58,49,1.0,Satkhira Range,True,False,730250.0,2449750.0,89.232407,22.137615
G_02747,58,50,1.0,Satkhira Range,True,False,730750.0,2449750.0,89.237252,22.137548
G_02748,58,51,1.0,Satkhira Range,True,False,731250.0,2449750.0,89.242097,22.137482
G_02749,58,52,1.0,Satkhira Range,True,False,731750.0,2449750.0,89.246942,22.137415
G_02750,58,53,1.0,Satkhira Range,True,False,732250.0,2449750.0,89.251787,22.137348
G_02751,58,54,1.0,Satkhira Range,True,False,732750.0,2449750.0,89.256632,22.137281
G_02752,58,55,0.8971188324790622,Satkhira Range,True,False,733250.0,2449750.0,89.261477,22.137214
G_02753,58,56,0.21199860223413153,Satkhira Range,True,False,733750.0,2449750.0,89.266322,22.137147
G_02754,59,18,0.15420587709347336,Satkhira Range,True,False,714750.0,2449250.0,89.082138,22.135087
G_02755,59,19,0.7243486289603853,Satkhira Range,True,False,715250.0,2449250.0,89.086984,22.135025
G_02756,59,20,0.9996073441696501,Satkhira Range,True,False,715750.0,2449250.0,89.091829,22.134963
G_02757,59,21,1.0,Satkhira Range,True,False,716250.0,2449250.0,89.096674,22.134901
G_02758,59,22,1.0,Satkhira Range,True,False,716750.0,2449250.0,89.10152,22.134838
G_02759,59,23,1.0,Satkhira Range,True,False,717250.0,2449250.0,89.106365,22.134776
G_02760,59,24,1.0,Satkhira Range,True,False,717750.0,2449250.0,89.11121,22.134713
G_02761,59,25,1.0,Satkhira Range,True,False,718250.0,2449250.0,89.116055,22.13465
G_02762,59,26,1.0,Satkhira Range,True,False,718750.0,2449250.0,89.120901,22.134588
G_02763,59,27,1.0,Satkhira Range,True,False,719250.0,2449250.0,89.125746,22.134525
G_02764,59,28,0.646575324614325,Satkhira Range,True,False,719750.0,2449250.0,89.130591,22.134461
G_02765,59,29,0.3057028327192543,Satkhira Range,True,False,720250.0,2449250.0,89.135436,22.134398
G_02766,59,30,0.6759318263463047,Satkhira Range,True,False,720750.0,2449250.0,89.140281,22.134334
G_02767,59,31,1.0,Satkhira Range,True,False,721250.0,2449250.0,89.145127,22.134271
G_02768,59,32,1.0,Satkhira Range,True,False,721750.0,2449250.0,89.149972,22.134207
G_02769,59,33,1.0,Satkhira Range,True,False,722250.0,2449250.0,89.154817,22.134143
G_02770,59,34,1.0,Satkhira Range,True,False,722750.0,2449250.0,89.159662,22.134079
G_02771,59,35,0.9865607357972553,Satkhira Range,True,False,723250.0,2449250.0,89.164507,22.134015
G_02772,59,36,0.5815690882180974,Satkhira Range,True,False,723750.0,2449250.0,89.169352,22.13395
G_02773,59,37,1.0,Satkhira Range,True,False,724250.0,2449250.0,89.174197,22.133886
G_02774,59,38,1.0,Satkhira Range,True,False,724750.0,2449250.0,89.179042,22.133821
G_02775,59,39,1.0,Satkhira Range,True,False,725250.0,2449250.0,89.183887,22.133757
G_02776,59,40,0.9970419480637833,Satkhira Range,True,False,725750.0,2449250.0,89.188732,22.133692
G_02777,59,41,0.2092792597365017,Satkhira Range,True,False,726250.0,2449250.0,89.193577,22.133627
G_02778,59,42,0.9257286206639632,Satkhira Range,True,False,726750.0,2449250.0,89.198422,22.133561
G_02779,59,43,1.0,Satkhira Range,True,False,727250.0,2449250.0,89.203267,22.133496
G_02780,59,44,0.9953306141524291,Satkhira Range,True,False,727750.0,2449250.0,89.208112,22.13343
G_02781,59,45,0.914466229690007,Satkhira Range,True,False,728250.0,2449250.0,89.212957,22.133365
G_02782,59,46,0.7986104949107957,Satkhira Range,True,False,728750.0,2449250.0,89.217802,22.133299
G_02783,59,47,0.42352333513447504,Satkhira Range,True,False,729250.0,2449250.0,89.222647,22.133233
G_02784,59,48,0.7357983348664695,Satkhira Range,True,False,729750.0,2449250.0,89.227491,22.133167
G_02785,59,49,1.0,Satkhira Range,True,False,730250.0,2449250.0,89.232336,22.133101
G_02786,59,50,1.0,Satkhira Range,True,False,730750.0,2449250.0,89.237181,22.133034
G_02787,59,51,1.0,Satkhira Range,True,False,731250.0,2449250.0,89.242026,22.132968
G_02788,59,52,1.0,Satkhira Range,True,False,731750.0,2449250.0,89.246871,22.132901
G_02789,59,53,1.0,Satkhira Range,True,False,732250.0,2449250.0,89.251715,22.132835
G_02790,59,54,1.0,Satkhira Range,True,False,732750.0,2449250.0,89.25656,22.132768
G_02791,59,55,1.0,Satkhira Range,True,False,733250.0,2449250.0,89.261405,22.1327
G_02792,59,56,0.15249262232345714,Satkhira Range,True,False,733750.0,2449250.0,89.26625,22.132633
G_02793,60,17,0.13720595091645235,Satkhira Range,True,False,714250.0,2448750.0,89.077227,22.130634
G_02794,60,18,0.9374509364561939,Satkhira Range,True,False,714750.0,2448750.0,89.082072,22.130573
G_02795,60,19,1.0,Satkhira Range,True,False,715250.0,2448750.0,89.086917,22.130511
G_02796,60,20,1.0,Satkhira Range,True,False,715750.0,2448750.0,89.091762,22.130449
G_02797,60,21,1.0,Satkhira Range,True,False,716250.0,2448750.0,89.096607,22.130387
G_02798,60,22,1.0,Satkhira Range,True,False,716750.0,2448750.0,89.101453,22.130324
G_02799,60,23,1.0,Satkhira Range,True,False,717250.0,2448750.0,89.106298,22.130262
G_02800,60,24,1.0,Satkhira Range,True,False,717750.0,2448750.0,89.111143,22.130199
G_02801,60,25,0.936369152218384,Satkhira Range,True,False,718250.0,2448750.0,89.115988,22.130136
G_02802,60,26,0.5088875049991777,Satkhira Range,True,False,718750.0,2448750.0,89.120833,22.130073
G_02803,60,27,0.4497645928907277,Satkhira Range,True,False,719250.0,2448750.0,89.125678,22.13001
G_02804,60,28,0.6941735553971583,Satkhira Range,True,False,719750.0,2448750.0,89.130523,22.129947
G_02805,60,29,0.9511038703546708,Satkhira Range,True,False,720250.0,2448750.0,89.135368,22.129884
G_02806,60,30,0.3956982694456092,Satkhira Range,True,False,720750.0,2448750.0,89.140213,22.12982
G_02807,60,31,0.780008850442796,Satkhira Range,True,False,721250.0,2448750.0,89.145058,22.129757
G_02808,60,32,1.0,Satkhira Range,True,False,721750.0,2448750.0,89.149903,22.129693
G_02809,60,33,1.0,Satkhira Range,True,False,722250.0,2448750.0,89.154748,22.129629
G_02810,60,34,1.0,Satkhira Range,True,False,722750.0,2448750.0,89.159593,22.129565
G_02811,60,35,0.98563890475056,Satkhira Range,True,False,723250.0,2448750.0,89.164438,22.129501
G_02812,60,36,0.4592631516055815,Satkhira Range,True,False,723750.0,2448750.0,89.169283,22.129437
G_02813,60,37,1.0,Satkhira Range,True,False,724250.0,2448750.0,89.174128,22.129372
G_02814,60,38,1.0,Satkhira Range,True,False,724750.0,2448750.0,89.178973,22.129307
G_02815,60,39,1.0,Satkhira Range,True,False,725250.0,2448750.0,89.183818,22.129243
G_02816,60,40,1.0,Satkhira Range,True,False,725750.0,2448750.0,89.188662,22.129178
G_02817,60,41,0.7739369048269198,Satkhira Range,True,False,726250.0,2448750.0,89.193507,22.129113
G_02818,60,42,0.11084333475859728,Satkhira Range,True,False,726750.0,2448750.0,89.198352,22.129047
G_02819,60,43,0.41817181948600907,Satkhira Range,True,False,727250.0,2448750.0,89.203197,22.128982
G_02820,60,44,0.2995062758811543,Satkhira Range,True,False,727750.0,2448750.0,89.208042,22.128917
G_02821,60,45,0.5013914532722075,Satkhira Range,True,False,728250.0,2448750.0,89.212886,22.128851
G_02822,60,46,0.6466747724396712,Satkhira Range,True,False,728750.0,2448750.0,89.217731,22.128785
G_02823,60,47,0.8960970263472668,Satkhira Range,True,False,729250.0,2448750.0,89.222576,22.128719
G_02824,60,48,1.0,Satkhira Range,True,False,729750.0,2448750.0,89.22742,22.128653
G_02825,60,49,1.0,Satkhira Range,True,False,730250.0,2448750.0,89.232265,22.128587
G_02826,60,50,1.0,Satkhira Range,True,False,730750.0,2448750.0,89.23711,22.128521
G_02827,60,51,1.0,Satkhira Range,True,False,731250.0,2448750.0,89.241954,22.128454
G_02828,60,52,1.0,Satkhira Range,True,False,731750.0,2448750.0,89.246799,22.128388
G_02829,60,53,1.0,Satkhira Range,True,False,732250.0,2448750.0,89.251644,22.128321
G_02830,60,54,1.0,Satkhira Range,True,False,732750.0,2448750.0,89.256488,22.128254
G_02831,60,55,1.0,Satkhira Range,True,False,733250.0,2448750.0,89.261333,22.128187
G_02832,60,56,0.24167748711224318,Satkhira Range,True,False,733750.0,2448750.0,89.266177,22.12812
G_02833,61,16,0.14997219279739604,Satkhira Range,True,False,713750.0,2448250.0,89.072315,22.126182
G_02834,61,17,0.8640884510863537,Satkhira Range,True,False,714250.0,2448250.0,89.07716,22.12612
G_02835,61,18,0.9990903366679366,Satkhira Range,True,False,714750.0,2448250.0,89.082005,22.126058
G_02836,61,19,0.8431403151290272,Satkhira Range,True,False,715250.0,2448250.0,89.086851,22.125997
G_02837,61,20,0.8661681582505876,Satkhira Range,True,False,715750.0,2448250.0,89.091696,22.125935
G_02838,61,21,1.0,Satkhira Range,True,False,716250.0,2448250.0,89.096541,22.125872
G_02839,61,22,1.0,Satkhira Range,True,False,716750.0,2448250.0,89.101386,22.12581
G_02840,61,23,1.0,Satkhira Range,True,False,717250.0,2448250.0,89.106231,22.125748
G_02841,61,24,1.0,Satkhira Range,True,False,717750.0,2448250.0,89.111076,22.125685
G_02842,61,25,0.4914608249771816,Satkhira Range,True,False,718250.0,2448250.0,89.115921,22.125622
G_02843,61,26,0.6530294421480016,Satkhira Range,True,False,718750.0,2448250.0,89.120765,22.125559
G_02844,61,27,0.7473775116540924,Satkhira Range,True,False,719250.0,2448250.0,89.12561,22.125496
G_02845,61,28,0.48427162491737574,Satkhira Range,True,False,719750.0,2448250.0,89.130455,22.125433
G_02846,61,29,0.26481136102358105,Satkhira Range,True,False,720250.0,2448250.0,89.1353,22.12537
G_02847,61,30,0.37876112466282036,Satkhira Range,True,False,720750.0,2448250.0,89.140145,22.125306
G_02848,61,31,0.921211734398906,Satkhira Range,True,False,721250.0,2448250.0,89.14499,22.125243
G_02849,61,32,1.0,Satkhira Range,True,False,721750.0,2448250.0,89.149835,22.125179
G_02850,61,33,1.0,Satkhira Range,True,False,722250.0,2448250.0,89.154679,22.125115
G_02851,61,34,1.0,Satkhira Range,True,False,722750.0,2448250.0,89.159524,22.125051
G_02852,61,35,1.0,Satkhira Range,True,False,723250.0,2448250.0,89.164369,22.124987
G_02853,61,36,0.7025215000332033,Satkhira Range,True,False,723750.0,2448250.0,89.169214,22.124923
G_02854,61,37,0.6368816424113853,Satkhira Range,True,False,724250.0,2448250.0,89.174059,22.124858
G_02855,61,38,0.986306171119968,Satkhira Range,True,False,724750.0,2448250.0,89.178903,22.124793
G_02856,61,39,0.779393562551758,Satkhira Range,True,False,725250.0,2448250.0,89.183748,22.124729
G_02857,61,40,0.8252093429573969,Satkhira Range,True,False,725750.0,2448250.0,89.188593,22.124664
G_02858,61,41,0.9996528084724735,Satkhira Range,True,False,726250.0,2448250.0,89.193437,22.124599
G_02859,61,42,0.8493119627335166,Satkhira Range,True,False,726750.0,2448250.0,89.198282,22.124534
G_02860,61,43,0.2231791135780923,Satkhira Range,True,False,727250.0,2448250.0,89.203127,22.124468
G_02861,61,44,0.36379301077844567,Satkhira Range,True,False,727750.0,2448250.0,89.207971,22.124403
G_02862,61,45,1.0,Satkhira Range,True,False,728250.0,2448250.0,89.212816,22.124337
G_02863,61,46,1.0,Satkhira Range,True,False,728750.0,2448250.0,89.21766,22.124271
G_02864,61,47,1.0,Satkhira Range,True,False,729250.0,2448250.0,89.222505,22.124206
G_02865,61,48,1.0,Satkhira Range,True,False,729750.0,2448250.0,89.22735,22.124139
G_02866,61,49,1.0,Satkhira Range,True,False,730250.0,2448250.0,89.232194,22.124073
G_02867,61,50,1.0,Satkhira Range,True,False,730750.0,2448250.0,89.237039,22.124007
G_02868,61,51,1.0,Satkhira Range,True,False,731250.0,2448250.0,89.241883,22.12394
G_02869,61,52,1.0,Satkhira Range,True,False,731750.0,2448250.0,89.246728,22.123874
G_02870,61,53,1.0,Satkhira Range,True,False,732250.0,2448250.0,89.251572,22.123807
G_02871,61,54,1.0,Satkhira Range,True,False,732750.0,2448250.0,89.256416,22.12374
G_02872,61,55,1.0,Satkhira Range,True,False,733250.0,2448250.0,89.261261,22.123673
G_02873,61,56,0.345684742326176,Satkhira Range,True,False,733750.0,2448250.0,89.266105,22.123606
G_02874,62,15,0.15534609408344863,Satkhira Range,True,False,713250.0,2447750.0,89.067404,22.121729
G_02875,62,16,0.9191188054417153,Satkhira Range,True,False,713750.0,2447750.0,89.072249,22.121668
G_02876,62,17,1.0,Satkhira Range,True,False,714250.0,2447750.0,89.077094,22.121606
G_02877,62,18,0.9850824290200344,Satkhira Range,True,False,714750.0,2447750.0,89.081939,22.121544
G_02878,62,19,0.814758683743342,Satkhira Range,True,False,715250.0,2447750.0,89.086784,22.121482
G_02879,62,20,0.8202747977817759,Satkhira Range,True,False,715750.0,2447750.0,89.091629,22.12142
G_02880,62,21,0.9578075024745508,Satkhira Range,True,False,716250.0,2447750.0,89.096474,22.121358
G_02881,62,22,1.0,Satkhira Range,True,False,716750.0,2447750.0,89.101319,22.121296
G_02882,62,23,1.0,Satkhira Range,True,False,717250.0,2447750.0,89.106163,22.121233
G_02883,62,24,1.0,Satkhira Range,True,False,717750.0,2447750.0,89.111008,22.121171
G_02884,62,25,0.5056970220295846,Satkhira Range,True,False,718250.0,2447750.0,89.115853,22.121108
G_02885,62,26,0.4894451297147078,Satkhira Range,True,False,718750.0,2447750.0,89.120698,22.121045
G_02886,62,27,1.0,Satkhira Range,True,False,719250.0,2447750.0,89.125543,22.120982
G_02887,62,28,1.0,Satkhira Range,True,False,719750.0,2447750.0,89.130387,22.120919
G_02888,62,29,1.0,Satkhira Range,True,False,720250.0,2447750.0,89.135232,22.120856
G_02889,62,30,1.0,Satkhira Range,True,False,720750.0,2447750.0,89.140077,22.120792
G_02890,62,31,1.0,Satkhira Range,True,False,721250.0,2447750.0,89.144922,22.120729
G_02891,62,32,1.0,Satkhira Range,True,False,721750.0,2447750.0,89.149766,22.120665
G_02892,62,33,1.0,Satkhira Range,True,False,722250.0,2447750.0,89.154611,22.120601
G_02893,62,34,1.0,Satkhira Range,True,False,722750.0,2447750.0,89.159455,22.120537
G_02894,62,35,1.0,Satkhira Range,True,False,723250.0,2447750.0,89.1643,22.120473
G_02895,62,36,1.0,Satkhira Range,True,False,723750.0,2447750.0,89.169145,22.120409
G_02896,62,37,0.8733466269044406,Satkhira Range,True,False,724250.0,2447750.0,89.173989,22.120344
G_02897,62,38,0.7157223749541188,Satkhira Range,True,False,724750.0,2447750.0,89.178834,22.12028
G_02898,62,39,0.7931573305584722,Satkhira Range,True,False,725250.0,2447750.0,89.183678,22.120215
G_02899,62,40,0.8637171050621977,Satkhira Range,True,False,725750.0,2447750.0,89.188523,22.12015
G_02900,62,41,0.6696196346319648,Satkhira Range,True,False,726250.0,2447750.0,89.193367,22.120085
G_02901,62,42,1.0,Satkhira Range,True,False,726750.0,2447750.0,89.198212,22.12002
G_02902,62,43,0.949680375540343,Satkhira Range,True,False,727250.0,2447750.0,89.203056,22.119954
G_02903,62,44,0.13472820633494784,Satkhira Range,True,False,727750.0,2447750.0,89.207901,22.119889
G_02904,62,45,0.9411579282215657,Satkhira Range,True,False,728250.0,2447750.0,89.212745,22.119823
G_02905,62,46,1.0,Satkhira Range,True,False,728750.0,2447750.0,89.21759,22.119758
G_02906,62,47,1.0,Satkhira Range,True,False,729250.0,2447750.0,89.222434,22.119692
G_02907,62,48,1.0,Satkhira Range,True,False,729750.0,2447750.0,89.227279,22.119626
G_02908,62,49,1.0,Satkhira Range,True,False,730250.0,2447750.0,89.232123,22.11956
G_02909,62,50,1.0,Satkhira Range,True,False,730750.0,2447750.0,89.236967,22.119493
G_02910,62,51,1.0,Satkhira Range,True,False,731250.0,2447750.0,89.241812,22.119427
G_02911,62,52,1.0,Satkhira Range,True,False,731750.0,2447750.0,89.246656,22.11936
G_02912,62,53,1.0,Satkhira Range,True,False,732250.0,2447750.0,89.2515,22.119293
G_02913,62,54,1.0,Satkhira Range,True,False,732750.0,2447750.0,89.256345,22.119226
G_02914,62,55,1.0,Satkhira Range,True,False,733250.0,2447750.0,89.261189,22.119159
G_02915,62,56,0.3919412106538843,Satkhira Range,True,False,733750.0,2447750.0,89.266033,22.119092
G_02916,63,14,0.11711209920783458,Satkhira Range,True,False,712750.0,2447250.0,89.062494,22.117276
G_02917,63,15,0.8789146913040272,Satkhira Range,True,False,713250.0,2447250.0,89.067339,22.117215
G_02918,63,16,1.0,Satkhira Range,True,False,713750.0,2447250.0,89.072183,22.117153
G_02919,63,17,1.0,Satkhira Range,True,False,714250.0,2447250.0,89.077028,22.117092
G_02920,63,18,1.0,Satkhira Range,True,False,714750.0,2447250.0,89.081873,22.11703
G_02921,63,19,0.8873850582154127,Satkhira Range,True,False,715250.0,2447250.0,89.086718,22.116968
G_02922,63,20,0.9709515647277255,Satkhira Range,True,False,715750.0,2447250.0,89.091562,22.116906
G_02923,63,21,0.7668660556944636,Satkhira Range,True,False,716250.0,2447250.0,89.096407,22.116844
G_02924,63,22,1.0,Satkhira Range,True,False,716750.0,2447250.0,89.101252,22.116782
G_02925,63,23,1.0,Satkhira Range,True,False,717250.0,2447250.0,89.106096,22.116719
G_02926,63,24,1.0,Satkhira Range,True,False,717750.0,2447250.0,89.110941,22.116657
G_02927,63,25,0.8944285740577665,Satkhira Range,True,False,718250.0,2447250.0,89.115786,22.116594
G_02928,63,26,0.11792960929264575,Satkhira Range,True,False,718750.0,2447250.0,89.12063,22.116531
G_02929,63,27,0.9470992772198565,Satkhira Range,True,False,719250.0,2447250.0,89.125475,22.116468
G_02930,63,28,1.0,Satkhira Range,True,False,719750.0,2447250.0,89.13032,22.116405
G_02931,63,29,1.0,Satkhira Range,True,False,720250.0,2447250.0,89.135164,22.116342
G_02932,63,30,1.0,Satkhira Range,True,False,720750.0,2447250.0,89.140009,22.116278
G_02933,63,31,1.0,Satkhira Range,True,False,721250.0,2447250.0,89.144853,22.116215
G_02934,63,32,1.0,Satkhira Range,True,False,721750.0,2447250.0,89.149698,22.116151
G_02935,63,33,1.0,Satkhira Range,True,False,722250.0,2447250.0,89.154542,22.116087
G_02936,63,34,1.0,Satkhira Range,True,False,722750.0,2447250.0,89.159387,22.116023
G_02937,63,35,1.0,Satkhira Range,True,False,723250.0,2447250.0,89.164231,22.115959
G_02938,63,36,1.0,Satkhira Range,True,False,723750.0,2447250.0,89.169076,22.115895
G_02939,63,37,1.0,Satkhira Range,True,False,724250.0,2447250.0,89.17392,22.11583
G_02940,63,38,1.0,Satkhira Range,True,False,724750.0,2447250.0,89.178764,22.115766
G_02941,63,39,1.0,Satkhira Range,True,False,725250.0,2447250.0,89.183609,22.115701
G_02942,63,40,0.9686508853216897,Satkhira Range,True,False,725750.0,2447250.0,89.188453,22.115636
G_02943,63,41,0.6490744479777284,Satkhira Range,True,False,726250.0,2447250.0,89.193298,22.115571
G_02944,63,42,1.0,Satkhira Range,True,False,726750.0,2447250.0,89.198142,22.115506
G_02945,63,43,1.0,Satkhira Range,True,False,727250.0,2447250.0,89.202986,22.115441
G_02946,63,44,0.4353142028843263,Satkhira Range,True,False,727750.0,2447250.0,89.207831,22.115375
G_02947,63,45,0.5275349635227151,Satkhira Range,True,False,728250.0,2447250.0,89.212675,22.11531
G_02948,63,46,1.0,Satkhira Range,True,False,728750.0,2447250.0,89.217519,22.115244
G_02949,63,47,1.0,Satkhira Range,True,False,729250.0,2447250.0,89.222363,22.115178
G_02950,63,48,1.0,Satkhira Range,True,False,729750.0,2447250.0,89.227208,22.115112
G_02951,63,49,1.0,Satkhira Range,True,False,730250.0,2447250.0,89.232052,22.115046
G_02952,63,50,1.0,Satkhira Range,True,False,730750.0,2447250.0,89.236896,22.114979
G_02953,63,51,1.0,Satkhira Range,True,False,731250.0,2447250.0,89.24174,22.114913
G_02954,63,52,1.0,Satkhira Range,True,False,731750.0,2447250.0,89.246584,22.114846
G_02955,63,53,1.0,Satkhira Range,True,False,732250.0,2447250.0,89.251429,22.11478
G_02956,63,54,1.0,Satkhira Range,True,False,732750.0,2447250.0,89.256273,22.114713
G_02957,63,55,1.0,Satkhira Range,True,False,733250.0,2447250.0,89.261117,22.114646
G_02958,63,56,0.3264304083277283,Satkhira Range,True,False,733750.0,2447250.0,89.265961,22.114579
G_02959,64,13,0.1003616949501365,Satkhira Range,True,False,712250.0,2446750.0,89.057583,22.112823
G_02960,64,14,0.8651789307508662,Satkhira Range,True,False,712750.0,2446750.0,89.062428,22.112762
G_02961,64,15,1.0,Satkhira Range,True,False,713250.0,2446750.0,89.067273,22.1127
G_02962,64,16,1.0,Satkhira Range,True,False,713750.0,2446750.0,89.072117,22.112639
G_02963,64,17,1.0,Satkhira Range,True,False,714250.0,2446750.0,89.076962,22.112577
G_02964,64,18,0.6823667617159935,Satkhira Range,True,False,714750.0,2446750.0,89.081807,22.112516
G_02965,64,19,0.7587291748600763,Satkhira Range,True,False,715250.0,2446750.0,89.086651,22.112454
G_02966,64,20,0.8336046138290769,Satkhira Range,True,False,715750.0,2446750.0,89.091496,22.112392
G_02967,64,21,0.749786296543371,Satkhira Range,True,False,716250.0,2446750.0,89.09634,22.11233
G_02968,64,22,1.0,Satkhira Range,True,False,716750.0,2446750.0,89.101185,22.112268
G_02969,64,23,1.0,Satkhira Range,True,False,717250.0,2446750.0,89.106029,22.112205
G_02970,64,24,1.0,Satkhira Range,True,False,717750.0,2446750.0,89.110874,22.112143
G_02971,64,25,1.0,Satkhira Range,True,False,718250.0,2446750.0,89.115718,22.11208
G_02972,64,26,0.5357099509992913,Satkhira Range,True,False,718750.0,2446750.0,89.120563,22.112017
G_02973,64,27,0.47319920460764775,Satkhira Range,True,False,719250.0,2446750.0,89.125407,22.111954
G_02974,64,28,1.0,Satkhira Range,True,False,719750.0,2446750.0,89.130252,22.111891
G_02975,64,29,1.0,Satkhira Range,True,False,720250.0,2446750.0,89.135096,22.111828
G_02976,64,30,1.0,Satkhira Range,True,False,720750.0,2446750.0,89.139941,22.111764
G_02977,64,31,1.0,Satkhira Range,True,False,721250.0,2446750.0,89.144785,22.111701
G_02978,64,32,1.0,Satkhira Range,True,False,721750.0,2446750.0,89.149629,22.111637
G_02979,64,33,1.0,Satkhira Range,True,False,722250.0,2446750.0,89.154474,22.111573
G_02980,64,34,1.0,Satkhira Range,True,False,722750.0,2446750.0,89.159318,22.111509
G_02981,64,35,1.0,Satkhira Range,True,False,723250.0,2446750.0,89.164162,22.111445
G_02982,64,36,1.0,Satkhira Range,True,False,723750.0,2446750.0,89.169007,22.111381
G_02983,64,37,1.0,Satkhira Range,True,False,724250.0,2446750.0,89.173851,22.111316
G_02984,64,38,1.0,Satkhira Range,True,False,724750.0,2446750.0,89.178695,22.111252
G_02985,64,39,0.9926213248124893,Satkhira Range,True,False,725250.0,2446750.0,89.183539,22.111187
G_02986,64,40,0.5443355304654719,Satkhira Range,True,False,725750.0,2446750.0,89.188384,22.111122
G_02987,64,41,0.9539612872864733,Satkhira Range,True,False,726250.0,2446750.0,89.193228,22.111057
G_02988,64,42,1.0,Satkhira Range,True,False,726750.0,2446750.0,89.198072,22.110992
G_02989,64,43,1.0,Satkhira Range,True,False,727250.0,2446750.0,89.202916,22.110927
G_02990,64,44,0.6693594101458136,Satkhira Range,True,False,727750.0,2446750.0,89.20776,22.110861
G_02991,64,45,0.19198961303673553,Satkhira Range,True,False,728250.0,2446750.0,89.212604,22.110796
G_02992,64,46,1.0,Satkhira Range,True,False,728750.0,2446750.0,89.217449,22.11073
G_02993,64,47,1.0,Satkhira Range,True,False,729250.0,2446750.0,89.222293,22.110664
G_02994,64,48,1.0,Satkhira Range,True,False,729750.0,2446750.0,89.227137,22.110598
G_02995,64,49,1.0,Satkhira Range,True,False,730250.0,2446750.0,89.231981,22.110532
G_02996,64,50,1.0,Satkhira Range,True,False,730750.0,2446750.0,89.236825,22.110466
G_02997,64,51,1.0,Satkhira Range,True,False,731250.0,2446750.0,89.241669,22.110399
G_02998,64,52,1.0,Satkhira Range,True,False,731750.0,2446750.0,89.246513,22.110333
G_02999,64,53,1.0,Satkhira Range,True,False,732250.0,2446750.0,89.251357,22.110266
G_03000,64,54,1.0,Satkhira Range,True,False,732750.0,2446750.0,89.256201,22.110199
G_03001,64,55,0.6176215646532347,Satkhira Range,True,False,733250.0,2446750.0,89.261045,22.110132
G_03002,65,13,0.8380067318182254,Satkhira Range,True,False,712250.0,2446250.0,89.057518,22.108309
G_03003,65,14,1.0,Satkhira Range,True,False,712750.0,2446250.0,89.062362,22.108247
G_03004,65,15,1.0,Satkhira Range,True,False,713250.0,2446250.0,89.067207,22.108186
G_03005,65,16,1.0,Satkhira Range,True,False,713750.0,2446250.0,89.072051,22.108125
G_03006,65,17,0.9914180187142482,Satkhira Range,True,False,714250.0,2446250.0,89.076896,22.108063
G_03007,65,18,0.7661298029560681,Satkhira Range,True,False,714750.0,2446250.0,89.08174,22.108002
G_03008,65,19,1.0,Satkhira Range,True,False,715250.0,2446250.0,89.086585,22.10794
G_03009,65,20,0.9815947490653485,Satkhira Range,True,False,715750.0,2446250.0,89.091429,22.107878
G_03010,65,21,0.9950998932593477,Satkhira Range,True,False,716250.0,2446250.0,89.096274,22.107816
G_03011,65,22,1.0,Satkhira Range,True,False,716750.0,2446250.0,89.101118,22.107753
G_03012,65,23,1.0,Satkhira Range,True,False,717250.0,2446250.0,89.105962,22.107691
G_03013,65,24,1.0,Satkhira Range,True,False,717750.0,2446250.0,89.110807,22.107628
G_03014,65,25,1.0,Satkhira Range,True,False,718250.0,2446250.0,89.115651,22.107566
G_03015,65,26,0.9625114393820285,Satkhira Range,True,False,718750.0,2446250.0,89.120495,22.107503
G_03016,65,27,0.11652842392123991,Satkhira Range,True,False,719250.0,2446250.0,89.12534,22.10744
G_03017,65,28,0.9351048516001436,Satkhira Range,True,False,719750.0,2446250.0,89.130184,22.107377
G_03018,65,29,1.0,Satkhira Range,True,False,720250.0,2446250.0,89.135028,22.107314
G_03019,65,30,1.0,Satkhira Range,True,False,720750.0,2446250.0,89.139872,22.10725
G_03020,65,31,1.0,Satkhira Range,True,False,721250.0,2446250.0,89.144717,22.107187
G_03021,65,32,1.0,Satkhira Range,True,False,721750.0,2446250.0,89.149561,22.107123
G_03022,65,33,1.0,Satkhira Range,True,False,722250.0,2446250.0,89.154405,22.107059
G_03023,65,34,1.0,Satkhira Range,True,False,722750.0,2446250.0,89.159249,22.106995
G_03024,65,35,1.0,Satkhira Range,True,False,723250.0,2446250.0,89.164093,22.106931
G_03025,65,36,1.0,Satkhira Range,True,False,723750.0,2446250.0,89.168938,22.106867
G_03026,65,37,1.0,Satkhira Range,True,False,724250.0,2446250.0,89.173782,22.106802
G_03027,65,38,0.9997752247313159,Satkhira Range,True,False,724750.0,2446250.0,89.178626,22.106738
G_03028,65,39,0.5721622182026925,Satkhira Range,True,False,725250.0,2446250.0,89.18347,22.106673
G_03029,65,40,0.9051954801362502,Satkhira Range,True,False,725750.0,2446250.0,89.188314,22.106608
G_03030,65,41,1.0,Satkhira Range,True,False,726250.0,2446250.0,89.193158,22.106543
G_03031,65,42,1.0,Satkhira Range,True,False,726750.0,2446250.0,89.198002,22.106478
G_03032,65,43,1.0,Satkhira Range,True,False,727250.0,2446250.0,89.202846,22.106413
G_03033,65,44,0.936333399388893,Satkhira Range,True,False,727750.0,2446250.0,89.20769,22.106347
G_03034,65,46,0.9722449158278893,Satkhira Range,True,False,728750.0,2446250.0,89.217378,22.106216
G_03035,65,47,1.0,Satkhira Range,True,False,729250.0,2446250.0,89.222222,22.10615
G_03036,65,48,0.9994390011586015,Satkhira Range,True,False,729750.0,2446250.0,89.227066,22.106084
G_03037,65,49,0.8597133389464974,Satkhira Range,True,False,730250.0,2446250.0,89.23191,22.106018
G_03038,65,50,0.8580749774788187,Satkhira Range,True,False,730750.0,2446250.0,89.236754,22.105952
G_03039,65,51,0.9697983817179208,Satkhira Range,True,False,731250.0,2446250.0,89.241597,22.105885
G_03040,65,52,1.0,Satkhira Range,True,False,731750.0,2446250.0,89.246441,22.105819
G_03041,65,53,1.0,Satkhira Range,True,False,732250.0,2446250.0,89.251285,22.105752
G_03042,65,54,0.5670626297451642,Satkhira Range,True,False,732750.0,2446250.0,89.256129,22.105685
G_03043,66,12,0.566929360871945,Satkhira Range,True,False,711750.0,2445750.0,89.052608,22.103855
G_03044,66,13,1.0,Satkhira Range,True,False,712250.0,2445750.0,89.057452,22.103794
G_03045,66,14,1.0,Satkhira Range,True,False,712750.0,2445750.0,89.062297,22.103733
G_03046,66,15,1.0,Satkhira Range,True,False,713250.0,2445750.0,89.067141,22.103672
G_03047,66,16,1.0,Satkhira Range,True,False,713750.0,2445750.0,89.071985,22.103611
G_03048,66,17,0.814055106757252,Satkhira Range,True,False,714250.0,2445750.0,89.07683,22.103549
G_03049,66,18,0.9952389425169644,Satkhira Range,True,False,714750.0,2445750.0,89.081674,22.103487
G_03050,66,19,1.0,Satkhira Range,True,False,715250.0,2445750.0,89.086518,22.103426
G_03051,66,20,1.0,Satkhira Range,True,False,715750.0,2445750.0,89.091363,22.103364
G_03052,66,21,1.0,Satkhira Range,True,False,716250.0,2445750.0,89.096207,22.103301
G_03053,66,22,1.0,Satkhira Range,True,False,716750.0,2445750.0,89.101051,22.103239
G_03054,66,23,1.0,Satkhira Range,True,False,717250.0,2445750.0,89.105895,22.103177
G_03055,66,24,1.0,Satkhira Range,True,False,717750.0,2445750.0,89.110739,22.103114
G_03056,66,25,1.0,Satkhira Range,True,False,718250.0,2445750.0,89.115584,22.103052
G_03057,66,26,1.0,Satkhira Range,True,False,718750.0,2445750.0,89.120428,22.102989
G_03058,66,27,0.4894799118706579,Satkhira Range,True,False,719250.0,2445750.0,89.125272,22.102926
G_03059,66,28,0.4310864093463423,Satkhira Range,True,False,719750.0,2445750.0,89.130116,22.102863
G_03060,66,29,0.9999659681018803,Satkhira Range,True,False,720250.0,2445750.0,89.13496,22.102799
G_03061,66,30,1.0,Satkhira Range,True,False,720750.0,2445750.0,89.139804,22.102736
G_03062,66,31,1.0,Satkhira Range,True,False,721250.0,2445750.0,89.144648,22.102673
G_03063,66,32,1.0,Satkhira Range,True,False,721750.0,2445750.0,89.149492,22.102609
G_03064,66,33,1.0,Satkhira Range,True,False,722250.0,2445750.0,89.154336,22.102545
G_03065,66,34,1.0,Satkhira Range,True,False,722750.0,2445750.0,89.15918,22.102481
G_03066,66,35,1.0,Satkhira Range,True,False,723250.0,2445750.0,89.164024,22.102417
G_03067,66,36,1.0,Satkhira Range,True,False,723750.0,2445750.0,89.168868,22.102353
G_03068,66,37,1.0,Satkhira Range,True,False,724250.0,2445750.0,89.173712,22.102288
G_03069,66,38,0.660709237996742,Satkhira Range,True,False,724750.0,2445750.0,89.178556,22.102224
G_03070,66,39,0.8233006998029364,Satkhira Range,True,False,725250.0,2445750.0,89.1834,22.102159
G_03071,66,40,1.0,Satkhira Range,True,False,725750.0,2445750.0,89.188244,22.102094
G_03072,66,41,1.0,Satkhira Range,True,False,726250.0,2445750.0,89.193088,22.102029
G_03073,66,42,1.0,Satkhira Range,True,False,726750.0,2445750.0,89.197932,22.101964
G_03074,66,43,1.0,Satkhira Range,True,False,727250.0,2445750.0,89.202776,22.101899
G_03075,66,44,1.0,Satkhira Range,True,False,727750.0,2445750.0,89.20762,22.101834
G_03076,66,45,0.053142218334441015,Satkhira Range,True,False,728250.0,2445750.0,89.212464,22.101768
G_03077,66,46,0.7429567843994807,Satkhira Range,True,False,728750.0,2445750.0,89.217307,22.101702
G_03078,66,47,0.585488349725922,Satkhira Range,True,False,729250.0,2445750.0,89.222151,22.101636
G_03079,66,48,0.14793037508069956,Satkhira Range,True,False,729750.0,2445750.0,89.226995,22.101571
G_03080,66,49,0.1395599575366535,Satkhira Range,True,False,730250.0,2445750.0,89.231839,22.101504
G_03081,66,51,0.07138986334921513,Satkhira Range,True,False,731250.0,2445750.0,89.241526,22.101372
G_03082,66,52,0.4712743683030034,Satkhira Range,True,False,731750.0,2445750.0,89.24637,22.101305
G_03083,66,53,0.42568950568611613,Satkhira Range,True,False,732250.0,2445750.0,89.251214,22.101239
G_03084,67,11,0.21229598190930457,Satkhira Range,True,False,711250.0,2445250.0,89.047698,22.099402
G_03085,67,12,0.9891771260447518,Satkhira Range,True,False,711750.0,2445250.0,89.052543,22.099341
G_03086,67,13,1.0,Satkhira Range,True,False,712250.0,2445250.0,89.057387,22.09928
G_03087,67,14,1.0,Satkhira Range,True,False,712750.0,2445250.0,89.062231,22.099219
G_03088,67,15,1.0,Satkhira Range,True,False,713250.0,2445250.0,89.067075,22.099158
G_03089,67,16,1.0,Satkhira Range,True,False,713750.0,2445250.0,89.071919,22.099096
G_03090,67,17,0.8728178779921248,Satkhira Range,True,False,714250.0,2445250.0,89.076764,22.099035
G_03091,67,18,0.7087014206179278,Satkhira Range,True,False,714750.0,2445250.0,89.081608,22.098973
G_03092,67,19,0.7145445201165016,Satkhira Range,True,False,715250.0,2445250.0,89.086452,22.098911
G_03093,67,20,0.7554863654396343,Satkhira Range,True,False,715750.0,2445250.0,89.091296,22.098849
G_03094,67,21,0.9709176532788749,Satkhira Range,True,False,716250.0,2445250.0,89.09614,22.098787
G_03095,67,22,1.0,Satkhira Range,True,False,716750.0,2445250.0,89.100984,22.098725
G_03096,67,23,1.0,Satkhira Range,True,False,717250.0,2445250.0,89.105828,22.098663
G_03097,67,24,1.0,Satkhira Range,True,False,717750.0,2445250.0,89.110672,22.0986
G_03098,67,25,1.0,Satkhira Range,True,False,718250.0,2445250.0,89.115516,22.098537
G_03099,67,26,1.0,Satkhira Range,True,False,718750.0,2445250.0,89.12036,22.098475
G_03100,67,27,0.9778465079438879,Satkhira Range,True,False,719250.0,2445250.0,89.125204,22.098412
G_03101,67,28,0.2621827614313535,Satkhira Range,True,False,719750.0,2445250.0,89.130048,22.098349
G_03102,67,29,0.3504306544909326,Satkhira Range,True,False,720250.0,2445250.0,89.134892,22.098285
G_03103,67,30,0.9336564074446708,Satkhira Range,True,False,720750.0,2445250.0,89.139736,22.098222
G_03104,67,31,1.0,Satkhira Range,True,False,721250.0,2445250.0,89.14458,22.098159
G_03105,67,32,1.0,Satkhira Range,True,False,721750.0,2445250.0,89.149424,22.098095
G_03106,67,33,1.0,Satkhira Range,True,False,722250.0,2445250.0,89.154268,22.098031
G_03107,67,34,1.0,Satkhira Range,True,False,722750.0,2445250.0,89.159112,22.097967
G_03108,67,35,1.0,Satkhira Range,True,False,723250.0,2445250.0,89.163956,22.097903
G_03109,67,36,1.0,Satkhira Range,True,False,723750.0,2445250.0,89.168799,22.097839
G_03110,67,37,1.0,Satkhira Range,True,False,724250.0,2445250.0,89.173643,22.097774
G_03111,67,38,0.6231581559344325,Satkhira Range,True,False,724750.0,2445250.0,89.178487,22.09771
G_03112,67,39,1.0,Satkhira Range,True,False,725250.0,2445250.0,89.183331,22.097645
G_03113,67,40,1.0,Satkhira Range,True,False,725750.0,2445250.0,89.188175,22.09758
G_03114,67,41,1.0,Satkhira Range,True,False,726250.0,2445250.0,89.193018,22.097515
G_03115,67,42,1.0,Satkhira Range,True,False,726750.0,2445250.0,89.197862,22.09745
G_03116,67,43,1.0,Satkhira Range,True,False,727250.0,2445250.0,89.202706,22.097385
G_03117,67,44,1.0,Satkhira Range,True,False,727750.0,2445250.0,89.207549,22.09732
G_03118,67,45,0.3820842671708524,Satkhira Range,True,False,728250.0,2445250.0,89.212393,22.097254
G_03119,67,46,0.13378844156181685,Satkhira Range,True,False,728750.0,2445250.0,89.217237,22.097188
G_03120,67,48,0.5798568840292061,Satkhira Range,True,False,729750.0,2445250.0,89.226924,22.097057
G_03121,67,49,1.0,Satkhira Range,True,False,730250.0,2445250.0,89.231768,22.096991
G_03122,67,50,0.9680884587755965,Satkhira Range,True,False,730750.0,2445250.0,89.236611,22.096924
G_03123,67,51,0.5635080299381111,Satkhira Range,True,False,731250.0,2445250.0,89.241455,22.096858
G_03124,67,52,0.1842838050839392,Satkhira Range,True,False,731750.0,2445250.0,89.246298,22.096791
G_03125,68,11,0.39802848047544803,Satkhira Range,True,False,711250.0,2444750.0,89.047633,22.094887
G_03126,68,12,1.0,Satkhira Range,True,False,711750.0,2444750.0,89.052477,22.094827
G_03127,68,13,1.0,Satkhira Range,True,False,712250.0,2444750.0,89.057321,22.094766
G_03128,68,14,1.0,Satkhira Range,True,False,712750.0,2444750.0,89.062165,22.094705
G_03129,68,15,1.0,Satkhira Range,True,False,713250.0,2444750.0,89.067009,22.094643
G_03130,68,16,1.0,Satkhira Range,True,False,713750.0,2444750.0,89.071854,22.094582
G_03131,68,17,1.0,Satkhira Range,True,False,714250.0,2444750.0,89.076698,22.094521
G_03132,68,18,1.0,Satkhira Range,True,False,714750.0,2444750.0,89.081542,22.094459
G_03133,68,19,1.0,Satkhira Range,True,False,715250.0,2444750.0,89.086385,22.094397
G_03134,68,20,0.8763698261134438,Satkhira Range,True,False,715750.0,2444750.0,89.091229,22.094335
G_03135,68,21,0.5898743153936127,Satkhira Range,True,False,716250.0,2444750.0,89.096073,22.094273
G_03136,68,22,1.0,Satkhira Range,True,False,716750.0,2444750.0,89.100917,22.094211
G_03137,68,23,1.0,Satkhira Range,True,False,717250.0,2444750.0,89.105761,22.094148
G_03138,68,24,1.0,Satkhira Range,True,False,717750.0,2444750.0,89.110605,22.094086
G_03139,68,25,1.0,Satkhira Range,True,False,718250.0,2444750.0,89.115449,22.094023
G_03140,68,26,1.0,Satkhira Range,True,False,718750.0,2444750.0,89.120293,22.093961
G_03141,68,27,1.0,Satkhira Range,True,False,719250.0,2444750.0,89.125137,22.093898
G_03142,68,28,0.9807830780682429,Satkhira Range,True,False,719750.0,2444750.0,89.129981,22.093835
G_03143,68,29,0.3620314453269785,Satkhira Range,True,False,720250.0,2444750.0,89.134824,22.093771
G_03144,68,30,0.10426182019956144,Satkhira Range,True,False,720750.0,2444750.0,89.139668,22.093708
G_03145,68,31,0.8073353262118925,Satkhira Range,True,False,721250.0,2444750.0,89.144512,22.093644
G_03146,68,32,1.0,Satkhira Range,True,False,721750.0,2444750.0,89.149356,22.093581
G_03147,68,33,1.0,Satkhira Range,True,False,722250.0,2444750.0,89.154199,22.093517
G_03148,68,34,1.0,Satkhira Range,True,False,722750.0,2444750.0,89.159043,22.093453
G_03149,68,35,1.0,Satkhira Range,True,False,723250.0,2444750.0,89.163887,22.093389
G_03150,68,36,1.0,Satkhira Range,True,False,723750.0,2444750.0,89.16873,22.093325
G_03151,68,37,1.0,Satkhira Range,True,False,724250.0,2444750.0,89.173574,22.09326
G_03152,68,38,0.6229680735981815,Satkhira Range,True,False,724750.0,2444750.0,89.178418,22.093196
G_03153,68,39,1.0,Satkhira Range,True,False,725250.0,2444750.0,89.183261,22.093131
G_03154,68,40,1.0,Satkhira Range,True,False,725750.0,2444750.0,89.188105,22.093066
G_03155,68,41,1.0,Satkhira Range,True,False,726250.0,2444750.0,89.192949,22.093002
G_03156,68,42,1.0,Satkhira Range,True,False,726750.0,2444750.0,89.197792,22.092936
G_03157,68,43,1.0,Satkhira Range,True,False,727250.0,2444750.0,89.202636,22.092871
G_03158,68,44,1.0,Satkhira Range,True,False,727750.0,2444750.0,89.207479,22.092806
G_03159,68,45,0.8605090756692936,Satkhira Range,True,False,728250.0,2444750.0,89.212323,22.09274
G_03160,68,48,0.6226923516187233,Satkhira Range,True,False,729750.0,2444750.0,89.226853,22.092543
G_03161,68,49,1.0,Satkhira Range,True,False,730250.0,2444750.0,89.231697,22.092477
G_03162,68,50,1.0,Satkhira Range,True,False,730750.0,2444750.0,89.23654,22.092411
G_03163,68,51,1.0,Satkhira Range,True,False,731250.0,2444750.0,89.241384,22.092344
G_03164,68,52,1.0,Satkhira Range,True,False,731750.0,2444750.0,89.246227,22.092278
G_03165,68,53,0.5511233377739061,Satkhira Range,True,False,732250.0,2444750.0,89.25107,22.092211
G_03166,69,11,0.08566069115944681,Satkhira Range,True,False,711250.0,2444250.0,89.047568,22.090373
G_03167,69,12,0.9886664549432735,Satkhira Range,True,False,711750.0,2444250.0,89.052412,22.090312
G_03168,69,13,1.0,Satkhira Range,True,False,712250.0,2444250.0,89.057256,22.090251
G_03169,69,14,1.0,Satkhira Range,True,False,712750.0,2444250.0,89.0621,22.09019
G_03170,69,15,1.0,Satkhira Range,True,False,713250.0,2444250.0,89.066944,22.090129
G_03171,69,16,1.0,Satkhira Range,True,False,713750.0,2444250.0,89.071788,22.090068
G_03172,69,17,1.0,Satkhira Range,True,False,714250.0,2444250.0,89.076631,22.090006
G_03173,69,18,1.0,Satkhira Range,True,False,714750.0,2444250.0,89.081475,22.089945
G_03174,69,19,1.0,Satkhira Range,True,False,715250.0,2444250.0,89.086319,22.089883
G_03175,69,20,1.0,Satkhira Range,True,False,715750.0,2444250.0,89.091163,22.089821
G_03176,69,21,0.6191740575758635,Satkhira Range,True,False,716250.0,2444250.0,89.096007,22.089759
G_03177,69,22,1.0,Satkhira Range,True,False,716750.0,2444250.0,89.10085,22.089697
G_03178,69,23,1.0,Satkhira Range,True,False,717250.0,2444250.0,89.105694,22.089634
G_03179,69,24,1.0,Satkhira Range,True,False,717750.0,2444250.0,89.110538,22.089572
G_03180,69,25,1.0,Satkhira Range,True,False,718250.0,2444250.0,89.115382,22.089509
G_03181,69,26,1.0,Satkhira Range,True,False,718750.0,2444250.0,89.120225,22.089446
G_03182,69,27,1.0,Satkhira Range,True,False,719250.0,2444250.0,89.125069,22.089384
G_03183,69,28,1.0,Satkhira Range,True,False,719750.0,2444250.0,89.129913,22.08932
G_03184,69,29,0.9965866371742943,Satkhira Range,True,False,720250.0,2444250.0,89.134756,22.089257
G_03185,69,30,0.47011494986991015,Satkhira Range,True,False,720750.0,2444250.0,89.1396,22.089194
G_03186,69,31,0.10470437541714445,Satkhira Range,True,False,721250.0,2444250.0,89.144444,22.08913
G_03187,69,32,0.7546552791141997,Satkhira Range,True,False,721750.0,2444250.0,89.149287,22.089067
G_03188,69,33,0.4682919363290318,Satkhira Range,True,False,722250.0,2444250.0,89.154131,22.089003
G_03189,69,34,0.508634678363466,Satkhira Range,True,False,722750.0,2444250.0,89.158974,22.088939
G_03190,69,35,0.7115720583644904,Satkhira Range,True,False,723250.0,2444250.0,89.163818,22.088875
G_03191,69,36,0.9918377137021248,Satkhira Range,True,False,723750.0,2444250.0,89.168661,22.088811
G_03192,69,37,1.0,Satkhira Range,True,False,724250.0,2444250.0,89.173505,22.088746
G_03193,69,38,0.5680655965414907,Satkhira Range,True,False,724750.0,2444250.0,89.178348,22.088682
G_03194,69,39,1.0,Satkhira Range,True,False,725250.0,2444250.0,89.183192,22.088617
G_03195,69,40,1.0,Satkhira Range,True,False,725750.0,2444250.0,89.188035,22.088553
G_03196,69,41,1.0,Satkhira Range,True,False,726250.0,2444250.0,89.192879,22.088488
G_03197,69,42,1.0,Satkhira Range,True,False,726750.0,2444250.0,89.197722,22.088423
G_03198,69,43,1.0,Satkhira Range,True,False,727250.0,2444250.0,89.202566,22.088357
G_03199,69,44,1.0,Satkhira Range,True,False,727750.0,2444250.0,89.207409,22.088292
G_03200,69,45,1.0,Satkhira Range,True,False,728250.0,2444250.0,89.212252,22.088226
G_03201,69,46,0.5566625960380354,Satkhira Range,True,False,728750.0,2444250.0,89.217096,22.088161
G_03202,69,49,0.3891232100360878,Satkhira Range,True,False,730250.0,2444250.0,89.231626,22.087963
G_03203,69,50,0.9806932690297887,Satkhira Range,True,False,730750.0,2444250.0,89.236469,22.087897
G_03204,69,51,1.0,Satkhira Range,True,False,731250.0,2444250.0,89.241312,22.08783
G_03205,69,52,1.0,Satkhira Range,True,False,731750.0,2444250.0,89.246155,22.087764
G_03206,69,53,0.9510018284220588,Satkhira Range,True,False,732250.0,2444250.0,89.250999,22.087697
G_03207,69,54,0.0648666524599812,Satkhira Range,True,False,732750.0,2444250.0,89.255842,22.087631
G_03208,69,59,0.2495996278440924,Satkhira Range,True,False,735250.0,2444250.0,89.280058,22.087294
G_03209,69,60,0.5426017237981048,Satkhira Range,True,False,735750.0,2444250.0,89.284901,22.087227
G_03210,69,61,0.5913771647825746,Satkhira Range,True,False,736250.0,2444250.0,89.289744,22.087159
G_03211,69,62,0.2566937878565053,Satkhira Range,True,False,736750.0,2444250.0,89.294587,22.087091
G_03212,70,12,0.7640018367002284,Satkhira Range,True,False,711750.0,2443750.0,89.052347,22.085798
G_03213,70,13,1.0,Satkhira Range,True,False,712250.0,2443750.0,89.057191,22.085737
G_03214,70,14,1.0,Satkhira Range,True,False,712750.0,2443750.0,89.062034,22.085676
G_03215,70,15,1.0,Satkhira Range,True,False,713250.0,2443750.0,89.066878,22.085615
G_03216,70,16,1.0,Satkhira Range,True,False,713750.0,2443750.0,89.071722,22.085553
G_03217,70,17,1.0,Satkhira Range,True,False,714250.0,2443750.0,89.076565,22.085492
G_03218,70,18,1.0,Satkhira Range,True,False,714750.0,2443750.0,89.081409,22.08543
G_03219,70,19,1.0,Satkhira Range,True,False,715250.0,2443750.0,89.086253,22.085369
G_03220,70,20,1.0,Satkhira Range,True,False,715750.0,2443750.0,89.091096,22.085307
G_03221,70,21,0.6539098484901131,Satkhira Range,True,False,716250.0,2443750.0,89.09594,22.085245
G_03222,70,22,1.0,Satkhira Range,True,False,716750.0,2443750.0,89.100784,22.085182
G_03223,70,23,1.0,Satkhira Range,True,False,717250.0,2443750.0,89.105627,22.08512
G_03224,70,24,1.0,Satkhira Range,True,False,717750.0,2443750.0,89.110471,22.085058
G_03225,70,25,1.0,Satkhira Range,True,False,718250.0,2443750.0,89.115314,22.084995
G_03226,70,26,1.0,Satkhira Range,True,False,718750.0,2443750.0,89.120158,22.084932
G_03227,70,27,1.0,Satkhira Range,True,False,719250.0,2443750.0,89.125002,22.084869
G_03228,70,28,1.0,Satkhira Range,True,False,719750.0,2443750.0,89.129845,22.084806
G_03229,70,29,1.0,Satkhira Range,True,False,720250.0,2443750.0,89.134689,22.084743
G_03230,70,30,1.0,Satkhira Range,True,False,720750.0,2443750.0,89.139532,22.08468
G_03231,70,31,0.5110496791487936,Satkhira Range,True,False,721250.0,2443750.0,89.144375,22.084616
G_03232,70,32,0.09547920716827764,Satkhira Range,True,False,721750.0,2443750.0,89.149219,22.084553
G_03233,70,33,0.8721379887429802,Satkhira Range,True,False,722250.0,2443750.0,89.154062,22.084489
G_03234,70,34,1.0,Satkhira Range,True,False,722750.0,2443750.0,89.158906,22.084425
G_03235,70,35,0.8235381844542545,Satkhira Range,True,False,723250.0,2443750.0,89.163749,22.084361
G_03236,70,36,0.39195767529108944,Satkhira Range,True,False,723750.0,2443750.0,89.168593,22.084297
G_03237,70,37,0.9087447585473827,Satkhira Range,True,False,724250.0,2443750.0,89.173436,22.084232
G_03238,70,38,0.503802079722135,Satkhira Range,True,False,724750.0,2443750.0,89.178279,22.084168
G_03239,70,39,1.0,Satkhira Range,True,False,725250.0,2443750.0,89.183123,22.084103
G_03240,70,40,1.0,Satkhira Range,True,False,725750.0,2443750.0,89.187966,22.084039
G_03241,70,41,1.0,Satkhira Range,True,False,726250.0,2443750.0,89.192809,22.083974
G_03242,70,42,1.0,Satkhira Range,True,False,726750.0,2443750.0,89.197652,22.083909
G_03243,70,43,1.0,Satkhira Range,True,False,727250.0,2443750.0,89.202496,22.083843
G_03244,70,44,1.0,Satkhira Range,True,False,727750.0,2443750.0,89.207339,22.083778
G_03245,70,45,1.0,Satkhira Range,True,False,728250.0,2443750.0,89.212182,22.083713
G_03246,70,46,1.0,Satkhira Range,True,False,728750.0,2443750.0,89.217025,22.083647
G_03247,70,47,0.7476322251260981,Satkhira Range,True,False,729250.0,2443750.0,89.221868,22.083581
G_03248,70,48,0.14796668783992029,Satkhira Range,True,False,729750.0,2443750.0,89.226712,22.083515
G_03249,70,50,0.22300365562514451,Satkhira Range,True,False,730750.0,2443750.0,89.236398,22.083383
G_03250,70,51,0.877584180130919,Satkhira Range,True,False,731250.0,2443750.0,89.241241,22.083317
G_03251,70,52,1.0,Satkhira Range,True,False,731750.0,2443750.0,89.246084,22.08325
G_03252,70,53,1.0,Satkhira Range,True,False,732250.0,2443750.0,89.250927,22.083184
G_03253,70,54,0.6991264503140299,Satkhira Range,True,False,732750.0,2443750.0,89.25577,22.083117
G_03254,70,55,0.05474312741868875,Satkhira Range,True,False,733250.0,2443750.0,89.260613,22.08305
G_03255,70,56,0.09958254510105874,Satkhira Range,True,False,733750.0,2443750.0,89.265456,22.082983
G_03256,70,57,0.3571055378714867,Satkhira Range,True,False,734250.0,2443750.0,89.270299,22.082916
G_03257,70,58,0.7618547796994236,Satkhira Range,True,False,734750.0,2443750.0,89.275142,22.082848
G_03258,70,59,1.0,Satkhira Range,True,False,735250.0,2443750.0,89.279985,22.082781
G_03259,70,60,1.0,Satkhira Range,True,False,735750.0,2443750.0,89.284828,22.082713
G_03260,70,61,0.9784194634740472,Satkhira Range,True,False,736250.0,2443750.0,89.289671,22.082645
G_03261,70,62,0.3334340577781094,Satkhira Range,True,False,736750.0,2443750.0,89.294514,22.082577
G_03262,71,12,0.4856224019538618,Satkhira Range,True,False,711750.0,2443250.0,89.052281,22.081284
G_03263,71,13,1.0,Satkhira Range,True,False,712250.0,2443250.0,89.057125,22.081223
G_03264,71,14,1.0,Satkhira Range,True,False,712750.0,2443250.0,89.061969,22.081162
G_03265,71,15,1.0,Satkhira Range,True,False,713250.0,2443250.0,89.066812,22.081101
G_03266,71,16,1.0,Satkhira Range,True,False,713750.0,2443250.0,89.071656,22.081039
G_03267,71,17,1.0,Satkhira Range,True,False,714250.0,2443250.0,89.076499,22.080978
G_03268,71,18,1.0,Satkhira Range,True,False,714750.0,2443250.0,89.081343,22.080916
G_03269,71,19,1.0,Satkhira Range,True,False,715250.0,2443250.0,89.086186,22.080854
G_03270,71,20,0.9784858753587797,Satkhira Range,True,False,715750.0,2443250.0,89.09103,22.080793
G_03271,71,21,0.7321958486535989,Satkhira Range,True,False,716250.0,2443250.0,89.095873,22.08073
G_03272,71,22,1.0,Satkhira Range,True,False,716750.0,2443250.0,89.100717,22.080668
G_03273,71,23,1.0,Satkhira Range,True,False,717250.0,2443250.0,89.10556,22.080606
G_03274,71,24,1.0,Satkhira Range,True,False,717750.0,2443250.0,89.110404,22.080544
G_03275,71,25,1.0,Satkhira Range,True,False,718250.0,2443250.0,89.115247,22.080481
G_03276,71,26,1.0,Satkhira Range,True,False,718750.0,2443250.0,89.120091,22.080418
G_03277,71,27,1.0,Satkhira Range,True,False,719250.0,2443250.0,89.124934,22.080355
G_03278,71,28,1.0,Satkhira Range,True,False,719750.0,2443250.0,89.129777,22.080292
G_03279,71,29,1.0,Satkhira Range,True,False,720250.0,2443250.0,89.134621,22.080229
G_03280,71,30,1.0,Satkhira Range,True,False,720750.0,2443250.0,89.139464,22.080166
G_03281,71,31,0.9925150578799592,Satkhira Range,True,False,721250.0,2443250.0,89.144307,22.080102
G_03282,71,32,0.11585659939860148,Satkhira Range,True,False,721750.0,2443250.0,89.149151,22.080039
G_03283,71,33,0.07735554555091106,Satkhira Range,True,False,722250.0,2443250.0,89.153994,22.079975
G_03284,71,34,0.5711139964849464,Satkhira Range,True,False,722750.0,2443250.0,89.158837,22.079911
G_03285,71,35,0.9309572616420707,Satkhira Range,True,False,723250.0,2443250.0,89.16368,22.079847
G_03286,71,36,0.9654687413104147,Satkhira Range,True,False,723750.0,2443250.0,89.168524,22.079783
G_03287,71,37,0.6436182555364816,Satkhira Range,True,False,724250.0,2443250.0,89.173367,22.079719
G_03288,71,38,0.8439009327447932,Satkhira Range,True,False,724750.0,2443250.0,89.17821,22.079654
G_03289,71,39,1.0,Satkhira Range,True,False,725250.0,2443250.0,89.183053,22.079589
G_03290,71,40,1.0,Satkhira Range,True,False,725750.0,2443250.0,89.187896,22.079525
G_03291,71,41,1.0,Satkhira Range,True,False,726250.0,2443250.0,89.192739,22.07946
G_03292,71,42,1.0,Satkhira Range,True,False,726750.0,2443250.0,89.197582,22.079395
G_03293,71,43,1.0,Satkhira Range,True,False,727250.0,2443250.0,89.202426,22.07933
G_03294,71,44,1.0,Satkhira Range,True,False,727750.0,2443250.0,89.207269,22.079264
G_03295,71,45,1.0,Satkhira Range,True,False,728250.0,2443250.0,89.212112,22.079199
G_03296,71,46,1.0,Satkhira Range,True,False,728750.0,2443250.0,89.216955,22.079133
G_03297,71,47,1.0,Satkhira Range,True,False,729250.0,2443250.0,89.221798,22.079067
G_03298,71,48,0.9771863767668906,Satkhira Range,True,False,729750.0,2443250.0,89.226641,22.079001
G_03299,71,49,0.4789413628356197,Satkhira Range,True,False,730250.0,2443250.0,89.231484,22.078935
G_03300,71,51,0.10379090323158147,Satkhira Range,True,False,731250.0,2443250.0,89.24117,22.078803
G_03301,71,52,0.8494808279405038,Satkhira Range,True,False,731750.0,2443250.0,89.246013,22.078736
G_03302,71,53,1.0,Satkhira Range,True,False,732250.0,2443250.0,89.250856,22.07867
G_03303,71,54,1.0,Satkhira Range,True,False,732750.0,2443250.0,89.255698,22.078603
G_03304,71,55,0.9991644547753724,Satkhira Range,True,False,733250.0,2443250.0,89.260541,22.078536
G_03305,71,56,1.0,Satkhira Range,True,False,733750.0,2443250.0,89.265384,22.078469
G_03306,71,57,1.0,Satkhira Range,True,False,734250.0,2443250.0,89.270227,22.078402
G_03307,71,58,1.0,Satkhira Range,True,False,734750.0,2443250.0,89.27507,22.078335
G_03308,71,59,1.0,Satkhira Range,True,False,735250.0,2443250.0,89.279913,22.078267
G_03309,71,60,0.9367641283288151,Satkhira Range,True,False,735750.0,2443250.0,89.284755,22.0782
G_03310,71,61,0.2445727976207286,Satkhira Range,True,False,736250.0,2443250.0,89.289598,22.078132
G_03311,72,12,0.32158663467386,Satkhira Range,True,False,711750.0,2442750.0,89.052216,22.076769
G_03312,72,13,1.0,Satkhira Range,True,False,712250.0,2442750.0,89.05706,22.076708
G_03313,72,14,1.0,Satkhira Range,True,False,712750.0,2442750.0,89.061903,22.076647
G_03314,72,15,1.0,Satkhira Range,True,False,713250.0,2442750.0,89.066747,22.076586
G_03315,72,16,1.0,Satkhira Range,True,False,713750.0,2442750.0,89.07159,22.076525
G_03316,72,17,1.0,Satkhira Range,True,False,714250.0,2442750.0,89.076433,22.076463
G_03317,72,18,1.0,Satkhira Range,True,False,714750.0,2442750.0,89.081277,22.076402
G_03318,72,19,1.0,Satkhira Range,True,False,715250.0,2442750.0,89.08612,22.07634
G_03319,72,20,0.8894745624088991,Satkhira Range,True,False,715750.0,2442750.0,89.090963,22.076278
G_03320,72,21,0.7805787969409074,Satkhira Range,True,False,716250.0,2442750.0,89.095807,22.076216
G_03321,72,22,1.0,Satkhira Range,True,False,716750.0,2442750.0,89.10065,22.076154
G_03322,72,23,1.0,Satkhira Range,True,False,717250.0,2442750.0,89.105493,22.076092
G_03323,72,24,1.0,Satkhira Range,True,False,717750.0,2442750.0,89.110337,22.076029
G_03324,72,25,1.0,Satkhira Range,True,False,718250.0,2442750.0,89.11518,22.075967
G_03325,72,26,1.0,Satkhira Range,True,False,718750.0,2442750.0,89.120023,22.075904
G_03326,72,27,0.9950494438382892,Satkhira Range,True,False,719250.0,2442750.0,89.124866,22.075841
G_03327,72,28,0.9811908268533274,Satkhira Range,True,False,719750.0,2442750.0,89.12971,22.075778
G_03328,72,29,1.0,Satkhira Range,True,False,720250.0,2442750.0,89.134553,22.075715
G_03329,72,30,1.0,Satkhira Range,True,False,720750.0,2442750.0,89.139396,22.075652
G_03330,72,31,0.7114980220571069,Satkhira Range,True,False,721250.0,2442750.0,89.144239,22.075588
G_03331,72,32,0.5157981679850909,Satkhira Range,True,False,721750.0,2442750.0,89.149082,22.075525
G_03332,72,33,0.21636180089576937,Satkhira Range,True,False,722250.0,2442750.0,89.153925,22.075461
G_03333,72,35,0.11274237432184736,Satkhira Range,True,False,723250.0,2442750.0,89.163612,22.075333
G_03334,72,36,0.6272712797049989,Satkhira Range,True,False,723750.0,2442750.0,89.168455,22.075269
G_03335,72,37,0.9476138219497044,Satkhira Range,True,False,724250.0,2442750.0,89.173298,22.075205
G_03336,72,38,1.0,Satkhira Range,True,False,724750.0,2442750.0,89.178141,22.07514
G_03337,72,39,1.0,Satkhira Range,True,False,725250.0,2442750.0,89.182984,22.075075
G_03338,72,40,1.0,Satkhira Range,True,False,725750.0,2442750.0,89.187827,22.075011
G_03339,72,41,1.0,Satkhira Range,True,False,726250.0,2442750.0,89.19267,22.074946
G_03340,72,42,1.0,Satkhira Range,True,False,726750.0,2442750.0,89.197513,22.074881
G_03341,72,43,1.0,Satkhira Range,True,False,727250.0,2442750.0,89.202356,22.074816
G_03342,72,44,1.0,Satkhira Range,True,False,727750.0,2442750.0,89.207199,22.07475
G_03343,72,45,1.0,Satkhira Range,True,False,728250.0,2442750.0,89.212041,22.074685
G_03344,72,46,1.0,Satkhira Range,True,False,728750.0,2442750.0,89.216884,22.074619
G_03345,72,47,1.0,Satkhira Range,True,False,729250.0,2442750.0,89.221727,22.074554
G_03346,72,48,1.0,Satkhira Range,True,False,729750.0,2442750.0,89.22657,22.074488
G_03347,72,49,1.0,Satkhira Range,True,False,730250.0,2442750.0,89.231413,22.074422
G_03348,72,50,0.7109538889066241,Satkhira Range,True,False,730750.0,2442750.0,89.236256,22.074355
G_03349,72,52,0.12321026426693132,Satkhira Range,True,False,731750.0,2442750.0,89.245941,22.074223
G_03350,72,53,0.9308243367453759,Satkhira Range,True,False,732250.0,2442750.0,89.250784,22.074156
G_03351,72,54,1.0,Satkhira Range,True,False,732750.0,2442750.0,89.255627,22.074089
G_03352,72,55,1.0,Satkhira Range,True,False,733250.0,2442750.0,89.260469,22.074022
G_03353,72,56,1.0,Satkhira Range,True,False,733750.0,2442750.0,89.265312,22.073955
G_03354,72,57,1.0,Satkhira Range,True,False,734250.0,2442750.0,89.270155,22.073888
G_03355,72,58,1.0,Satkhira Range,True,False,734750.0,2442750.0,89.274998,22.073821
G_03356,72,59,0.9606127028903243,Satkhira Range,True,False,735250.0,2442750.0,89.27984,22.073754
G_03357,72,60,0.21597761426373552,Satkhira Range,True,False,735750.0,2442750.0,89.284683,22.073686
G_03358,73,12,0.24626089096101508,Satkhira Range,True,False,711750.0,2442250.0,89.052151,22.072255
G_03359,73,13,1.0,Satkhira Range,True,False,712250.0,2442250.0,89.056994,22.072194
G_03360,73,14,1.0,Satkhira Range,True,False,712750.0,2442250.0,89.061838,22.072133
G_03361,73,15,1.0,Satkhira Range,True,False,713250.0,2442250.0,89.066681,22.072072
G_03362,73,16,1.0,Satkhira Range,True,False,713750.0,2442250.0,89.071524,22.072011
G_03363,73,17,1.0,Satkhira Range,True,False,714250.0,2442250.0,89.076367,22.071949
G_03364,73,18,1.0,Satkhira Range,True,False,714750.0,2442250.0,89.081211,22.071888
G_03365,73,19,1.0,Satkhira Range,True,False,715250.0,2442250.0,89.086054,22.071826
G_03366,73,20,0.7854404155540654,Satkhira Range,True,False,715750.0,2442250.0,89.090897,22.071764
G_03367,73,21,0.9111549764228692,Satkhira Range,True,False,716250.0,2442250.0,89.09574,22.071702
G_03368,73,22,1.0,Satkhira Range,True,False,716750.0,2442250.0,89.100583,22.07164
G_03369,73,23,1.0,Satkhira Range,True,False,717250.0,2442250.0,89.105426,22.071578
G_03370,73,24,1.0,Satkhira Range,True,False,717750.0,2442250.0,89.11027,22.071515
G_03371,73,25,1.0,Satkhira Range,True,False,718250.0,2442250.0,89.115113,22.071453
G_03372,73,26,0.8010813897532157,Satkhira Range,True,False,718750.0,2442250.0,89.119956,22.07139
G_03373,73,27,0.7066919074140046,Satkhira Range,True,False,719250.0,2442250.0,89.124799,22.071327
G_03374,73,28,0.7796105048062144,Satkhira Range,True,False,719750.0,2442250.0,89.129642,22.071264
G_03375,73,29,0.6404832716480874,Satkhira Range,True,False,720250.0,2442250.0,89.134485,22.071201
G_03376,73,30,0.8395878897836061,Satkhira Range,True,False,720750.0,2442250.0,89.139328,22.071138
G_03377,73,31,0.4752506387206928,Satkhira Range,True,False,721250.0,2442250.0,89.144171,22.071074
G_03378,73,32,1.0,Satkhira Range,True,False,721750.0,2442250.0,89.149014,22.071011
G_03379,73,33,0.9982293793060893,Satkhira Range,True,False,722250.0,2442250.0,89.153857,22.070947
G_03380,73,34,0.6738017506998756,Satkhira Range,True,False,722750.0,2442250.0,89.1587,22.070883
G_03381,73,35,0.17117001570016985,Satkhira Range,True,False,723250.0,2442250.0,89.163543,22.070819
G_03382,73,37,0.12703045583565162,Satkhira Range,True,False,724250.0,2442250.0,89.173229,22.070691
G_03383,73,38,0.9107614578707094,Satkhira Range,True,False,724750.0,2442250.0,89.178071,22.070626
G_03384,73,39,1.0,Satkhira Range,True,False,725250.0,2442250.0,89.182914,22.070562
G_03385,73,40,1.0,Satkhira Range,True,False,725750.0,2442250.0,89.187757,22.070497
G_03386,73,41,1.0,Satkhira Range,True,False,726250.0,2442250.0,89.1926,22.070432
G_03387,73,42,1.0,Satkhira Range,True,False,726750.0,2442250.0,89.197443,22.070367
G_03388,73,43,1.0,Satkhira Range,True,False,727250.0,2442250.0,89.202286,22.070302
G_03389,73,44,1.0,Satkhira Range,True,False,727750.0,2442250.0,89.207128,22.070236
G_03390,73,45,1.0,Satkhira Range,True,False,728250.0,2442250.0,89.211971,22.070171
G_03391,73,46,1.0,Satkhira Range,True,False,728750.0,2442250.0,89.216814,22.070105
G_03392,73,47,1.0,Satkhira Range,True,False,729250.0,2442250.0,89.221657,22.07004
G_03393,73,48,1.0,Satkhira Range,True,False,729750.0,2442250.0,89.226499,22.069974
G_03394,73,49,1.0,Satkhira Range,True,False,730250.0,2442250.0,89.231342,22.069908
G_03395,73,50,1.0,Satkhira Range,True,False,730750.0,2442250.0,89.236185,22.069842
G_03396,73,51,0.5297149895253223,Satkhira Range,True,False,731250.0,2442250.0,89.241027,22.069775
G_03397,73,53,0.34369096661135645,Satkhira Range,True,False,732250.0,2442250.0,89.250712,22.069642
G_03398,73,54,1.0,Satkhira Range,True,False,732750.0,2442250.0,89.255555,22.069576
G_03399,73,55,1.0,Satkhira Range,True,False,733250.0,2442250.0,89.260398,22.069509
G_03400,73,56,1.0,Satkhira Range,True,False,733750.0,2442250.0,89.26524,22.069442
G_03401,73,57,1.0,Satkhira Range,True,False,734250.0,2442250.0,89.270083,22.069375
G_03402,73,58,1.0,Satkhira Range,True,False,734750.0,2442250.0,89.274925,22.069307
G_03403,73,59,0.5719405941141537,Satkhira Range,True,False,735250.0,2442250.0,89.279768,22.06924
G_03404,74,12,0.05927954736137522,Satkhira Range,True,False,711750.0,2441750.0,89.052086,22.067741
G_03405,74,13,0.9644058690995532,Satkhira Range,True,False,712250.0,2441750.0,89.056929,22.06768
G_03406,74,14,1.0,Satkhira Range,True,False,712750.0,2441750.0,89.061772,22.067619
G_03407,74,15,1.0,Satkhira Range,True,False,713250.0,2441750.0,89.066615,22.067558
G_03408,74,16,1.0,Satkhira Range,True,False,713750.0,2441750.0,89.071458,22.067496
G_03409,74,17,1.0,Satkhira Range,True,False,714250.0,2441750.0,89.076301,22.067435
G_03410,74,18,1.0,Satkhira Range,True,False,714750.0,2441750.0,89.081144,22.067373
G_03411,74,19,1.0,Satkhira Range,True,False,715250.0,2441750.0,89.085988,22.067312
G_03412,74,20,0.6109786687546096,Satkhira Range,True,False,715750.0,2441750.0,89.090831,22.06725
G_03413,74,21,0.9943422743384811,Satkhira Range,True,False,716250.0,2441750.0,89.095674,22.067188
G_03414,74,22,1.0,Satkhira Range,True,False,716750.0,2441750.0,89.100517,22.067126
G_03415,74,23,1.0,Satkhira Range,True,False,717250.0,2441750.0,89.10536,22.067063
G_03416,74,24,1.0,Satkhira Range,True,False,717750.0,2441750.0,89.110203,22.067001
G_03417,74,25,0.9388710783208217,Satkhira Range,True,False,718250.0,2441750.0,89.115046,22.066938
G_03418,74,26,0.6884456540717522,Satkhira Range,True,False,718750.0,2441750.0,89.119888,22.066876
G_03419,74,27,1.0,Satkhira Range,True,False,719250.0,2441750.0,89.124731,22.066813
G_03420,74,28,1.0,Satkhira Range,True,False,719750.0,2441750.0,89.129574,22.06675
G_03421,74,29,0.7269728396752355,Satkhira Range,True,False,720250.0,2441750.0,89.134417,22.066687
G_03422,74,30,0.5297118700912964,Satkhira Range,True,False,720750.0,2441750.0,89.13926,22.066624
G_03423,74,31,0.9817451013589568,Satkhira Range,True,False,721250.0,2441750.0,89.144103,22.06656
G_03424,74,32,1.0,Satkhira Range,True,False,721750.0,2441750.0,89.148946,22.066497
G_03425,74,33,1.0,Satkhira Range,True,False,722250.0,2441750.0,89.153788,22.066433
G_03426,74,34,1.0,Satkhira Range,True,False,722750.0,2441750.0,89.158631,22.066369
G_03427,74,35,0.9955851659016939,Satkhira Range,True,False,723250.0,2441750.0,89.163474,22.066305
G_03428,74,36,0.6663740623590126,Satkhira Range,True,False,723750.0,2441750.0,89.168317,22.066241
G_03429,74,37,0.06353740543723341,Satkhira Range,True,False,724250.0,2441750.0,89.17316,22.066177
G_03430,74,38,0.4528617714390111,Satkhira Range,True,False,724750.0,2441750.0,89.178002,22.066112
G_03431,74,39,1.0,Satkhira Range,True,False,725250.0,2441750.0,89.182845,22.066048
G_03432,74,40,1.0,Satkhira Range,True,False,725750.0,2441750.0,89.187688,22.065983
G_03433,74,41,1.0,Satkhira Range,True,False,726250.0,2441750.0,89.19253,22.065918
G_03434,74,42,1.0,Satkhira Range,True,False,726750.0,2441750.0,89.197373,22.065853
G_03435,74,43,1.0,Satkhira Range,True,False,727250.0,2441750.0,89.202216,22.065788
G_03436,74,44,1.0,Satkhira Range,True,False,727750.0,2441750.0,89.207058,22.065723
G_03437,74,45,1.0,Satkhira Range,True,False,728250.0,2441750.0,89.211901,22.065657
G_03438,74,46,1.0,Satkhira Range,True,False,728750.0,2441750.0,89.216743,22.065592
G_03439,74,47,1.0,Satkhira Range,True,False,729250.0,2441750.0,89.221586,22.065526
G_03440,74,48,1.0,Satkhira Range,True,False,729750.0,2441750.0,89.226429,22.06546
G_03441,74,49,1.0,Satkhira Range,True,False,730250.0,2441750.0,89.231271,22.065394
G_03442,74,50,1.0,Satkhira Range,True,False,730750.0,2441750.0,89.236114,22.065328
G_03443,74,51,0.9569479656597063,Satkhira Range,True,False,731250.0,2441750.0,89.240956,22.065262
G_03444,74,52,0.06792013880179945,Satkhira Range,True,False,731750.0,2441750.0,89.245799,22.065195
G_03445,74,54,0.9808482183469616,Satkhira Range,True,False,732750.0,2441750.0,89.255483,22.065062
G_03446,74,55,1.0,Satkhira Range,True,False,733250.0,2441750.0,89.260326,22.064995
G_03447,74,56,1.0,Satkhira Range,True,False,733750.0,2441750.0,89.265168,22.064928
G_03448,74,57,1.0,Satkhira Range,True,False,734250.0,2441750.0,89.270011,22.064861
G_03449,74,58,1.0,Satkhira Range,True,False,734750.0,2441750.0,89.274853,22.064794
G_03450,74,59,0.23485419734946258,Satkhira Range,True,False,735250.0,2441750.0,89.279695,22.064726
G_03451,75,13,0.37094968937566125,Satkhira Range,True,False,712250.0,2441250.0,89.056864,22.063165
G_03452,75,14,0.9734134082853432,Satkhira Range,True,False,712750.0,2441250.0,89.061707,22.063104
G_03453,75,15,1.0,Satkhira Range,True,False,713250.0,2441250.0,89.06655,22.063043
G_03454,75,16,1.0,Satkhira Range,True,False,713750.0,2441250.0,89.071393,22.062982
G_03455,75,17,1.0,Satkhira Range,True,False,714250.0,2441250.0,89.076235,22.062921
G_03456,75,18,1.0,Satkhira Range,True,False,714750.0,2441250.0,89.081078,22.062859
G_03457,75,19,1.0,Satkhira Range,True,False,715250.0,2441250.0,89.085921,22.062797
G_03458,75,20,0.6577906566395892,Satkhira Range,True,False,715750.0,2441250.0,89.090764,22.062736
G_03459,75,21,1.0,Satkhira Range,True,False,716250.0,2441250.0,89.095607,22.062674
G_03460,75,22,1.0,Satkhira Range,True,False,716750.0,2441250.0,89.10045,22.062612
G_03461,75,23,1.0,Satkhira Range,True,False,717250.0,2441250.0,89.105293,22.062549
G_03462,75,24,1.0,Satkhira Range,True,False,717750.0,2441250.0,89.110136,22.062487
G_03463,75,25,0.676756950282183,Satkhira Range,True,False,718250.0,2441250.0,89.114978,22.062424
G_03464,75,26,0.9946665758597624,Satkhira Range,True,False,718750.0,2441250.0,89.119821,22.062362
G_03465,75,27,1.0,Satkhira Range,True,False,719250.0,2441250.0,89.124664,22.062299
G_03466,75,28,0.7506060239635655,Satkhira Range,True,False,719750.0,2441250.0,89.129507,22.062236
G_03467,75,29,0.8444012440992612,Satkhira Range,True,False,720250.0,2441250.0,89.134349,22.062173
G_03468,75,30,1.0,Satkhira Range,True,False,720750.0,2441250.0,89.139192,22.062109
G_03469,75,31,1.0,Satkhira Range,True,False,721250.0,2441250.0,89.144035,22.062046
G_03470,75,32,1.0,Satkhira Range,True,False,721750.0,2441250.0,89.148877,22.061982
G_03471,75,33,1.0,Satkhira Range,True,False,722250.0,2441250.0,89.15372,22.061919
G_03472,75,34,1.0,Satkhira Range,True,False,722750.0,2441250.0,89.158563,22.061855
G_03473,75,35,0.9993523087756069,Satkhira Range,True,False,723250.0,2441250.0,89.163405,22.061791
G_03474,75,36,0.8121435062207327,Satkhira Range,True,False,723750.0,2441250.0,89.168248,22.061727
G_03475,75,37,0.33599492964506095,Satkhira Range,True,False,724250.0,2441250.0,89.173091,22.061663
G_03476,75,38,0.5179399348909081,Satkhira Range,True,False,724750.0,2441250.0,89.177933,22.061598
G_03477,75,39,1.0,Satkhira Range,True,False,725250.0,2441250.0,89.182776,22.061534
G_03478,75,40,1.0,Satkhira Range,True,False,725750.0,2441250.0,89.187618,22.061469
G_03479,75,41,1.0,Satkhira Range,True,False,726250.0,2441250.0,89.192461,22.061404
G_03480,75,42,1.0,Satkhira Range,True,False,726750.0,2441250.0,89.197303,22.061339
G_03481,75,43,1.0,Satkhira Range,True,False,727250.0,2441250.0,89.202146,22.061274
G_03482,75,44,1.0,Satkhira Range,True,False,727750.0,2441250.0,89.206988,22.061209
G_03483,75,45,1.0,Satkhira Range,True,False,728250.0,2441250.0,89.211831,22.061143
G_03484,75,46,1.0,Satkhira Range,True,False,728750.0,2441250.0,89.216673,22.061078
G_03485,75,47,1.0,Satkhira Range,True,False,729250.0,2441250.0,89.221515,22.061012
G_03486,75,48,1.0,Satkhira Range,True,False,729750.0,2441250.0,89.226358,22.060946
G_03487,75,49,1.0,Satkhira Range,True,False,730250.0,2441250.0,89.2312,22.06088
G_03488,75,50,1.0,Satkhira Range,True,False,730750.0,2441250.0,89.236043,22.060814
G_03489,75,51,1.0,Satkhira Range,True,False,731250.0,2441250.0,89.240885,22.060748
G_03490,75,52,0.3594991002578631,Satkhira Range,True,False,731750.0,2441250.0,89.245727,22.060681
G_03491,75,54,0.8957602586931442,Satkhira Range,True,False,732750.0,2441250.0,89.255412,22.060548
G_03492,75,55,1.0,Satkhira Range,True,False,733250.0,2441250.0,89.260254,22.060481
G_03493,75,56,1.0,Satkhira Range,True,False,733750.0,2441250.0,89.265096,22.060414
G_03494,75,57,1.0,Satkhira Range,True,False,734250.0,2441250.0,89.269938,22.060347
G_03495,75,58,1.0,Satkhira Range,True,False,734750.0,2441250.0,89.274781,22.06028
G_03496,76,14,0.2098846558906805,Satkhira Range,True,False,712750.0,2440750.0,89.061641,22.05859
G_03497,76,15,0.5840387079001358,Satkhira Range,True,False,713250.0,2440750.0,89.066484,22.058529
G_03498,76,16,0.5660132346735633,Satkhira Range,True,False,713750.0,2440750.0,89.071327,22.058468
G_03499,76,17,0.6947322205520867,Satkhira Range,True,False,714250.0,2440750.0,89.07617,22.058406
G_03500,76,18,0.8304793786386381,Satkhira Range,True,False,714750.0,2440750.0,89.081012,22.058345
G_03501,76,19,0.9800868976549101,Satkhira Range,True,False,715250.0,2440750.0,89.085855,22.058283
G_03502,76,20,0.6516765211174954,Satkhira Range,True,False,715750.0,2440750.0,89.090698,22.058221
G_03503,76,21,1.0,Satkhira Range,True,False,716250.0,2440750.0,89.09554,22.058159
G_03504,76,22,1.0,Satkhira Range,True,False,716750.0,2440750.0,89.100383,22.058097
G_03505,76,23,1.0,Satkhira Range,True,False,717250.0,2440750.0,89.105226,22.058035
G_03506,76,24,0.9512282803033164,Satkhira Range,True,False,717750.0,2440750.0,89.110069,22.057973
G_03507,76,25,0.7748374655820219,Satkhira Range,True,False,718250.0,2440750.0,89.114911,22.05791
G_03508,76,26,1.0,Satkhira Range,True,False,718750.0,2440750.0,89.119754,22.057847
G_03509,76,27,0.9926534873483335,Satkhira Range,True,False,719250.0,2440750.0,89.124596,22.057785
G_03510,76,28,0.7126895177707819,Satkhira Range,True,False,719750.0,2440750.0,89.129439,22.057722
G_03511,76,29,1.0,Satkhira Range,True,False,720250.0,2440750.0,89.134282,22.057659
G_03512,76,30,1.0,Satkhira Range,True,False,720750.0,2440750.0,89.139124,22.057595
G_03513,76,31,1.0,Satkhira Range,True,False,721250.0,2440750.0,89.143967,22.057532
G_03514,76,32,1.0,Satkhira Range,True,False,721750.0,2440750.0,89.148809,22.057468
G_03515,76,33,0.9929774210758398,Satkhira Range,True,False,722250.0,2440750.0,89.153652,22.057405
G_03516,76,34,0.5977152657956049,Satkhira Range,True,False,722750.0,2440750.0,89.158494,22.057341
G_03517,76,35,0.1592434556978789,Satkhira Range,True,False,723250.0,2440750.0,89.163337,22.057277
G_03518,76,37,0.06414031940079687,Satkhira Range,True,False,724250.0,2440750.0,89.173022,22.057149
G_03519,76,38,0.9052855957714697,Satkhira Range,True,False,724750.0,2440750.0,89.177864,22.057084
G_03520,76,39,1.0,Satkhira Range,True,False,725250.0,2440750.0,89.182706,22.05702
G_03521,76,40,1.0,Satkhira Range,True,False,725750.0,2440750.0,89.187549,22.056955
G_03522,76,41,1.0,Satkhira Range,True,False,726250.0,2440750.0,89.192391,22.05689
G_03523,76,42,1.0,Satkhira Range,True,False,726750.0,2440750.0,89.197233,22.056825
G_03524,76,43,1.0,Satkhira Range,True,False,727250.0,2440750.0,89.202076,22.05676
G_03525,76,44,1.0,Satkhira Range,True,False,727750.0,2440750.0,89.206918,22.056695
G_03526,76,45,1.0,Satkhira Range,True,False,728250.0,2440750.0,89.21176,22.056629
G_03527,76,46,1.0,Satkhira Range,True,False,728750.0,2440750.0,89.216603,22.056564
G_03528,76,47,1.0,Satkhira Range,True,False,729250.0,2440750.0,89.221445,22.056498
G_03529,76,48,1.0,Satkhira Range,True,False,729750.0,2440750.0,89.226287,22.056432
G_03530,76,49,1.0,Satkhira Range,True,False,730250.0,2440750.0,89.231129,22.056366
G_03531,76,50,1.0,Satkhira Range,True,False,730750.0,2440750.0,89.235972,22.0563
G_03532,76,51,0.9950189059234835,Satkhira Range,True,False,731250.0,2440750.0,89.240814,22.056234
G_03533,76,52,0.22973982061180578,Satkhira Range,True,False,731750.0,2440750.0,89.245656,22.056168
G_03534,76,53,0.05628173431579011,Satkhira Range,True,False,732250.0,2440750.0,89.250498,22.056101
G_03535,76,54,0.9802459384951856,Satkhira Range,True,False,732750.0,2440750.0,89.25534,22.056034
G_03536,76,55,1.0,Satkhira Range,True,False,733250.0,2440750.0,89.260182,22.055968
G_03537,76,56,1.0,Satkhira Range,True,False,733750.0,2440750.0,89.265024,22.055901
G_03538,76,57,1.0,Satkhira Range,True,False,734250.0,2440750.0,89.269866,22.055834
G_03539,76,58,1.0,Satkhira Range,True,False,734750.0,2440750.0,89.274708,22.055766
G_03540,76,59,0.08339703512968123,Satkhira Range,True,False,735250.0,2440750.0,89.27955,22.055699
G_03541,77,15,0.11507037187127023,Satkhira Range,True,False,713250.0,2440250.0,89.066418,22.054015
G_03542,77,16,0.9339551914157167,Satkhira Range,True,False,713750.0,2440250.0,89.071261,22.053954
G_03543,77,17,0.9999540644438596,Satkhira Range,True,False,714250.0,2440250.0,89.076104,22.053892
G_03544,77,18,0.86665678798915,Satkhira Range,True,False,714750.0,2440250.0,89.080946,22.053831
G_03545,77,19,0.7020328698447662,Satkhira Range,True,False,715250.0,2440250.0,89.085789,22.053769
G_03546,77,20,0.9629983598039111,Satkhira Range,True,False,715750.0,2440250.0,89.090631,22.053707
G_03547,77,21,0.9879969134492295,Satkhira Range,True,False,716250.0,2440250.0,89.095474,22.053645
G_03548,77,22,1.0,Satkhira Range,True,False,716750.0,2440250.0,89.100316,22.053583
G_03549,77,23,0.8392510893271156,Satkhira Range,True,False,717250.0,2440250.0,89.105159,22.053521
G_03550,77,24,0.5672778625307745,Satkhira Range,True,False,717750.0,2440250.0,89.110002,22.053459
G_03551,77,25,0.9862344596492345,Satkhira Range,True,False,718250.0,2440250.0,89.114844,22.053396
G_03552,77,26,1.0,Satkhira Range,True,False,718750.0,2440250.0,89.119686,22.053333
G_03553,77,27,0.8043443132567363,Satkhira Range,True,False,719250.0,2440250.0,89.124529,22.053271
G_03554,77,28,0.9474152297717832,Satkhira Range,True,False,719750.0,2440250.0,89.129371,22.053208
G_03555,77,29,1.0,Satkhira Range,True,False,720250.0,2440250.0,89.134214,22.053144
G_03556,77,30,1.0,Satkhira Range,True,False,720750.0,2440250.0,89.139056,22.053081
G_03557,77,31,1.0,Satkhira Range,True,False,721250.0,2440250.0,89.143899,22.053018
G_03558,77,32,1.0,Satkhira Range,True,False,721750.0,2440250.0,89.148741,22.052954
G_03559,77,33,0.42749200280379873,Satkhira Range,True,False,722250.0,2440250.0,89.153583,22.052891
G_03560,77,37,0.7354996526141236,Satkhira Range,True,False,724250.0,2440250.0,89.172953,22.052635
G_03561,77,38,1.0,Satkhira Range,True,False,724750.0,2440250.0,89.177795,22.05257
G_03562,77,39,1.0,Satkhira Range,True,False,725250.0,2440250.0,89.182637,22.052506
G_03563,77,40,1.0,Satkhira Range,True,False,725750.0,2440250.0,89.187479,22.052441
G_03564,77,41,1.0,Satkhira Range,True,False,726250.0,2440250.0,89.192321,22.052376
G_03565,77,42,1.0,Satkhira Range,True,False,726750.0,2440250.0,89.197164,22.052311
G_03566,77,43,1.0,Satkhira Range,True,False,727250.0,2440250.0,89.202006,22.052246
G_03567,77,44,1.0,Satkhira Range,True,False,727750.0,2440250.0,89.206848,22.052181
G_03568,77,45,1.0,Satkhira Range,True,False,728250.0,2440250.0,89.21169,22.052116
G_03569,77,46,1.0,Satkhira Range,True,False,728750.0,2440250.0,89.216532,22.05205
G_03570,77,47,1.0,Satkhira Range,True,False,729250.0,2440250.0,89.221374,22.051984
G_03571,77,48,1.0,Satkhira Range,True,False,729750.0,2440250.0,89.226216,22.051919
G_03572,77,49,1.0,Satkhira Range,True,False,730250.0,2440250.0,89.231058,22.051853
G_03573,77,50,1.0,Satkhira Range,True,False,730750.0,2440250.0,89.235901,22.051787
G_03574,77,51,0.6309380475899132,Satkhira Range,True,False,731250.0,2440250.0,89.240743,22.05172
G_03575,77,53,0.3246100094010511,Satkhira Range,True,False,732250.0,2440250.0,89.250427,22.051587
G_03576,77,54,1.0,Satkhira Range,True,False,732750.0,2440250.0,89.255269,22.051521
G_03577,77,55,1.0,Satkhira Range,True,False,733250.0,2440250.0,89.26011,22.051454
G_03578,77,56,1.0,Satkhira Range,True,False,733750.0,2440250.0,89.264952,22.051387
G_03579,77,57,1.0,Satkhira Range,True,False,734250.0,2440250.0,89.269794,22.05132
G_03580,77,58,1.0,Satkhira Range,True,False,734750.0,2440250.0,89.274636,22.051253
G_03581,77,59,0.4181162484936156,Satkhira Range,True,False,735250.0,2440250.0,89.279478,22.051185
G_03582,78,16,0.7106027621084715,Satkhira Range,True,False,713750.0,2439750.0,89.071195,22.049439
G_03583,78,17,1.0,Satkhira Range,True,False,714250.0,2439750.0,89.076038,22.049378
G_03584,78,18,1.0,Satkhira Range,True,False,714750.0,2439750.0,89.08088,22.049316
G_03585,78,19,1.0,Satkhira Range,True,False,715250.0,2439750.0,89.085723,22.049255
G_03586,78,20,1.0,Satkhira Range,True,False,715750.0,2439750.0,89.090565,22.049193
G_03587,78,21,0.4649574490373387,Satkhira Range,True,False,716250.0,2439750.0,89.095407,22.049131
G_03588,78,22,0.6000272186632868,Satkhira Range,True,False,716750.0,2439750.0,89.10025,22.049069
G_03589,78,23,0.644964748152009,Satkhira Range,True,False,717250.0,2439750.0,89.105092,22.049007
G_03590,78,24,1.0,Satkhira Range,True,False,717750.0,2439750.0,89.109935,22.048944
G_03591,78,25,1.0,Satkhira Range,True,False,718250.0,2439750.0,89.114777,22.048882
G_03592,78,26,1.0,Satkhira Range,True,False,718750.0,2439750.0,89.119619,22.048819
G_03593,78,27,0.728497836452645,Satkhira Range,True,False,719250.0,2439750.0,89.124461,22.048756
G_03594,78,28,1.0,Satkhira Range,True,False,719750.0,2439750.0,89.129304,22.048693
G_03595,78,29,1.0,Satkhira Range,True,False,720250.0,2439750.0,89.134146,22.04863
G_03596,78,30,1.0,Satkhira Range,True,False,720750.0,2439750.0,89.138988,22.048567
G_03597,78,31,1.0,Satkhira Range,True,False,721250.0,2439750.0,89.143831,22.048504
G_03598,78,32,0.7945408917946674,Satkhira Range,True,False,721750.0,2439750.0,89.148673,22.04844
G_03599,78,35,0.29347726966627985,Satkhira Range,True,False,723250.0,2439750.0,89.163199,22.048249
G_03600,78,36,0.8468306202395661,Satkhira Range,True,False,723750.0,2439750.0,89.168041,22.048185
G_03601,78,37,1.0,Satkhira Range,True,False,724250.0,2439750.0,89.172884,22.048121
G_03602,78,38,1.0,Satkhira Range,True,False,724750.0,2439750.0,89.177726,22.048056
G_03603,78,39,1.0,Satkhira Range,True,False,725250.0,2439750.0,89.182568,22.047992
G_03604,78,40,1.0,Satkhira Range,True,False,725750.0,2439750.0,89.18741,22.047927
G_03605,78,41,1.0,Satkhira Range,True,False,726250.0,2439750.0,89.192252,22.047862
G_03606,78,42,1.0,Satkhira Range,True,False,726750.0,2439750.0,89.197094,22.047797
G_03607,78,43,1.0,Satkhira Range,True,False,727250.0,2439750.0,89.201936,22.047732
G_03608,78,44,1.0,Satkhira Range,True,False,727750.0,2439750.0,89.206778,22.047667
G_03609,78,45,1.0,Satkhira Range,True,False,728250.0,2439750.0,89.21162,22.047602
G_03610,78,46,1.0,Satkhira Range,True,False,728750.0,2439750.0,89.216462,22.047536
G_03611,78,47,1.0,Satkhira Range,True,False,729250.0,2439750.0,89.221304,22.047471
G_03612,78,48,1.0,Satkhira Range,True,False,729750.0,2439750.0,89.226146,22.047405
G_03613,78,49,1.0,Satkhira Range,True,False,730250.0,2439750.0,89.230988,22.047339
G_03614,78,50,0.8720330748432534,Satkhira Range,True,False,730750.0,2439750.0,89.23583,22.047273
G_03615,78,51,0.06233638924022359,Satkhira Range,True,False,731250.0,2439750.0,89.240671,22.047206
G_03616,78,53,0.7680841436010094,Satkhira Range,True,False,732250.0,2439750.0,89.250355,22.047074
G_03617,78,54,1.0,Satkhira Range,True,False,732750.0,2439750.0,89.255197,22.047007
G_03618,78,55,1.0,Satkhira Range,True,False,733250.0,2439750.0,89.260039,22.04694
G_03619,78,56,1.0,Satkhira Range,True,False,733750.0,2439750.0,89.264881,22.046873
G_03620,78,57,1.0,Satkhira Range,True,False,734250.0,2439750.0,89.269722,22.046806
G_03621,78,58,1.0,Satkhira Range,True,False,734750.0,2439750.0,89.274564,22.046739
G_03622,78,59,0.8868518534619482,Satkhira Range,True,False,735250.0,2439750.0,89.279406,22.046672
G_03623,79,16,0.1825699364674439,Satkhira Range,True,False,713750.0,2439250.0,89.071129,22.044925
G_03624,79,17,0.9714920069337156,Satkhira Range,True,False,714250.0,2439250.0,89.075972,22.044864
G_03625,79,18,1.0,Satkhira Range,True,False,714750.0,2439250.0,89.080814,22.044802
G_03626,79,19,1.0,Satkhira Range,True,False,715250.0,2439250.0,89.085656,22.04474
G_03627,79,20,1.0,Satkhira Range,True,False,715750.0,2439250.0,89.090499,22.044679
G_03628,79,21,0.6901273058981361,Satkhira Range,True,False,716250.0,2439250.0,89.095341,22.044617
G_03629,79,22,0.9362683547483126,Satkhira Range,True,False,716750.0,2439250.0,89.100183,22.044555
G_03630,79,23,0.8046743002996128,Satkhira Range,True,False,717250.0,2439250.0,89.105025,22.044493
G_03631,79,24,1.0,Satkhira Range,True,False,717750.0,2439250.0,89.109868,22.04443
G_03632,79,25,1.0,Satkhira Range,True,False,718250.0,2439250.0,89.11471,22.044368
G_03633,79,26,0.9248078241464766,Satkhira Range,True,False,718750.0,2439250.0,89.119552,22.044305
G_03634,79,27,0.791993070414052,Satkhira Range,True,False,719250.0,2439250.0,89.124394,22.044242
G_03635,79,28,1.0,Satkhira Range,True,False,719750.0,2439250.0,89.129236,22.044179
G_03636,79,29,1.0,Satkhira Range,True,False,720250.0,2439250.0,89.134078,22.044116
G_03637,79,30,1.0,Satkhira Range,True,False,720750.0,2439250.0,89.13892,22.044053
G_03638,79,31,1.0,Satkhira Range,True,False,721250.0,2439250.0,89.143762,22.04399
G_03639,79,32,0.36670572696775383,Satkhira Range,True,False,721750.0,2439250.0,89.148605,22.043926
G_03640,79,33,0.08680794816530991,Satkhira Range,True,False,722250.0,2439250.0,89.153447,22.043863
G_03641,79,34,0.9032990825941072,Satkhira Range,True,False,722750.0,2439250.0,89.158289,22.043799
G_03642,79,35,1.0,Satkhira Range,True,False,723250.0,2439250.0,89.163131,22.043735
G_03643,79,36,1.0,Satkhira Range,True,False,723750.0,2439250.0,89.167973,22.043671
G_03644,79,37,1.0,Satkhira Range,True,False,724250.0,2439250.0,89.172815,22.043607
G_03645,79,38,1.0,Satkhira Range,True,False,724750.0,2439250.0,89.177657,22.043542
G_03646,79,39,1.0,Satkhira Range,True,False,725250.0,2439250.0,89.182498,22.043478
G_03647,79,40,1.0,Satkhira Range,True,False,725750.0,2439250.0,89.18734,22.043413
G_03648,79,41,1.0,Satkhira Range,True,False,726250.0,2439250.0,89.192182,22.043348
G_03649,79,42,1.0,Satkhira Range,True,False,726750.0,2439250.0,89.197024,22.043283
G_03650,79,43,1.0,Satkhira Range,True,False,727250.0,2439250.0,89.201866,22.043218
G_03651,79,44,1.0,Satkhira Range,True,False,727750.0,2439250.0,89.206708,22.043153
G_03652,79,45,1.0,Satkhira Range,True,False,728250.0,2439250.0,89.21155,22.043088
G_03653,79,46,1.0,Satkhira Range,True,False,728750.0,2439250.0,89.216392,22.043022
G_03654,79,47,1.0,Satkhira Range,True,False,729250.0,2439250.0,89.221233,22.042957
G_03655,79,48,1.0,Satkhira Range,True,False,729750.0,2439250.0,89.226075,22.042891
G_03656,79,49,0.9936591221854092,Satkhira Range,True,False,730250.0,2439250.0,89.230917,22.042825
G_03657,79,50,0.24919076693822426,Satkhira Range,True,False,730750.0,2439250.0,89.235759,22.042759
G_03658,79,52,0.34301603488493715,Satkhira Range,True,False,731750.0,2439250.0,89.245442,22.042626
G_03659,79,53,1.0,Satkhira Range,True,False,732250.0,2439250.0,89.250284,22.04256
G_03660,79,54,1.0,Satkhira Range,True,False,732750.0,2439250.0,89.255125,22.042493
G_03661,79,55,1.0,Satkhira Range,True,False,733250.0,2439250.0,89.259967,22.042426
G_03662,79,56,1.0,Satkhira Range,True,False,733750.0,2439250.0,89.264809,22.04236
G_03663,79,57,1.0,Satkhira Range,True,False,734250.0,2439250.0,89.26965,22.042292
G_03664,79,58,1.0,Satkhira Range,True,False,734750.0,2439250.0,89.274492,22.042225
G_03665,79,59,1.0,Satkhira Range,True,False,735250.0,2439250.0,89.279333,22.042158
G_03666,79,60,0.584866814341573,Satkhira Range,True,False,735750.0,2439250.0,89.284175,22.04209
G_03667,80,17,0.4613737253738611,Satkhira Range,True,False,714250.0,2438750.0,89.075906,22.040349
G_03668,80,18,1.0,Satkhira Range,True,False,714750.0,2438750.0,89.080748,22.040288
G_03669,80,19,1.0,Satkhira Range,True,False,715250.0,2438750.0,89.08559,22.040226
G_03670,80,20,0.8617328316815562,Satkhira Range,True,False,715750.0,2438750.0,89.090432,22.040164
G_03671,80,21,0.8545689193469459,Satkhira Range,True,False,716250.0,2438750.0,89.095274,22.040103
G_03672,80,22,1.0,Satkhira Range,True,False,716750.0,2438750.0,89.100117,22.04004
G_03673,80,23,1.0,Satkhira Range,True,False,717250.0,2438750.0,89.104959,22.039978
G_03674,80,24,1.0,Satkhira Range,True,False,717750.0,2438750.0,89.109801,22.039916
G_03675,80,25,1.0,Satkhira Range,True,False,718250.0,2438750.0,89.114643,22.039853
G_03676,80,26,0.7100461146850746,Satkhira Range,True,False,718750.0,2438750.0,89.119485,22.039791
G_03677,80,27,1.0,Satkhira Range,True,False,719250.0,2438750.0,89.124327,22.039728
G_03678,80,28,1.0,Satkhira Range,True,False,719750.0,2438750.0,89.129169,22.039665
G_03679,80,29,1.0,Satkhira Range,True,False,720250.0,2438750.0,89.134011,22.039602
G_03680,80,30,1.0,Satkhira Range,True,False,720750.0,2438750.0,89.138853,22.039539
G_03681,80,31,1.0,Satkhira Range,True,False,721250.0,2438750.0,89.143694,22.039476
G_03682,80,32,0.1850107351332816,Satkhira Range,True,False,721750.0,2438750.0,89.148536,22.039412
G_03683,80,33,0.21643582243406412,Satkhira Range,True,False,722250.0,2438750.0,89.153378,22.039349
G_03684,80,34,1.0,Satkhira Range,True,False,722750.0,2438750.0,89.15822,22.039285
G_03685,80,35,1.0,Satkhira Range,True,False,723250.0,2438750.0,89.163062,22.039221
G_03686,80,36,1.0,Satkhira Range,True,False,723750.0,2438750.0,89.167904,22.039157
G_03687,80,37,1.0,Satkhira Range,True,False,724250.0,2438750.0,89.172746,22.039093
G_03688,80,38,1.0,Satkhira Range,True,False,724750.0,2438750.0,89.177587,22.039028
G_03689,80,39,1.0,Satkhira Range,True,False,725250.0,2438750.0,89.182429,22.038964
G_03690,80,40,1.0,Satkhira Range,True,False,725750.0,2438750.0,89.187271,22.038899
G_03691,80,41,1.0,Satkhira Range,True,False,726250.0,2438750.0,89.192113,22.038834
G_03692,80,42,1.0,Satkhira Range,True,False,726750.0,2438750.0,89.196954,22.03877
G_03693,80,43,1.0,Satkhira Range,True,False,727250.0,2438750.0,89.201796,22.038704
G_03694,80,44,1.0,Satkhira Range,True,False,727750.0,2438750.0,89.206638,22.038639
G_03695,80,45,1.0,Satkhira Range,True,False,728250.0,2438750.0,89.21148,22.038574
G_03696,80,46,1.0,Satkhira Range,True,False,728750.0,2438750.0,89.216321,22.038508
G_03697,80,47,1.0,Satkhira Range,True,False,729250.0,2438750.0,89.221163,22.038443
G_03698,80,48,1.0,Satkhira Range,True,False,729750.0,2438750.0,89.226004,22.038377
G_03699,80,49,0.6059948335543226,Satkhira Range,True,False,730250.0,2438750.0,89.230846,22.038311
G_03700,80,51,0.07310624554588618,Satkhira Range,True,False,731250.0,2438750.0,89.240529,22.038179
G_03701,80,52,0.8915238930930696,Satkhira Range,True,False,731750.0,2438750.0,89.245371,22.038113
G_03702,80,53,1.0,Satkhira Range,True,False,732250.0,2438750.0,89.250212,22.038046
G_03703,80,54,1.0,Satkhira Range,True,False,732750.0,2438750.0,89.255054,22.037979
G_03704,80,55,1.0,Satkhira Range,True,False,733250.0,2438750.0,89.259895,22.037913
G_03705,80,56,1.0,Satkhira Range,True,False,733750.0,2438750.0,89.264737,22.037846
G_03706,80,57,1.0,Satkhira Range,True,False,734250.0,2438750.0,89.269578,22.037779
G_03707,80,58,1.0,Satkhira Range,True,False,734750.0,2438750.0,89.27442,22.037712
G_03708,80,59,1.0,Satkhira Range,True,False,735250.0,2438750.0,89.279261,22.037644
G_03709,80,60,1.0,Satkhira Range,True,False,735750.0,2438750.0,89.284103,22.037577
G_03710,80,61,0.4643455400468565,Satkhira Range,True,False,736250.0,2438750.0,89.288944,22.037509
G_03711,81,18,0.7883825629754845,Satkhira Range,True,False,714750.0,2438250.0,89.080682,22.035774
G_03712,81,19,1.0,Satkhira Range,True,False,715250.0,2438250.0,89.085524,22.035712
G_03713,81,20,0.8338366470578631,Satkhira Range,True,False,715750.0,2438250.0,89.090366,22.03565
G_03714,81,21,0.7775466510053146,Satkhira Range,True,False,716250.0,2438250.0,89.095208,22.035588
G_03715,81,22,1.0,Satkhira Range,True,False,716750.0,2438250.0,89.10005,22.035526
G_03716,81,23,1.0,Satkhira Range,True,False,717250.0,2438250.0,89.104892,22.035464
G_03717,81,24,1.0,Satkhira Range,True,False,717750.0,2438250.0,89.109734,22.035402
G_03718,81,25,0.9943473685183408,Satkhira Range,True,False,718250.0,2438250.0,89.114576,22.035339
G_03719,81,26,0.7269089106752523,Satkhira Range,True,False,718750.0,2438250.0,89.119417,22.035277
G_03720,81,27,1.0,Satkhira Range,True,False,719250.0,2438250.0,89.124259,22.035214
G_03721,81,28,1.0,Satkhira Range,True,False,719750.0,2438250.0,89.129101,22.035151
G_03722,81,29,1.0,Satkhira Range,True,False,720250.0,2438250.0,89.133943,22.035088
G_03723,81,30,1.0,Satkhira Range,True,False,720750.0,2438250.0,89.138785,22.035025
G_03724,81,31,1.0,Satkhira Range,True,False,721250.0,2438250.0,89.143626,22.034962
G_03725,81,32,0.21182724595444666,Satkhira Range,True,False,721750.0,2438250.0,89.148468,22.034898
G_03726,81,34,0.8138599773065638,Satkhira Range,True,False,722750.0,2438250.0,89.158152,22.034771
G_03727,81,35,1.0,Satkhira Range,True,False,723250.0,2438250.0,89.162993,22.034707
G_03728,81,36,1.0,Satkhira Range,True,False,723750.0,2438250.0,89.167835,22.034643
G_03729,81,37,1.0,Satkhira Range,True,False,724250.0,2438250.0,89.172677,22.034579
G_03730,81,38,1.0,Satkhira Range,True,False,724750.0,2438250.0,89.177518,22.034514
G_03731,81,39,1.0,Satkhira Range,True,False,725250.0,2438250.0,89.18236,22.03445
G_03732,81,40,1.0,Satkhira Range,True,False,725750.0,2438250.0,89.187202,22.034385
G_03733,81,41,1.0,Satkhira Range,True,False,726250.0,2438250.0,89.192043,22.03432
G_03734,81,42,1.0,Satkhira Range,True,False,726750.0,2438250.0,89.196885,22.034256
G_03735,81,43,1.0,Satkhira Range,True,False,727250.0,2438250.0,89.201726,22.034191
G_03736,81,44,1.0,Satkhira Range,True,False,727750.0,2438250.0,89.206568,22.034125
G_03737,81,45,1.0,Satkhira Range,True,False,728250.0,2438250.0,89.211409,22.03406
G_03738,81,46,1.0,Satkhira Range,True,False,728750.0,2438250.0,89.216251,22.033995
G_03739,81,47,1.0,Satkhira Range,True,False,729250.0,2438250.0,89.221092,22.033929
G_03740,81,48,0.9963165933880012,Satkhira Range,True,False,729750.0,2438250.0,89.225934,22.033863
G_03741,81,49,0.20252848094614845,Satkhira Range,True,False,730250.0,2438250.0,89.230775,22.033797
G_03742,81,51,0.7940873536355872,Satkhira Range,True,False,731250.0,2438250.0,89.240458,22.033665
G_03743,81,52,1.0,Satkhira Range,True,False,731750.0,2438250.0,89.2453,22.033599
G_03744,81,53,1.0,Satkhira Range,True,False,732250.0,2438250.0,89.250141,22.033532
G_03745,81,54,1.0,Satkhira Range,True,False,732750.0,2438250.0,89.254982,22.033466
G_03746,81,55,1.0,Satkhira Range,True,False,733250.0,2438250.0,89.259824,22.033399
G_03747,81,56,1.0,Satkhira Range,True,False,733750.0,2438250.0,89.264665,22.033332
G_03748,81,57,1.0,Satkhira Range,True,False,734250.0,2438250.0,89.269506,22.033265
G_03749,81,58,1.0,Satkhira Range,True,False,734750.0,2438250.0,89.274348,22.033198
G_03750,81,59,1.0,Satkhira Range,True,False,735250.0,2438250.0,89.279189,22.033131
G_03751,81,60,0.999323310579038,Satkhira Range,True,False,735750.0,2438250.0,89.28403,22.033063
G_03752,81,61,0.9283148487548358,Satkhira Range,True,False,736250.0,2438250.0,89.288871,22.032995
G_03753,81,62,0.19146595386043808,Satkhira Range,True,False,736750.0,2438250.0,89.293713,22.032928
G_03754,82,18,0.18469197900359488,Satkhira Range,True,False,714750.0,2437750.0,89.080616,22.031259
G_03755,82,19,0.9800388552197123,Satkhira Range,True,False,715250.0,2437750.0,89.085458,22.031198
G_03756,82,20,0.9992366954700559,Satkhira Range,True,False,715750.0,2437750.0,89.0903,22.031136
G_03757,82,21,0.6621555220705573,Satkhira Range,True,False,716250.0,2437750.0,89.095142,22.031074
G_03758,82,22,1.0,Satkhira Range,True,False,716750.0,2437750.0,89.099983,22.031012
G_03759,82,23,1.0,Satkhira Range,True,False,717250.0,2437750.0,89.104825,22.03095
G_03760,82,24,1.0,Satkhira Range,True,False,717750.0,2437750.0,89.109667,22.030888
G_03761,82,25,0.8028151818164894,Satkhira Range,True,False,718250.0,2437750.0,89.114509,22.030825
G_03762,82,26,0.927589401447064,Satkhira Range,True,False,718750.0,2437750.0,89.11935,22.030763
G_03763,82,27,1.0,Satkhira Range,True,False,719250.0,2437750.0,89.124192,22.0307
G_03764,82,28,1.0,Satkhira Range,True,False,719750.0,2437750.0,89.129034,22.030637
G_03765,82,29,1.0,Satkhira Range,True,False,720250.0,2437750.0,89.133875,22.030574
G_03766,82,30,1.0,Satkhira Range,True,False,720750.0,2437750.0,89.138717,22.030511
G_03767,82,31,1.0,Satkhira Range,True,False,721250.0,2437750.0,89.143558,22.030447
G_03768,82,32,0.5045183696950424,Satkhira Range,True,False,721750.0,2437750.0,89.1484,22.030384
G_03769,82,34,0.11823706217535485,Satkhira Range,True,False,722750.0,2437750.0,89.158083,22.030257
G_03770,82,35,0.8537505270637553,Satkhira Range,True,False,723250.0,2437750.0,89.162925,22.030193
G_03771,82,36,1.0,Satkhira Range,True,False,723750.0,2437750.0,89.167766,22.030129
G_03772,82,37,1.0,Satkhira Range,True,False,724250.0,2437750.0,89.172608,22.030065
G_03773,82,38,1.0,Satkhira Range,True,False,724750.0,2437750.0,89.177449,22.03
G_03774,82,39,1.0,Satkhira Range,True,False,725250.0,2437750.0,89.182291,22.029936
G_03775,82,40,1.0,Satkhira Range,True,False,725750.0,2437750.0,89.187132,22.029871
G_03776,82,41,1.0,Satkhira Range,True,False,726250.0,2437750.0,89.191974,22.029807
G_03777,82,42,1.0,Satkhira Range,True,False,726750.0,2437750.0,89.196815,22.029742
G_03778,82,43,1.0,Satkhira Range,True,False,727250.0,2437750.0,89.201657,22.029677
G_03779,82,44,1.0,Satkhira Range,True,False,727750.0,2437750.0,89.206498,22.029611
G_03780,82,45,1.0,Satkhira Range,True,False,728250.0,2437750.0,89.211339,22.029546
G_03781,82,46,1.0,Satkhira Range,True,False,728750.0,2437750.0,89.216181,22.029481
G_03782,82,47,1.0,Satkhira Range,True,False,729250.0,2437750.0,89.221022,22.029415
G_03783,82,48,0.6036012765015567,Satkhira Range,True,False,729750.0,2437750.0,89.225863,22.029349
G_03784,82,50,0.3593239491805596,Satkhira Range,True,False,730750.0,2437750.0,89.235546,22.029217
G_03785,82,51,1.0,Satkhira Range,True,False,731250.0,2437750.0,89.240387,22.029151
G_03786,82,52,1.0,Satkhira Range,True,False,731750.0,2437750.0,89.245228,22.029085
G_03787,82,53,1.0,Satkhira Range,True,False,732250.0,2437750.0,89.25007,22.029019
G_03788,82,54,1.0,Satkhira Range,True,False,732750.0,2437750.0,89.254911,22.028952
G_03789,82,55,1.0,Satkhira Range,True,False,733250.0,2437750.0,89.259752,22.028885
G_03790,82,56,1.0,Satkhira Range,True,False,733750.0,2437750.0,89.264593,22.028818
G_03791,82,57,1.0,Satkhira Range,True,False,734250.0,2437750.0,89.269434,22.028751
G_03792,82,58,1.0,Satkhira Range,True,False,734750.0,2437750.0,89.274275,22.028684
G_03793,82,59,1.0,Satkhira Range,True,False,735250.0,2437750.0,89.279117,22.028617
G_03794,82,60,1.0,Satkhira Range,True,False,735750.0,2437750.0,89.283958,22.028549
G_03795,82,61,0.8819751031103008,Satkhira Range,True,False,736250.0,2437750.0,89.288799,22.028482
G_03796,82,62,0.4093703866601839,Satkhira Range,True,False,736750.0,2437750.0,89.29364,22.028414
G_03797,83,19,0.4864664033480939,Satkhira Range,True,False,715250.0,2437250.0,89.085392,22.026683
G_03798,83,20,1.0,Satkhira Range,True,False,715750.0,2437250.0,89.090233,22.026622
G_03799,83,21,0.6742094019438913,Satkhira Range,True,False,716250.0,2437250.0,89.095075,22.02656
G_03800,83,22,1.0,Satkhira Range,True,False,716750.0,2437250.0,89.099917,22.026498
G_03801,83,23,1.0,Satkhira Range,True,False,717250.0,2437250.0,89.104758,22.026436
G_03802,83,24,1.0,Satkhira Range,True,False,717750.0,2437250.0,89.1096,22.026373
G_03803,83,25,0.969924086630838,Satkhira Range,True,False,718250.0,2437250.0,89.114441,22.026311
G_03804,83,26,0.8065389821183062,Satkhira Range,True,False,718750.0,2437250.0,89.119283,22.026248
G_03805,83,27,0.7971893072448846,Satkhira Range,True,False,719250.0,2437250.0,89.124125,22.026186
G_03806,83,28,0.8192136689844417,Satkhira Range,True,False,719750.0,2437250.0,89.128966,22.026123
G_03807,83,29,1.0,Satkhira Range,True,False,720250.0,2437250.0,89.133808,22.02606
G_03808,83,30,1.0,Satkhira Range,True,False,720750.0,2437250.0,89.138649,22.025997
G_03809,83,31,1.0,Satkhira Range,True,False,721250.0,2437250.0,89.143491,22.025933
G_03810,83,32,0.9483706990569086,Satkhira Range,True,False,721750.0,2437250.0,89.148332,22.02587
G_03811,83,33,0.11768182588251133,Satkhira Range,True,False,722250.0,2437250.0,89.153173,22.025806
G_03812,83,36,0.10814503513303386,Satkhira Range,True,False,723750.0,2437250.0,89.167698,22.025615
G_03813,83,37,0.3743463590883339,Satkhira Range,True,False,724250.0,2437250.0,89.172539,22.025551
G_03814,83,38,0.4097178849185101,Satkhira Range,True,False,724750.0,2437250.0,89.17738,22.025486
G_03815,83,39,0.2221176670028723,Satkhira Range,True,False,725250.0,2437250.0,89.182222,22.025422
G_03816,83,40,0.5743260234336794,Satkhira Range,True,False,725750.0,2437250.0,89.187063,22.025357
G_03817,83,41,0.9963184270969644,Satkhira Range,True,False,726250.0,2437250.0,89.191904,22.025293
G_03818,83,42,1.0,Satkhira Range,True,False,726750.0,2437250.0,89.196745,22.025228
G_03819,83,43,1.0,Satkhira Range,True,False,727250.0,2437250.0,89.201587,22.025163
G_03820,83,44,1.0,Satkhira Range,True,False,727750.0,2437250.0,89.206428,22.025098
G_03821,83,45,1.0,Satkhira Range,True,False,728250.0,2437250.0,89.211269,22.025032
G_03822,83,46,1.0,Satkhira Range,True,False,728750.0,2437250.0,89.21611,22.024967
G_03823,83,47,0.8699062553415279,Satkhira Range,True,False,729250.0,2437250.0,89.220952,22.024901
G_03824,83,48,0.06513980758982575,Satkhira Range,True,False,729750.0,2437250.0,89.225793,22.024836
G_03825,83,49,0.05675705754379273,Satkhira Range,True,False,730250.0,2437250.0,89.230634,22.02477
G_03826,83,50,0.8532468634331247,Satkhira Range,True,False,730750.0,2437250.0,89.235475,22.024704
G_03827,83,51,1.0,Satkhira Range,True,False,731250.0,2437250.0,89.240316,22.024638
G_03828,83,52,1.0,Satkhira Range,True,False,731750.0,2437250.0,89.245157,22.024571
G_03829,83,53,1.0,Satkhira Range,True,False,732250.0,2437250.0,89.249998,22.024505
G_03830,83,54,1.0,Satkhira Range,True,False,732750.0,2437250.0,89.254839,22.024438
G_03831,83,55,1.0,Satkhira Range,True,False,733250.0,2437250.0,89.25968,22.024372
G_03832,83,56,1.0,Satkhira Range,True,False,733750.0,2437250.0,89.264521,22.024305
G_03833,83,57,1.0,Satkhira Range,True,False,734250.0,2437250.0,89.269362,22.024238
G_03834,83,58,1.0,Satkhira Range,True,False,734750.0,2437250.0,89.274203,22.02417
G_03835,83,59,1.0,Satkhira Range,True,False,735250.0,2437250.0,89.279044,22.024103
G_03836,83,60,1.0,Satkhira Range,True,False,735750.0,2437250.0,89.283885,22.024036
G_03837,83,61,1.0,Satkhira Range,True,False,736250.0,2437250.0,89.288726,22.023968
G_03838,83,62,0.8972097501481793,Satkhira Range,True,False,736750.0,2437250.0,89.293567,22.0239
G_03839,83,63,0.058685497541572526,Satkhira Range,True,False,737250.0,2437250.0,89.298408,22.023833
G_03840,84,20,0.8505584011300857,Satkhira Range,True,False,715750.0,2436750.0,89.090167,22.022107
G_03841,84,21,0.6018111748252292,Satkhira Range,True,False,716250.0,2436750.0,89.095009,22.022046
G_03842,84,22,1.0,Satkhira Range,True,False,716750.0,2436750.0,89.09985,22.021984
G_03843,84,23,1.0,Satkhira Range,True,False,717250.0,2436750.0,89.104692,22.021921
G_03844,84,24,1.0,Satkhira Range,True,False,717750.0,2436750.0,89.109533,22.021859
G_03845,84,25,1.0,Satkhira Range,True,False,718250.0,2436750.0,89.114374,22.021797
G_03846,84,26,1.0,Satkhira Range,True,False,718750.0,2436750.0,89.119216,22.021734
G_03847,84,27,1.0,Satkhira Range,True,False,719250.0,2436750.0,89.124057,22.021672
G_03848,84,28,0.78830624002429,Satkhira Range,True,False,719750.0,2436750.0,89.128899,22.021609
G_03849,84,29,1.0,Satkhira Range,True,False,720250.0,2436750.0,89.13374,22.021546
G_03850,84,30,1.0,Satkhira Range,True,False,720750.0,2436750.0,89.138581,22.021483
G_03851,84,31,1.0,Satkhira Range,True,False,721250.0,2436750.0,89.143423,22.021419
G_03852,84,32,1.0,Satkhira Range,True,False,721750.0,2436750.0,89.148264,22.021356
G_03853,84,33,0.7631092654656257,Satkhira Range,True,False,722250.0,2436750.0,89.153105,22.021292
G_03854,84,36,0.6063385650672952,Satkhira Range,True,False,723750.0,2436750.0,89.167629,22.021101
G_03855,84,37,0.542619457856697,Satkhira Range,True,False,724250.0,2436750.0,89.17247,22.021037
G_03856,84,38,0.4482433368246202,Satkhira Range,True,False,724750.0,2436750.0,89.177311,22.020972
G_03857,84,39,0.5650830592517022,Satkhira Range,True,False,725250.0,2436750.0,89.182152,22.020908
G_03858,84,40,0.24109996279457904,Satkhira Range,True,False,725750.0,2436750.0,89.186994,22.020843
G_03859,84,41,0.5765438816573052,Satkhira Range,True,False,726250.0,2436750.0,89.191835,22.020779
G_03860,84,42,1.0,Satkhira Range,True,False,726750.0,2436750.0,89.196676,22.020714
G_03861,84,43,1.0,Satkhira Range,True,False,727250.0,2436750.0,89.201517,22.020649
G_03862,84,44,1.0,Satkhira Range,True,False,727750.0,2436750.0,89.206358,22.020584
G_03863,84,45,1.0,Satkhira Range,True,False,728250.0,2436750.0,89.211199,22.020518
G_03864,84,46,0.7816975797470944,Satkhira Range,True,False,728750.0,2436750.0,89.21604,22.020453
G_03865,84,47,0.11938905587348726,Satkhira Range,True,False,729250.0,2436750.0,89.220881,22.020387
G_03866,84,49,0.7029945798460718,Satkhira Range,True,False,730250.0,2436750.0,89.230563,22.020256
G_03867,84,50,1.0,Satkhira Range,True,False,730750.0,2436750.0,89.235404,22.02019
G_03868,84,51,1.0,Satkhira Range,True,False,731250.0,2436750.0,89.240245,22.020124
G_03869,84,52,1.0,Satkhira Range,True,False,731750.0,2436750.0,89.245086,22.020057
G_03870,84,53,1.0,Satkhira Range,True,False,732250.0,2436750.0,89.249927,22.019991
G_03871,84,54,1.0,Satkhira Range,True,False,732750.0,2436750.0,89.254768,22.019924
G_03872,84,55,1.0,Satkhira Range,True,False,733250.0,2436750.0,89.259609,22.019858
G_03873,84,56,1.0,Satkhira Range,True,False,733750.0,2436750.0,89.26445,22.019791
G_03874,84,57,1.0,Satkhira Range,True,False,734250.0,2436750.0,89.26929,22.019724
G_03875,84,58,1.0,Satkhira Range,True,False,734750.0,2436750.0,89.274131,22.019657
G_03876,84,59,1.0,Satkhira Range,True,False,735250.0,2436750.0,89.278972,22.01959
G_03877,84,60,1.0,Satkhira Range,True,False,735750.0,2436750.0,89.283813,22.019522
G_03878,84,61,1.0,Satkhira Range,True,False,736250.0,2436750.0,89.288654,22.019455
G_03879,84,62,1.0,Satkhira Range,True,False,736750.0,2436750.0,89.293494,22.019387
G_03880,84,63,0.46673615668934637,Satkhira Range,True,False,737250.0,2436750.0,89.298335,22.019319
G_03881,85,20,0.18980539055942125,Satkhira Range,True,False,715750.0,2436250.0,89.090101,22.017593
G_03882,85,21,0.8037851663410841,Satkhira Range,True,False,716250.0,2436250.0,89.094942,22.017531
G_03883,85,22,1.0,Satkhira Range,True,False,716750.0,2436250.0,89.099784,22.017469
G_03884,85,23,1.0,Satkhira Range,True,False,717250.0,2436250.0,89.104625,22.017407
G_03885,85,24,1.0,Satkhira Range,True,False,717750.0,2436250.0,89.109466,22.017345
G_03886,85,25,1.0,Satkhira Range,True,False,718250.0,2436250.0,89.114307,22.017283
G_03887,85,26,1.0,Satkhira Range,True,False,718750.0,2436250.0,89.119149,22.01722
G_03888,85,27,1.0,Satkhira Range,True,False,719250.0,2436250.0,89.12399,22.017157
G_03889,85,28,0.7048020172938471,Satkhira Range,True,False,719750.0,2436250.0,89.128831,22.017095
G_03890,85,29,1.0,Satkhira Range,True,False,720250.0,2436250.0,89.133672,22.017032
G_03891,85,30,1.0,Satkhira Range,True,False,720750.0,2436250.0,89.138513,22.016968
G_03892,85,31,1.0,Satkhira Range,True,False,721250.0,2436250.0,89.143355,22.016905
G_03893,85,32,1.0,Satkhira Range,True,False,721750.0,2436250.0,89.148196,22.016842
G_03894,85,33,1.0,Satkhira Range,True,False,722250.0,2436250.0,89.153037,22.016778
G_03895,85,34,0.27831381787225645,Satkhira Range,True,False,722750.0,2436250.0,89.157878,22.016715
G_03896,85,36,0.8172677858180528,Satkhira Range,True,False,723750.0,2436250.0,89.16756,22.016587
G_03897,85,37,1.0,Satkhira Range,True,False,724250.0,2436250.0,89.172401,22.016523
G_03898,85,38,1.0,Satkhira Range,True,False,724750.0,2436250.0,89.177242,22.016458
G_03899,85,39,1.0,Satkhira Range,True,False,725250.0,2436250.0,89.182083,22.016394
G_03900,85,40,0.6544591435002528,Satkhira Range,True,False,725750.0,2436250.0,89.186924,22.016329
G_03901,85,41,0.25272884057291956,Satkhira Range,True,False,726250.0,2436250.0,89.191765,22.016265
G_03902,85,42,1.0,Satkhira Range,True,False,726750.0,2436250.0,89.196606,22.0162
G_03903,85,43,1.0,Satkhira Range,True,False,727250.0,2436250.0,89.201447,22.016135
G_03904,85,44,1.0,Satkhira Range,True,False,727750.0,2436250.0,89.206288,22.01607
G_03905,85,45,0.8812286843275172,Satkhira Range,True,False,728250.0,2436250.0,89.211129,22.016004
G_03906,85,48,0.5107369128968741,Satkhira Range,True,False,729750.0,2436250.0,89.225652,22.015808
G_03907,85,49,1.0,Satkhira Range,True,False,730250.0,2436250.0,89.230492,22.015742
G_03908,85,50,1.0,Satkhira Range,True,False,730750.0,2436250.0,89.235333,22.015676
G_03909,85,51,1.0,Satkhira Range,True,False,731250.0,2436250.0,89.240174,22.01561
G_03910,85,52,1.0,Satkhira Range,True,False,731750.0,2436250.0,89.245015,22.015544
G_03911,85,53,1.0,Satkhira Range,True,False,732250.0,2436250.0,89.249856,22.015477
G_03912,85,54,1.0,Satkhira Range,True,False,732750.0,2436250.0,89.254696,22.015411
G_03913,85,55,1.0,Satkhira Range,True,False,733250.0,2436250.0,89.259537,22.015344
G_03914,85,56,1.0,Satkhira Range,True,False,733750.0,2436250.0,89.264378,22.015277
G_03915,85,57,1.0,Satkhira Range,True,False,734250.0,2436250.0,89.269219,22.01521
G_03916,85,58,1.0,Satkhira Range,True,False,734750.0,2436250.0,89.274059,22.015143
G_03917,85,59,1.0,Satkhira Range,True,False,735250.0,2436250.0,89.2789,22.015076
G_03918,85,60,1.0,Satkhira Range,True,False,735750.0,2436250.0,89.28374,22.015008
G_03919,85,61,1.0,Satkhira Range,True,False,736250.0,2436250.0,89.288581,22.014941
G_03920,85,62,1.0,Satkhira Range,True,False,736750.0,2436250.0,89.293422,22.014873
G_03921,85,63,0.8783576658590616,Satkhira Range,True,False,737250.0,2436250.0,89.298262,22.014805
G_03922,86,20,0.27377352820349277,Satkhira Range,True,False,715750.0,2435750.0,89.090035,22.013079
G_03923,86,21,1.0,Satkhira Range,True,False,716250.0,2435750.0,89.094876,22.013017
G_03924,86,22,1.0,Satkhira Range,True,False,716750.0,2435750.0,89.099717,22.012955
G_03925,86,23,1.0,Satkhira Range,True,False,717250.0,2435750.0,89.104558,22.012893
G_03926,86,24,1.0,Satkhira Range,True,False,717750.0,2435750.0,89.109399,22.012831
G_03927,86,25,1.0,Satkhira Range,True,False,718250.0,2435750.0,89.11424,22.012768
G_03928,86,26,1.0,Satkhira Range,True,False,718750.0,2435750.0,89.119082,22.012706
G_03929,86,27,1.0,Satkhira Range,True,False,719250.0,2435750.0,89.123923,22.012643
G_03930,86,28,0.7078291887604959,Satkhira Range,True,False,719750.0,2435750.0,89.128764,22.01258
G_03931,86,29,0.9503538132058843,Satkhira Range,True,False,720250.0,2435750.0,89.133605,22.012517
G_03932,86,30,1.0,Satkhira Range,True,False,720750.0,2435750.0,89.138446,22.012454
G_03933,86,31,1.0,Satkhira Range,True,False,721250.0,2435750.0,89.143287,22.012391
G_03934,86,32,1.0,Satkhira Range,True,False,721750.0,2435750.0,89.148128,22.012328
G_03935,86,33,1.0,Satkhira Range,True,False,722250.0,2435750.0,89.152969,22.012264
G_03936,86,34,0.6456003050651689,Satkhira Range,True,False,722750.0,2435750.0,89.15781,22.0122
G_03937,86,36,0.36556547547255247,Satkhira Range,True,False,723750.0,2435750.0,89.167491,22.012073
G_03938,86,37,1.0,Satkhira Range,True,False,724250.0,2435750.0,89.172332,22.012009
G_03939,86,38,1.0,Satkhira Range,True,False,724750.0,2435750.0,89.177173,22.011944
G_03940,86,39,1.0,Satkhira Range,True,False,725250.0,2435750.0,89.182014,22.01188
G_03941,86,40,0.8583584377359909,Satkhira Range,True,False,725750.0,2435750.0,89.186855,22.011815
G_03942,86,42,0.8582498251227892,Satkhira Range,True,False,726750.0,2435750.0,89.196537,22.011686
G_03943,86,43,1.0,Satkhira Range,True,False,727250.0,2435750.0,89.201377,22.011621
G_03944,86,44,1.0,Satkhira Range,True,False,727750.0,2435750.0,89.206218,22.011556
G_03945,86,45,0.5794932655714629,Satkhira Range,True,False,728250.0,2435750.0,89.211059,22.011491
G_03946,86,47,0.39965604143596717,Satkhira Range,True,False,729250.0,2435750.0,89.22074,22.01136
G_03947,86,48,0.9997435355540997,Satkhira Range,True,False,729750.0,2435750.0,89.225581,22.011294
G_03948,86,49,1.0,Satkhira Range,True,False,730250.0,2435750.0,89.230422,22.011228
G_03949,86,50,1.0,Satkhira Range,True,False,730750.0,2435750.0,89.235262,22.011162
G_03950,86,51,1.0,Satkhira Range,True,False,731250.0,2435750.0,89.240103,22.011096
G_03951,86,52,1.0,Satkhira Range,True,False,731750.0,2435750.0,89.244944,22.01103
G_03952,86,53,1.0,Satkhira Range,True,False,732250.0,2435750.0,89.249784,22.010963
G_03953,86,54,1.0,Satkhira Range,True,False,732750.0,2435750.0,89.254625,22.010897
G_03954,86,55,1.0,Satkhira Range,True,False,733250.0,2435750.0,89.259466,22.01083
G_03955,86,56,1.0,Satkhira Range,True,False,733750.0,2435750.0,89.264306,22.010763
G_03956,86,57,1.0,Satkhira Range,True,False,734250.0,2435750.0,89.269147,22.010696
G_03957,86,58,1.0,Satkhira Range,True,False,734750.0,2435750.0,89.273987,22.010629
G_03958,86,59,1.0,Satkhira Range,True,False,735250.0,2435750.0,89.278828,22.010562
G_03959,86,60,1.0,Satkhira Range,True,False,735750.0,2435750.0,89.283668,22.010495
G_03960,86,61,1.0,Satkhira Range,True,False,736250.0,2435750.0,89.288509,22.010427
G_03961,86,62,1.0,Satkhira Range,True,False,736750.0,2435750.0,89.293349,22.01036
G_03962,86,63,1.0,Satkhira Range,True,False,737250.0,2435750.0,89.298189,22.010292
G_03963,86,64,0.27450594705930914,Satkhira Range,True,False,737750.0,2435750.0,89.30303,22.010224
G_03964,87,21,1.0,Satkhira Range,True,False,716250.0,2435250.0,89.09481,22.008503
G_03965,87,22,1.0,Satkhira Range,True,False,716750.0,2435250.0,89.099651,22.008441
G_03966,87,23,1.0,Satkhira Range,True,False,717250.0,2435250.0,89.104492,22.008379
G_03967,87,24,1.0,Satkhira Range,True,False,717750.0,2435250.0,89.109332,22.008317
G_03968,87,25,1.0,Satkhira Range,True,False,718250.0,2435250.0,89.114173,22.008254
G_03969,87,26,1.0,Satkhira Range,True,False,718750.0,2435250.0,89.119014,22.008192
G_03970,87,27,1.0,Satkhira Range,True,False,719250.0,2435250.0,89.123855,22.008129
G_03971,87,28,0.9478275809946194,Satkhira Range,True,False,719750.0,2435250.0,89.128696,22.008066
G_03972,87,29,0.6389414824370954,Satkhira Range,True,False,720250.0,2435250.0,89.133537,22.008003
G_03973,87,30,1.0,Satkhira Range,True,False,720750.0,2435250.0,89.138378,22.00794
G_03974,87,31,1.0,Satkhira Range,True,False,721250.0,2435250.0,89.143219,22.007877
G_03975,87,32,1.0,Satkhira Range,True,False,721750.0,2435250.0,89.14806,22.007814
G_03976,87,33,1.0,Satkhira Range,True,False,722250.0,2435250.0,89.1529,22.00775
G_03977,87,34,0.9769402843353278,Satkhira Range,True,False,722750.0,2435250.0,89.157741,22.007686
G_03978,87,35,0.08244066162735877,Satkhira Range,True,False,723250.0,2435250.0,89.162582,22.007623
G_03979,87,36,0.05927099351317543,Satkhira Range,True,False,723750.0,2435250.0,89.167423,22.007559
G_03980,87,37,0.9822854493449052,Satkhira Range,True,False,724250.0,2435250.0,89.172264,22.007495
G_03981,87,38,1.0,Satkhira Range,True,False,724750.0,2435250.0,89.177104,22.00743
G_03982,87,39,1.0,Satkhira Range,True,False,725250.0,2435250.0,89.181945,22.007366
G_03983,87,40,0.9996705929531211,Satkhira Range,True,False,725750.0,2435250.0,89.186786,22.007301
G_03984,87,41,0.2796450133255732,Satkhira Range,True,False,726250.0,2435250.0,89.191626,22.007237
G_03985,87,42,0.1807720408111317,Satkhira Range,True,False,726750.0,2435250.0,89.196467,22.007172
G_03986,87,43,0.9496034760511942,Satkhira Range,True,False,727250.0,2435250.0,89.201308,22.007107
G_03987,87,44,1.0,Satkhira Range,True,False,727750.0,2435250.0,89.206148,22.007042
G_03988,87,45,0.33094245010621554,Satkhira Range,True,False,728250.0,2435250.0,89.210989,22.006977
G_03989,87,47,0.4599039211538673,Satkhira Range,True,False,729250.0,2435250.0,89.22067,22.006846
G_03990,87,48,0.9758240219266479,Satkhira Range,True,False,729750.0,2435250.0,89.225511,22.00678
G_03991,87,49,1.0,Satkhira Range,True,False,730250.0,2435250.0,89.230351,22.006714
G_03992,87,50,1.0,Satkhira Range,True,False,730750.0,2435250.0,89.235192,22.006648
G_03993,87,51,1.0,Satkhira Range,True,False,731250.0,2435250.0,89.240032,22.006582
G_03994,87,52,1.0,Satkhira Range,True,False,731750.0,2435250.0,89.244873,22.006516
G_03995,87,53,1.0,Satkhira Range,True,False,732250.0,2435250.0,89.249713,22.00645
G_03996,87,54,1.0,Satkhira Range,True,False,732750.0,2435250.0,89.254554,22.006383
G_03997,87,55,1.0,Satkhira Range,True,False,733250.0,2435250.0,89.259394,22.006317
G_03998,87,56,1.0,Satkhira Range,True,False,733750.0,2435250.0,89.264234,22.00625
G_03999,87,57,1.0,Satkhira Range,True,False,734250.0,2435250.0,89.269075,22.006183
G_04000,87,58,1.0,Satkhira Range,True,False,734750.0,2435250.0,89.273915,22.006116
G_04001,87,59,1.0,Satkhira Range,True,False,735250.0,2435250.0,89.278755,22.006048
G_04002,87,60,1.0,Satkhira Range,True,False,735750.0,2435250.0,89.283596,22.005981
G_04003,87,61,1.0,Satkhira Range,True,False,736250.0,2435250.0,89.288436,22.005914
G_04004,87,62,1.0,Satkhira Range,True,False,736750.0,2435250.0,89.293276,22.005846
G_04005,87,63,1.0,Satkhira Range,True,False,737250.0,2435250.0,89.298117,22.005778
G_04006,87,64,0.6549698161911188,Satkhira Range,True,False,737750.0,2435250.0,89.302957,22.00571
G_04007,88,21,1.0,Satkhira Range,True,False,716250.0,2434750.0,89.094743,22.003989
G_04008,88,22,1.0,Satkhira Range,True,False,716750.0,2434750.0,89.099584,22.003927
G_04009,88,23,1.0,Satkhira Range,True,False,717250.0,2434750.0,89.104425,22.003865
G_04010,88,24,1.0,Satkhira Range,True,False,717750.0,2434750.0,89.109266,22.003802
G_04011,88,25,1.0,Satkhira Range,True,False,718250.0,2434750.0,89.114106,22.00374
G_04012,88,26,1.0,Satkhira Range,True,False,718750.0,2434750.0,89.118947,22.003678
G_04013,88,27,1.0,Satkhira Range,True,False,719250.0,2434750.0,89.123788,22.003615
G_04014,88,28,0.7703257745517031,Satkhira Range,True,False,719750.0,2434750.0,89.128629,22.003552
G_04015,88,29,0.9895133149505018,Satkhira Range,True,False,720250.0,2434750.0,89.13347,22.003489
G_04016,88,30,1.0,Satkhira Range,True,False,720750.0,2434750.0,89.13831,22.003426
G_04017,88,31,1.0,Satkhira Range,True,False,721250.0,2434750.0,89.143151,22.003363
G_04018,88,32,1.0,Satkhira Range,True,False,721750.0,2434750.0,89.147992,22.0033
G_04019,88,33,1.0,Satkhira Range,True,False,722250.0,2434750.0,89.152832,22.003236
G_04020,88,34,1.0,Satkhira Range,True,False,722750.0,2434750.0,89.157673,22.003172
G_04021,88,35,0.42274188743473423,Satkhira Range,True,False,723250.0,2434750.0,89.162514,22.003109
G_04022,88,37,0.752130563429774,Satkhira Range,True,False,724250.0,2434750.0,89.172195,22.002981
G_04023,88,38,1.0,Satkhira Range,True,False,724750.0,2434750.0,89.177035,22.002916
G_04024,88,39,1.0,Satkhira Range,True,False,725250.0,2434750.0,89.181876,22.002852
G_04025,88,40,1.0,Satkhira Range,True,False,725750.0,2434750.0,89.186716,22.002787
G_04026,88,41,0.9320318188894056,Satkhira Range,True,False,726250.0,2434750.0,89.191557,22.002723
G_04027,88,42,0.30655999769987985,Satkhira Range,True,False,726750.0,2434750.0,89.196397,22.002658
G_04028,88,43,0.26637086926731396,Satkhira Range,True,False,727250.0,2434750.0,89.201238,22.002593
G_04029,88,44,0.45428653150232334,Satkhira Range,True,False,727750.0,2434750.0,89.206078,22.002528
G_04030,88,48,0.09321798250145304,Satkhira Range,True,False,729750.0,2434750.0,89.22544,22.002266
G_04031,88,49,0.4357987995693778,Satkhira Range,True,False,730250.0,2434750.0,89.230281,22.002201
G_04032,88,50,0.7507570987460108,Satkhira Range,True,False,730750.0,2434750.0,89.235121,22.002135
G_04033,88,51,0.9999791394640352,Satkhira Range,True,False,731250.0,2434750.0,89.239961,22.002068
G_04034,88,52,1.0,Satkhira Range,True,False,731750.0,2434750.0,89.244802,22.002002
G_04035,88,53,1.0,Satkhira Range,True,False,732250.0,2434750.0,89.249642,22.001936
G_04036,88,54,1.0,Satkhira Range,True,False,732750.0,2434750.0,89.254482,22.001869
G_04037,88,55,1.0,Satkhira Range,True,False,733250.0,2434750.0,89.259322,22.001803
G_04038,88,56,1.0,Satkhira Range,True,False,733750.0,2434750.0,89.264163,22.001736
G_04039,88,57,1.0,Satkhira Range,True,False,734250.0,2434750.0,89.269003,22.001669
G_04040,88,58,1.0,Satkhira Range,True,False,734750.0,2434750.0,89.273843,22.001602
G_04041,88,59,1.0,Satkhira Range,True,False,735250.0,2434750.0,89.278683,22.001535
G_04042,88,60,1.0,Satkhira Range,True,False,735750.0,2434750.0,89.283523,22.001467
G_04043,88,61,1.0,Satkhira Range,True,False,736250.0,2434750.0,89.288364,22.0014
G_04044,88,62,1.0,Satkhira Range,True,False,736750.0,2434750.0,89.293204,22.001332
G_04045,88,63,1.0,Satkhira Range,True,False,737250.0,2434750.0,89.298044,22.001264
G_04046,88,64,0.9674247826694674,Satkhira Range,True,False,737750.0,2434750.0,89.302884,22.001197
G_04047,89,21,0.9159554996953343,Satkhira Range,True,False,716250.0,2434250.0,89.094677,21.999474
G_04048,89,22,1.0,Satkhira Range,True,False,716750.0,2434250.0,89.099518,21.999412
G_04049,89,23,1.0,Satkhira Range,True,False,717250.0,2434250.0,89.104358,21.99935
G_04050,89,24,1.0,Satkhira Range,True,False,717750.0,2434250.0,89.109199,21.999288
G_04051,89,25,1.0,Satkhira Range,True,False,718250.0,2434250.0,89.11404,21.999226
G_04052,89,26,1.0,Satkhira Range,True,False,718750.0,2434250.0,89.11888,21.999163
G_04053,89,27,1.0,Satkhira Range,True,False,719250.0,2434250.0,89.123721,21.999101
G_04054,89,28,0.7374211353901731,Satkhira Range,True,False,719750.0,2434250.0,89.128561,21.999038
G_04055,89,29,0.9540907780554653,Satkhira Range,True,False,720250.0,2434250.0,89.133402,21.998975
G_04056,89,30,1.0,Satkhira Range,True,False,720750.0,2434250.0,89.138243,21.998912
G_04057,89,31,1.0,Satkhira Range,True,False,721250.0,2434250.0,89.143083,21.998849
G_04058,89,32,1.0,Satkhira Range,True,False,721750.0,2434250.0,89.147924,21.998785
G_04059,89,33,1.0,Satkhira Range,True,False,722250.0,2434250.0,89.152764,21.998722
G_04060,89,34,1.0,Satkhira Range,True,False,722750.0,2434250.0,89.157605,21.998658
G_04061,89,35,0.44287694227821994,Satkhira Range,True,False,723250.0,2434250.0,89.162445,21.998595
G_04062,89,37,0.645043338173499,Satkhira Range,True,False,724250.0,2434250.0,89.172126,21.998467
G_04063,89,38,1.0,Satkhira Range,True,False,724750.0,2434250.0,89.176966,21.998402
G_04064,89,39,1.0,Satkhira Range,True,False,725250.0,2434250.0,89.181807,21.998338
G_04065,89,40,1.0,Satkhira Range,True,False,725750.0,2434250.0,89.186647,21.998273
G_04066,89,41,1.0,Satkhira Range,True,False,726250.0,2434250.0,89.191488,21.998209
G_04067,89,42,1.0,Satkhira Range,True,False,726750.0,2434250.0,89.196328,21.998144
G_04068,89,43,0.9289771473196136,Satkhira Range,True,False,727250.0,2434250.0,89.201168,21.998079
G_04069,89,44,0.648021788217068,Satkhira Range,True,False,727750.0,2434250.0,89.206009,21.998014
G_04070,89,45,0.5133873917055822,Satkhira Range,True,False,728250.0,2434250.0,89.210849,21.997949
G_04071,89,46,0.3500104621764009,Satkhira Range,True,False,728750.0,2434250.0,89.215689,21.997884
G_04072,89,47,0.05359937929268949,Satkhira Range,True,False,729250.0,2434250.0,89.220529,21.997818
G_04073,89,51,0.3256035456159006,Satkhira Range,True,False,731250.0,2434250.0,89.23989,21.997555
G_04074,89,52,0.9565130489537539,Satkhira Range,True,False,731750.0,2434250.0,89.24473,21.997488
G_04075,89,53,1.0,Satkhira Range,True,False,732250.0,2434250.0,89.249571,21.997422
G_04076,89,54,1.0,Satkhira Range,True,False,732750.0,2434250.0,89.254411,21.997356
G_04077,89,55,1.0,Satkhira Range,True,False,733250.0,2434250.0,89.259251,21.997289
G_04078,89,56,0.9580275280372355,Satkhira Range,True,False,733750.0,2434250.0,89.264091,21.997222
G_04079,89,57,1.0,Satkhira Range,True,False,734250.0,2434250.0,89.268931,21.997155
G_04080,89,58,1.0,Satkhira Range,True,False,734750.0,2434250.0,89.273771,21.997088
G_04081,89,59,1.0,Satkhira Range,True,False,735250.0,2434250.0,89.278611,21.997021
G_04082,89,60,1.0,Satkhira Range,True,False,735750.0,2434250.0,89.283451,21.996954
G_04083,89,61,1.0,Satkhira Range,True,False,736250.0,2434250.0,89.288291,21.996886
G_04084,89,62,1.0,Satkhira Range,True,False,736750.0,2434250.0,89.293131,21.996819
G_04085,89,63,0.9956971539691017,Satkhira Range,True,False,737250.0,2434250.0,89.297971,21.996751
G_04086,89,64,0.6820361638676573,Satkhira Range,True,False,737750.0,2434250.0,89.302811,21.996683
G_04087,89,65,0.33138326703940635,Satkhira Range,True,False,738250.0,2434250.0,89.307651,21.996615
G_04088,90,21,0.7424983198476186,Satkhira Range,True,False,716250.0,2433750.0,89.094611,21.99496
G_04089,90,22,1.0,Satkhira Range,True,False,716750.0,2433750.0,89.099451,21.994898
G_04090,90,23,1.0,Satkhira Range,True,False,717250.0,2433750.0,89.104292,21.994836
G_04091,90,24,1.0,Satkhira Range,True,False,717750.0,2433750.0,89.109132,21.994774
G_04092,90,25,1.0,Satkhira Range,True,False,718250.0,2433750.0,89.113973,21.994712
G_04093,90,26,0.8443623523980616,Satkhira Range,True,False,718750.0,2433750.0,89.118813,21.994649
G_04094,90,27,0.6595180487508662,Satkhira Range,True,False,719250.0,2433750.0,89.123654,21.994587
G_04095,90,28,0.7271770754110514,Satkhira Range,True,False,719750.0,2433750.0,89.128494,21.994524
G_04096,90,29,1.0,Satkhira Range,True,False,720250.0,2433750.0,89.133334,21.994461
G_04097,90,30,1.0,Satkhira Range,True,False,720750.0,2433750.0,89.138175,21.994398
G_04098,90,31,1.0,Satkhira Range,True,False,721250.0,2433750.0,89.143015,21.994335
G_04099,90,32,1.0,Satkhira Range,True,False,721750.0,2433750.0,89.147856,21.994271
G_04100,90,33,1.0,Satkhira Range,True,False,722250.0,2433750.0,89.152696,21.994208
G_04101,90,34,1.0,Satkhira Range,True,False,722750.0,2433750.0,89.157536,21.994144
G_04102,90,35,0.5442401835290197,Satkhira Range,True,False,723250.0,2433750.0,89.162377,21.99408
G_04103,90,37,0.8145866661278603,Satkhira Range,True,False,724250.0,2433750.0,89.172057,21.993953
G_04104,90,38,1.0,Satkhira Range,True,False,724750.0,2433750.0,89.176898,21.993888
G_04105,90,39,1.0,Satkhira Range,True,False,725250.0,2433750.0,89.181738,21.993824
G_04106,90,40,1.0,Satkhira Range,True,False,725750.0,2433750.0,89.186578,21.99376
G_04107,90,41,1.0,Satkhira Range,True,False,726250.0,2433750.0,89.191418,21.993695
G_04108,90,42,1.0,Satkhira Range,True,False,726750.0,2433750.0,89.196258,21.99363
G_04109,90,43,1.0,Satkhira Range,True,False,727250.0,2433750.0,89.201099,21.993565
G_04110,90,44,1.0,Satkhira Range,True,False,727750.0,2433750.0,89.205939,21.9935
G_04111,90,45,1.0,Satkhira Range,True,False,728250.0,2433750.0,89.210779,21.993435
G_04112,90,46,1.0,Satkhira Range,True,False,728750.0,2433750.0,89.215619,21.99337
G_04113,90,47,0.966746788028999,Satkhira Range,True,False,729250.0,2433750.0,89.220459,21.993304
G_04114,90,48,0.646657956929028,Satkhira Range,True,False,729750.0,2433750.0,89.225299,21.993239
G_04115,90,49,0.2876344891843967,Satkhira Range,True,False,730250.0,2433750.0,89.230139,21.993173
G_04116,90,52,0.22680095669867487,Satkhira Range,True,False,731750.0,2433750.0,89.244659,21.992975
G_04117,90,53,0.9082650354543857,Satkhira Range,True,False,732250.0,2433750.0,89.249499,21.992908
G_04118,90,54,1.0,Satkhira Range,True,False,732750.0,2433750.0,89.254339,21.992842
G_04119,90,55,1.0,Satkhira Range,True,False,733250.0,2433750.0,89.259179,21.992775
G_04120,90,56,0.8310602196531083,Satkhira Range,True,False,733750.0,2433750.0,89.264019,21.992709
G_04121,90,57,1.0,Satkhira Range,True,False,734250.0,2433750.0,89.268859,21.992642
G_04122,90,58,1.0,Satkhira Range,True,False,734750.0,2433750.0,89.273699,21.992575
G_04123,90,59,1.0,Satkhira Range,True,False,735250.0,2433750.0,89.278539,21.992507
G_04124,90,60,1.0,Satkhira Range,True,False,735750.0,2433750.0,89.283379,21.99244
G_04125,90,61,0.9804884946583957,Satkhira Range,True,False,736250.0,2433750.0,89.288219,21.992373
G_04126,90,62,0.786853310006996,Satkhira Range,True,False,736750.0,2433750.0,89.293059,21.992305
G_04127,90,63,0.6974474716287892,Satkhira Range,True,False,737250.0,2433750.0,89.297898,21.992237
G_04128,90,64,0.9510979993404961,Satkhira Range,True,False,737750.0,2433750.0,89.302738,21.992169
G_04129,90,65,0.8617607972751968,Satkhira Range,True,False,738250.0,2433750.0,89.307578,21.992101
G_04130,91,21,0.6350380841802858,Satkhira Range,True,False,716250.0,2433250.0,89.094544,21.990446
G_04131,91,22,1.0,Satkhira Range,True,False,716750.0,2433250.0,89.099385,21.990384
G_04132,91,23,1.0,Satkhira Range,True,False,717250.0,2433250.0,89.104225,21.990322
G_04133,91,24,1.0,Satkhira Range,True,False,717750.0,2433250.0,89.109065,21.99026
G_04134,91,25,0.7826471255299121,Satkhira Range,True,False,718250.0,2433250.0,89.113906,21.990197
G_04135,91,26,0.6550775383724389,Satkhira Range,True,False,718750.0,2433250.0,89.118746,21.990135
G_04136,91,27,1.0,Satkhira Range,True,False,719250.0,2433250.0,89.123586,21.990072
G_04137,91,28,1.0,Satkhira Range,True,False,719750.0,2433250.0,89.128427,21.99001
G_04138,91,29,1.0,Satkhira Range,True,False,720250.0,2433250.0,89.133267,21.989947
G_04139,91,30,1.0,Satkhira Range,True,False,720750.0,2433250.0,89.138107,21.989884
G_04140,91,31,1.0,Satkhira Range,True,False,721250.0,2433250.0,89.142947,21.989821
G_04141,91,32,1.0,Satkhira Range,True,False,721750.0,2433250.0,89.147788,21.989757
G_04142,91,33,1.0,Satkhira Range,True,False,722250.0,2433250.0,89.152628,21.989694
G_04143,91,34,0.6510077804408709,Satkhira Range,True,False,722750.0,2433250.0,89.157468,21.98963
G_04144,91,36,0.30078283334950506,Satkhira Range,True,False,723750.0,2433250.0,89.167148,21.989503
G_04145,91,37,1.0,Satkhira Range,True,False,724250.0,2433250.0,89.171988,21.989438
G_04146,91,38,1.0,Satkhira Range,True,False,724750.0,2433250.0,89.176829,21.989374
G_04147,91,39,1.0,Satkhira Range,True,False,725250.0,2433250.0,89.181669,21.98931
G_04148,91,40,1.0,Satkhira Range,True,False,725750.0,2433250.0,89.186509,21.989246
G_04149,91,41,1.0,Satkhira Range,True,False,726250.0,2433250.0,89.191349,21.989181
G_04150,91,42,1.0,Satkhira Range,True,False,726750.0,2433250.0,89.196189,21.989116
G_04151,91,43,1.0,Satkhira Range,True,False,727250.0,2433250.0,89.201029,21.989051
G_04152,91,44,1.0,Satkhira Range,True,False,727750.0,2433250.0,89.205869,21.988986
G_04153,91,45,1.0,Satkhira Range,True,False,728250.0,2433250.0,89.210709,21.988921
G_04154,91,46,1.0,Satkhira Range,True,False,728750.0,2433250.0,89.215549,21.988856
G_04155,91,47,1.0,Satkhira Range,True,False,729250.0,2433250.0,89.220389,21.98879
G_04156,91,48,1.0,Satkhira Range,True,False,729750.0,2433250.0,89.225229,21.988725
G_04157,91,49,1.0,Satkhira Range,True,False,730250.0,2433250.0,89.230069,21.988659
G_04158,91,50,0.9471399798703702,Satkhira Range,True,False,730750.0,2433250.0,89.234909,21.988593
G_04159,91,51,0.5494343902117318,Satkhira Range,True,False,731250.0,2433250.0,89.239749,21.988527
G_04160,91,53,0.38208930676261277,Satkhira Range,True,False,732250.0,2433250.0,89.249428,21.988395
G_04161,91,54,1.0,Satkhira Range,True,False,732750.0,2433250.0,89.254268,21.988328
G_04162,91,55,0.9905070196816952,Satkhira Range,True,False,733250.0,2433250.0,89.259108,21.988261
G_04163,91,56,0.868750310535943,Satkhira Range,True,False,733750.0,2433250.0,89.263948,21.988195
G_04164,91,57,1.0,Satkhira Range,True,False,734250.0,2433250.0,89.268787,21.988128
G_04165,91,58,1.0,Satkhira Range,True,False,734750.0,2433250.0,89.273627,21.988061
G_04166,91,59,1.0,Satkhira Range,True,False,735250.0,2433250.0,89.278467,21.987994
G_04167,91,60,1.0,Satkhira Range,True,False,735750.0,2433250.0,89.283307,21.987926
G_04168,91,61,0.5907250885220108,Satkhira Range,True,False,736250.0,2433250.0,89.288146,21.987859
G_04169,91,62,0.7415885730567175,Satkhira Range,True,False,736750.0,2433250.0,89.292986,21.987791
G_04170,91,63,0.9985140268595156,Satkhira Range,True,False,737250.0,2433250.0,89.297826,21.987724
G_04171,91,64,1.0,Satkhira Range,True,False,737750.0,2433250.0,89.302665,21.987656
G_04172,91,65,1.0,Satkhira Range,True,False,738250.0,2433250.0,89.307505,21.987588
G_04173,91,66,0.6047880387851932,Satkhira Range,True,False,738750.0,2433250.0,89.312345,21.987519
G_04174,92,21,0.5027944091081744,Satkhira Range,True,False,716250.0,2432750.0,89.094478,21.985932
G_04175,92,22,1.0,Satkhira Range,True,False,716750.0,2432750.0,89.099318,21.98587
G_04176,92,23,1.0,Satkhira Range,True,False,717250.0,2432750.0,89.104158,21.985808
G_04177,92,24,1.0,Satkhira Range,True,False,717750.0,2432750.0,89.108999,21.985746
G_04178,92,25,0.7967467138899341,Satkhira Range,True,False,718250.0,2432750.0,89.113839,21.985683
G_04179,92,26,0.7508384049794414,Satkhira Range,True,False,718750.0,2432750.0,89.118679,21.985621
G_04180,92,27,1.0,Satkhira Range,True,False,719250.0,2432750.0,89.123519,21.985558
G_04181,92,28,1.0,Satkhira Range,True,False,719750.0,2432750.0,89.128359,21.985495
G_04182,92,29,1.0,Satkhira Range,True,False,720250.0,2432750.0,89.133199,21.985433
G_04183,92,30,1.0,Satkhira Range,True,False,720750.0,2432750.0,89.13804,21.98537
G_04184,92,31,1.0,Satkhira Range,True,False,721250.0,2432750.0,89.14288,21.985306
G_04185,92,32,0.9918837542662179,Satkhira Range,True,False,721750.0,2432750.0,89.14772,21.985243
G_04186,92,33,0.4602221257487482,Satkhira Range,True,False,722250.0,2432750.0,89.15256,21.98518
G_04187,92,35,0.09978205661332308,Satkhira Range,True,False,723250.0,2432750.0,89.16224,21.985052
G_04188,92,36,0.8977540989963685,Satkhira Range,True,False,723750.0,2432750.0,89.16708,21.984988
G_04189,92,37,1.0,Satkhira Range,True,False,724250.0,2432750.0,89.17192,21.984924
G_04190,92,38,1.0,Satkhira Range,True,False,724750.0,2432750.0,89.17676,21.98486
G_04191,92,39,1.0,Satkhira Range,True,False,725250.0,2432750.0,89.1816,21.984796
G_04192,92,40,1.0,Satkhira Range,True,False,725750.0,2432750.0,89.18644,21.984732
G_04193,92,41,1.0,Satkhira Range,True,False,726250.0,2432750.0,89.19128,21.984667
G_04194,92,42,1.0,Satkhira Range,True,False,726750.0,2432750.0,89.196119,21.984602
G_04195,92,43,1.0,Satkhira Range,True,False,727250.0,2432750.0,89.200959,21.984537
G_04196,92,44,1.0,Satkhira Range,True,False,727750.0,2432750.0,89.205799,21.984472
G_04197,92,45,1.0,Satkhira Range,True,False,728250.0,2432750.0,89.210639,21.984407
G_04198,92,46,1.0,Satkhira Range,True,False,728750.0,2432750.0,89.215479,21.984342
G_04199,92,47,1.0,Satkhira Range,True,False,729250.0,2432750.0,89.220319,21.984276
G_04200,92,48,1.0,Satkhira Range,True,False,729750.0,2432750.0,89.225158,21.984211
G_04201,92,49,1.0,Satkhira Range,True,False,730250.0,2432750.0,89.229998,21.984145
G_04202,92,50,1.0,Satkhira Range,True,False,730750.0,2432750.0,89.234838,21.984079
G_04203,92,51,0.9306489809699806,Satkhira Range,True,False,731250.0,2432750.0,89.239678,21.984013
G_04204,92,53,0.17962202162819174,Satkhira Range,True,False,732250.0,2432750.0,89.249357,21.983881
G_04205,92,54,1.0,Satkhira Range,True,False,732750.0,2432750.0,89.254197,21.983814
G_04206,92,55,0.9476185258631937,Satkhira Range,True,False,733250.0,2432750.0,89.259036,21.983748
G_04207,92,56,0.7761712315388134,Satkhira Range,True,False,733750.0,2432750.0,89.263876,21.983681
G_04208,92,57,1.0,Satkhira Range,True,False,734250.0,2432750.0,89.268716,21.983614
G_04209,92,58,1.0,Satkhira Range,True,False,734750.0,2432750.0,89.273555,21.983547
G_04210,92,59,1.0,Satkhira Range,True,False,735250.0,2432750.0,89.278395,21.98348
G_04211,92,60,1.0,Satkhira Range,True,False,735750.0,2432750.0,89.283234,21.983413
G_04212,92,61,0.9997946225961646,Satkhira Range,True,False,736250.0,2432750.0,89.288074,21.983345
G_04213,92,62,0.8298195257784667,Satkhira Range,True,False,736750.0,2432750.0,89.292913,21.983278
G_04214,92,63,0.6327052323695558,Satkhira Range,True,False,737250.0,2432750.0,89.297753,21.98321
G_04215,92,64,0.8308484076410735,Satkhira Range,True,False,737750.0,2432750.0,89.302592,21.983142
G_04216,92,65,1.0,Satkhira Range,True,False,738250.0,2432750.0,89.307432,21.983074
G_04217,92,66,0.9999561190362986,Satkhira Range,True,False,738750.0,2432750.0,89.312271,21.983006
G_04218,92,67,0.3925178888713688,Satkhira Range,True,False,739250.0,2432750.0,89.317111,21.982938
G_04219,93,21,0.14623788156538908,Satkhira Range,True,False,716250.0,2432250.0,89.094412,21.981417
G_04220,93,22,0.996063737814822,Satkhira Range,True,False,716750.0,2432250.0,89.099252,21.981356
G_04221,93,23,1.0,Satkhira Range,True,False,717250.0,2432250.0,89.104092,21.981293
G_04222,93,24,1.0,Satkhira Range,True,False,717750.0,2432250.0,89.108932,21.981231
G_04223,93,25,1.0,Satkhira Range,True,False,718250.0,2432250.0,89.113772,21.981169
G_04224,93,26,0.4447299262049542,Satkhira Range,True,False,718750.0,2432250.0,89.118612,21.981107
G_04225,93,27,0.989023378086581,Satkhira Range,True,False,719250.0,2432250.0,89.123452,21.981044
G_04226,93,28,1.0,Satkhira Range,True,False,719750.0,2432250.0,89.128292,21.980981
G_04227,93,29,1.0,Satkhira Range,True,False,720250.0,2432250.0,89.133132,21.980918
G_04228,93,30,1.0,Satkhira Range,True,False,720750.0,2432250.0,89.137972,21.980855
G_04229,93,31,0.9956609284312857,Satkhira Range,True,False,721250.0,2432250.0,89.142812,21.980792
G_04230,93,32,0.3869913888445701,Satkhira Range,True,False,721750.0,2432250.0,89.147652,21.980729
G_04231,93,35,0.7782980931327051,Satkhira Range,True,False,723250.0,2432250.0,89.162171,21.980538
G_04232,93,36,1.0,Satkhira Range,True,False,723750.0,2432250.0,89.167011,21.980474
G_04233,93,37,1.0,Satkhira Range,True,False,724250.0,2432250.0,89.171851,21.98041
G_04234,93,38,1.0,Satkhira Range,True,False,724750.0,2432250.0,89.176691,21.980346
G_04235,93,39,1.0,Satkhira Range,True,False,725250.0,2432250.0,89.181531,21.980282
G_04236,93,40,1.0,Satkhira Range,True,False,725750.0,2432250.0,89.18637,21.980218
G_04237,93,41,1.0,Satkhira Range,True,False,726250.0,2432250.0,89.19121,21.980153
G_04238,93,42,1.0,Satkhira Range,True,False,726750.0,2432250.0,89.19605,21.980088
G_04239,93,43,1.0,Satkhira Range,True,False,727250.0,2432250.0,89.20089,21.980023
G_04240,93,44,1.0,Satkhira Range,True,False,727750.0,2432250.0,89.205729,21.979958
G_04241,93,45,1.0,Satkhira Range,True,False,728250.0,2432250.0,89.210569,21.979893
G_04242,93,46,1.0,Satkhira Range,True,False,728750.0,2432250.0,89.215409,21.979828
G_04243,93,47,1.0,Satkhira Range,True,False,729250.0,2432250.0,89.220248,21.979763
G_04244,93,48,1.0,Satkhira Range,True,False,729750.0,2432250.0,89.225088,21.979697
G_04245,93,49,1.0,Satkhira Range,True,False,730250.0,2432250.0,89.229928,21.979631
G_04246,93,50,0.8346322809865117,Satkhira Range,True,False,730750.0,2432250.0,89.234767,21.979565
G_04247,93,51,0.15672669957062724,Satkhira Range,True,False,731250.0,2432250.0,89.239607,21.979499
G_04248,93,53,0.3015153352070352,Satkhira Range,True,False,732250.0,2432250.0,89.249286,21.979367
G_04249,93,54,1.0,Satkhira Range,True,False,732750.0,2432250.0,89.254125,21.979301
G_04250,93,55,1.0,Satkhira Range,True,False,733250.0,2432250.0,89.258965,21.979234
G_04251,93,56,0.7642127619983962,Satkhira Range,True,False,733750.0,2432250.0,89.263804,21.979167
G_04252,93,57,1.0,Satkhira Range,True,False,734250.0,2432250.0,89.268644,21.9791
G_04253,93,58,1.0,Satkhira Range,True,False,734750.0,2432250.0,89.273483,21.979033
G_04254,93,59,1.0,Satkhira Range,True,False,735250.0,2432250.0,89.278323,21.978966
G_04255,93,60,1.0,Satkhira Range,True,False,735750.0,2432250.0,89.283162,21.978899
G_04256,93,61,1.0,Satkhira Range,True,False,736250.0,2432250.0,89.288002,21.978832
G_04257,93,62,1.0,Satkhira Range,True,False,736750.0,2432250.0,89.292841,21.978764
G_04258,93,63,0.9386114786461816,Satkhira Range,True,False,737250.0,2432250.0,89.29768,21.978696
G_04259,93,64,0.798101108941862,Satkhira Range,True,False,737750.0,2432250.0,89.30252,21.978628
G_04260,93,65,1.0,Satkhira Range,True,False,738250.0,2432250.0,89.307359,21.97856
G_04261,93,66,1.0,Satkhira Range,True,False,738750.0,2432250.0,89.312198,21.978492
G_04262,93,67,0.9733848823910994,Satkhira Range,True,False,739250.0,2432250.0,89.317038,21.978424
G_04263,93,68,0.22161191121232884,Satkhira Range,True,False,739750.0,2432250.0,89.321877,21.978356
G_04264,94,21,0.33316288181853165,Satkhira Range,True,False,716250.0,2431750.0,89.094345,21.976903
G_04265,94,22,1.0,Satkhira Range,True,False,716750.0,2431750.0,89.099185,21.976841
G_04266,94,23,0.9820400774237121,Satkhira Range,True,False,717250.0,2431750.0,89.104025,21.976779
G_04267,94,24,0.5190501787106885,Satkhira Range,True,False,717750.0,2431750.0,89.108865,21.976717
G_04268,94,25,0.6326693145566846,Satkhira Range,True,False,718250.0,2431750.0,89.113705,21.976655
G_04269,94,26,0.7993686643235332,Satkhira Range,True,False,718750.0,2431750.0,89.118545,21.976592
G_04270,94,27,1.0,Satkhira Range,True,False,719250.0,2431750.0,89.123385,21.97653
G_04271,94,28,1.0,Satkhira Range,True,False,719750.0,2431750.0,89.128225,21.976467
G_04272,94,29,1.0,Satkhira Range,True,False,720250.0,2431750.0,89.133064,21.976404
G_04273,94,30,0.9842953177214575,Satkhira Range,True,False,720750.0,2431750.0,89.137904,21.976341
G_04274,94,31,0.37709919022703053,Satkhira Range,True,False,721250.0,2431750.0,89.142744,21.976278
G_04275,94,34,0.4549552711846238,Satkhira Range,True,False,722750.0,2431750.0,89.157263,21.976088
G_04276,94,35,1.0,Satkhira Range,True,False,723250.0,2431750.0,89.162103,21.976024
G_04277,94,36,1.0,Satkhira Range,True,False,723750.0,2431750.0,89.166943,21.97596
G_04278,94,37,1.0,Satkhira Range,True,False,724250.0,2431750.0,89.171782,21.975896
G_04279,94,38,1.0,Satkhira Range,True,False,724750.0,2431750.0,89.176622,21.975832
G_04280,94,39,1.0,Satkhira Range,True,False,725250.0,2431750.0,89.181462,21.975768
G_04281,94,40,1.0,Satkhira Range,True,False,725750.0,2431750.0,89.186301,21.975704
G_04282,94,41,1.0,Satkhira Range,True,False,726250.0,2431750.0,89.191141,21.975639
G_04283,94,42,1.0,Satkhira Range,True,False,726750.0,2431750.0,89.19598,21.975574
G_04284,94,43,1.0,Satkhira Range,True,False,727250.0,2431750.0,89.20082,21.975509
G_04285,94,44,1.0,Satkhira Range,True,False,727750.0,2431750.0,89.20566,21.975444
G_04286,94,45,1.0,Satkhira Range,True,False,728250.0,2431750.0,89.210499,21.975379
G_04287,94,46,1.0,Satkhira Range,True,False,728750.0,2431750.0,89.215339,21.975314
G_04288,94,47,1.0,Satkhira Range,True,False,729250.0,2431750.0,89.220178,21.975249
G_04289,94,48,0.901761483883721,Satkhira Range,True,False,729750.0,2431750.0,89.225018,21.975183
G_04290,94,49,0.42571121935046935,Satkhira Range,True,False,730250.0,2431750.0,89.229857,21.975117
G_04291,94,52,0.08999496435645027,Satkhira Range,True,False,731750.0,2431750.0,89.244375,21.974919
G_04292,94,53,0.8343288326958135,Satkhira Range,True,False,732250.0,2431750.0,89.249215,21.974853
G_04293,94,54,0.9591471705330018,Satkhira Range,True,False,732750.0,2431750.0,89.254054,21.974787
G_04294,94,55,0.8521955736622205,Satkhira Range,True,False,733250.0,2431750.0,89.258893,21.97472
G_04295,94,56,0.8585507044779563,Satkhira Range,True,False,733750.0,2431750.0,89.263733,21.974654
G_04296,94,57,1.0,Satkhira Range,True,False,734250.0,2431750.0,89.268572,21.974587
G_04297,94,58,1.0,Satkhira Range,True,False,734750.0,2431750.0,89.273411,21.97452
G_04298,94,59,1.0,Satkhira Range,True,False,735250.0,2431750.0,89.278251,21.974453
G_04299,94,60,1.0,Satkhira Range,True,False,735750.0,2431750.0,89.28309,21.974385
G_04300,94,61,1.0,Satkhira Range,True,False,736250.0,2431750.0,89.287929,21.974318
G_04301,94,62,1.0,Satkhira Range,True,False,736750.0,2431750.0,89.292768,21.97425
G_04302,94,63,0.9988415936678322,Satkhira Range,True,False,737250.0,2431750.0,89.297608,21.974183
G_04303,94,64,0.6873286589030989,Satkhira Range,True,False,737750.0,2431750.0,89.302447,21.974115
G_04304,94,65,1.0,Satkhira Range,True,False,738250.0,2431750.0,89.307286,21.974047
G_04305,94,66,1.0,Satkhira Range,True,False,738750.0,2431750.0,89.312125,21.973979
G_04306,94,67,1.0,Satkhira Range,True,False,739250.0,2431750.0,89.316964,21.97391
G_04307,94,68,0.9033960540480167,Satkhira Range,True,False,739750.0,2431750.0,89.321803,21.973842
G_04308,94,69,0.13185894484692007,Satkhira Range,True,False,740250.0,2431750.0,89.326642,21.973773
G_04309,95,21,0.4106366970649773,Satkhira Range,True,False,716250.0,2431250.0,89.094279,21.972389
G_04310,95,22,1.0,Satkhira Range,True,False,716750.0,2431250.0,89.099119,21.972327
G_04311,95,23,0.9993405695579503,Satkhira Range,True,False,717250.0,2431250.0,89.103959,21.972265
G_04312,95,24,0.5845583612252022,Satkhira Range,True,False,717750.0,2431250.0,89.108799,21.972203
G_04313,95,25,0.9975120281837769,Satkhira Range,True,False,718250.0,2431250.0,89.113638,21.972141
G_04314,95,26,1.0,Satkhira Range,True,False,718750.0,2431250.0,89.118478,21.972078
G_04315,95,27,1.0,Satkhira Range,True,False,719250.0,2431250.0,89.123318,21.972016
G_04316,95,28,1.0,Satkhira Range,True,False,719750.0,2431250.0,89.128157,21.971953
G_04317,95,29,1.0,Satkhira Range,True,False,720250.0,2431250.0,89.132997,21.97189
G_04318,95,30,0.457338450779929,Satkhira Range,True,False,720750.0,2431250.0,89.137837,21.971827
G_04319,95,33,0.3459446383775865,Satkhira Range,True,False,722250.0,2431250.0,89.152355,21.971637
G_04320,95,34,0.9876152775278872,Satkhira Range,True,False,722750.0,2431250.0,89.157195,21.971574
G_04321,95,35,1.0,Satkhira Range,True,False,723250.0,2431250.0,89.162035,21.97151
G_04322,95,36,1.0,Satkhira Range,True,False,723750.0,2431250.0,89.166874,21.971446
G_04323,95,37,1.0,Satkhira Range,True,False,724250.0,2431250.0,89.171714,21.971382
G_04324,95,38,1.0,Satkhira Range,True,False,724750.0,2431250.0,89.176553,21.971318
G_04325,95,39,1.0,Satkhira Range,True,False,725250.0,2431250.0,89.181393,21.971254
G_04326,95,40,1.0,Satkhira Range,True,False,725750.0,2431250.0,89.186232,21.97119
G_04327,95,41,1.0,Satkhira Range,True,False,726250.0,2431250.0,89.191072,21.971125
G_04328,95,42,1.0,Satkhira Range,True,False,726750.0,2431250.0,89.195911,21.97106
G_04329,95,43,1.0,Satkhira Range,True,False,727250.0,2431250.0,89.20075,21.970995
G_04330,95,44,1.0,Satkhira Range,True,False,727750.0,2431250.0,89.20559,21.970931
G_04331,95,45,0.9985904801411993,Satkhira Range,True,False,728250.0,2431250.0,89.210429,21.970865
G_04332,95,46,0.7141240907075893,Satkhira Range,True,False,728750.0,2431250.0,89.215269,21.9708
G_04333,95,47,0.2924854792475654,Satkhira Range,True,False,729250.0,2431250.0,89.220108,21.970735
G_04334,95,51,0.09986141970254798,Satkhira Range,True,False,731250.0,2431250.0,89.239465,21.970472
G_04335,95,52,0.8017229034129199,Satkhira Range,True,False,731750.0,2431250.0,89.244304,21.970406
G_04336,95,53,1.0,Satkhira Range,True,False,732250.0,2431250.0,89.249144,21.970339
G_04337,95,54,0.995361023891536,Satkhira Range,True,False,732750.0,2431250.0,89.253983,21.970273
G_04338,95,55,0.6902830185509617,Satkhira Range,True,False,733250.0,2431250.0,89.258822,21.970206
G_04339,95,56,0.9921872733120746,Satkhira Range,True,False,733750.0,2431250.0,89.263661,21.97014
G_04340,95,57,1.0,Satkhira Range,True,False,734250.0,2431250.0,89.2685,21.970073
G_04341,95,58,1.0,Satkhira Range,True,False,734750.0,2431250.0,89.27334,21.970006
G_04342,95,59,1.0,Satkhira Range,True,False,735250.0,2431250.0,89.278179,21.969939
G_04343,95,60,1.0,Satkhira Range,True,False,735750.0,2431250.0,89.283018,21.969872
G_04344,95,61,1.0,Satkhira Range,True,False,736250.0,2431250.0,89.287857,21.969804
G_04345,95,62,1.0,Satkhira Range,True,False,736750.0,2431250.0,89.292696,21.969737
G_04346,95,63,0.9372020222696581,Satkhira Range,True,False,737250.0,2431250.0,89.297535,21.969669
G_04347,95,64,0.8974121401959861,Satkhira Range,True,False,737750.0,2431250.0,89.302374,21.969601
G_04348,95,65,1.0,Satkhira Range,True,False,738250.0,2431250.0,89.307213,21.969533
G_04349,95,66,1.0,Satkhira Range,True,False,738750.0,2431250.0,89.312052,21.969465
G_04350,95,67,1.0,Satkhira Range,True,False,739250.0,2431250.0,89.316891,21.969397
G_04351,95,68,1.0,Satkhira Range,True,False,739750.0,2431250.0,89.32173,21.969328
G_04352,95,69,0.855658447630991,Satkhira Range,True,False,740250.0,2431250.0,89.326569,21.96926
G_04353,95,70,0.08733677545890046,Satkhira Range,True,False,740750.0,2431250.0,89.331408,21.969191
G_04354,96,21,0.519535957909869,Satkhira Range,True,False,716250.0,2430750.0,89.094213,21.967875
G_04355,96,22,1.0,Satkhira Range,True,False,716750.0,2430750.0,89.099053,21.967813
G_04356,96,23,1.0,Satkhira Range,True,False,717250.0,2430750.0,89.103892,21.967751
G_04357,96,24,0.5897653471343283,Satkhira Range,True,False,717750.0,2430750.0,89.108732,21.967689
G_04358,96,25,0.8477620520454485,Satkhira Range,True,False,718250.0,2430750.0,89.113571,21.967626
G_04359,96,26,1.0,Satkhira Range,True,False,718750.0,2430750.0,89.118411,21.967564
G_04360,96,27,1.0,Satkhira Range,True,False,719250.0,2430750.0,89.123251,21.967501
G_04361,96,28,1.0,Satkhira Range,True,False,719750.0,2430750.0,89.12809,21.967439
G_04362,96,29,0.8726662619542161,Satkhira Range,True,False,720250.0,2430750.0,89.13293,21.967376
G_04363,96,32,0.3645995634768587,Satkhira Range,True,False,721750.0,2430750.0,89.147448,21.967187
G_04364,96,33,0.9863167128289206,Satkhira Range,True,False,722250.0,2430750.0,89.152287,21.967123
G_04365,96,34,1.0,Satkhira Range,True,False,722750.0,2430750.0,89.157127,21.96706
G_04366,96,35,1.0,Satkhira Range,True,False,723250.0,2430750.0,89.161966,21.966996
G_04367,96,36,1.0,Satkhira Range,True,False,723750.0,2430750.0,89.166806,21.966932
G_04368,96,37,1.0,Satkhira Range,True,False,724250.0,2430750.0,89.171645,21.966868
G_04369,96,38,1.0,Satkhira Range,True,False,724750.0,2430750.0,89.176484,21.966804
G_04370,96,39,1.0,Satkhira Range,True,False,725250.0,2430750.0,89.181324,21.96674
G_04371,96,40,1.0,Satkhira Range,True,False,725750.0,2430750.0,89.186163,21.966676
G_04372,96,41,1.0,Satkhira Range,True,False,726250.0,2430750.0,89.191002,21.966611
G_04373,96,42,1.0,Satkhira Range,True,False,726750.0,2430750.0,89.195842,21.966546
G_04374,96,43,1.0,Satkhira Range,True,False,727250.0,2430750.0,89.200681,21.966482
G_04375,96,44,0.9440199345811681,Satkhira Range,True,False,727750.0,2430750.0,89.20552,21.966417
G_04376,96,45,0.2805182716946651,Satkhira Range,True,False,728250.0,2430750.0,89.210359,21.966351
G_04377,96,50,0.4342177710037048,Satkhira Range,True,False,730750.0,2430750.0,89.234555,21.966024
G_04378,96,51,0.933553947736215,Satkhira Range,True,False,731250.0,2430750.0,89.239394,21.965958
G_04379,96,52,1.0,Satkhira Range,True,False,731750.0,2430750.0,89.244233,21.965892
G_04380,96,53,1.0,Satkhira Range,True,False,732250.0,2430750.0,89.249073,21.965826
G_04381,96,54,1.0,Satkhira Range,True,False,732750.0,2430750.0,89.253912,21.965759
G_04382,96,55,0.8933754261344939,Satkhira Range,True,False,733250.0,2430750.0,89.258751,21.965693
G_04383,96,56,0.8534811370340903,Satkhira Range,True,False,733750.0,2430750.0,89.26359,21.965626
G_04384,96,57,1.0,Satkhira Range,True,False,734250.0,2430750.0,89.268429,21.965559
G_04385,96,58,1.0,Satkhira Range,True,False,734750.0,2430750.0,89.273268,21.965492
G_04386,96,59,1.0,Satkhira Range,True,False,735250.0,2430750.0,89.278107,21.965425
G_04387,96,60,1.0,Satkhira Range,True,False,735750.0,2430750.0,89.282946,21.965358
G_04388,96,61,1.0,Satkhira Range,True,False,736250.0,2430750.0,89.287785,21.965291
G_04389,96,62,0.8915421890722663,Satkhira Range,True,False,736750.0,2430750.0,89.292623,21.965223
G_04390,96,63,0.8133713624484902,Satkhira Range,True,False,737250.0,2430750.0,89.297462,21.965155
G_04391,96,64,1.0,Satkhira Range,True,False,737750.0,2430750.0,89.302301,21.965088
G_04392,96,65,1.0,Satkhira Range,True,False,738250.0,2430750.0,89.30714,21.96502
G_04393,96,66,1.0,Satkhira Range,True,False,738750.0,2430750.0,89.311979,21.964951
G_04394,96,67,1.0,Satkhira Range,True,False,739250.0,2430750.0,89.316818,21.964883
G_04395,96,68,1.0,Satkhira Range,True,False,739750.0,2430750.0,89.321657,21.964815
G_04396,96,69,1.0,Satkhira Range,True,False,740250.0,2430750.0,89.326495,21.964746
G_04397,96,70,0.8212719642589585,Satkhira Range,True,False,740750.0,2430750.0,89.331334,21.964678
G_04398,96,71,0.07831983043216026,Satkhira Range,True,False,741250.0,2430750.0,89.336173,21.964609
G_04399,97,21,0.6049809496507088,Satkhira Range,True,False,716250.0,2430250.0,89.094147,21.96336
G_04400,97,22,1.0,Satkhira Range,True,False,716750.0,2430250.0,89.098986,21.963298
G_04401,97,23,1.0,Satkhira Range,True,False,717250.0,2430250.0,89.103826,21.963237
G_04402,97,24,0.4398114180835409,Satkhira Range,True,False,717750.0,2430250.0,89.108665,21.963174
G_04403,97,25,0.978546554027178,Satkhira Range,True,False,718250.0,2430250.0,89.113505,21.963112
G_04404,97,26,1.0,Satkhira Range,True,False,718750.0,2430250.0,89.118344,21.96305
G_04405,97,27,1.0,Satkhira Range,True,False,719250.0,2430250.0,89.123183,21.962987
G_04406,97,28,1.0,Satkhira Range,True,False,719750.0,2430250.0,89.128023,21.962925
G_04407,97,29,0.5212234701635335,Satkhira Range,True,False,720250.0,2430250.0,89.132862,21.962862
G_04408,97,31,0.24565829813912068,Satkhira Range,True,False,721250.0,2430250.0,89.142541,21.962736
G_04409,97,32,0.9880626200188841,Satkhira Range,True,False,721750.0,2430250.0,89.14738,21.962673
G_04410,97,33,1.0,Satkhira Range,True,False,722250.0,2430250.0,89.152219,21.962609
G_04411,97,34,1.0,Satkhira Range,True,False,722750.0,2430250.0,89.157059,21.962546
G_04412,97,35,1.0,Satkhira Range,True,False,723250.0,2430250.0,89.161898,21.962482
G_04413,97,36,1.0,Satkhira Range,True,False,723750.0,2430250.0,89.166737,21.962418
G_04414,97,37,1.0,Satkhira Range,True,False,724250.0,2430250.0,89.171576,21.962354
G_04415,97,38,1.0,Satkhira Range,True,False,724750.0,2430250.0,89.176416,21.96229
G_04416,97,39,1.0,Satkhira Range,True,False,725250.0,2430250.0,89.181255,21.962226
G_04417,97,40,1.0,Satkhira Range,True,False,725750.0,2430250.0,89.186094,21.962162
G_04418,97,41,1.0,Satkhira Range,True,False,726250.0,2430250.0,89.190933,21.962097
G_04419,97,42,1.0,Satkhira Range,True,False,726750.0,2430250.0,89.195772,21.962032
G_04420,97,43,1.0,Satkhira Range,True,False,727250.0,2430250.0,89.200611,21.961968
G_04421,97,44,0.36215976125588334,Satkhira Range,True,False,727750.0,2430250.0,89.20545,21.961903
G_04422,97,47,0.2381658344909839,Satkhira Range,True,False,729250.0,2430250.0,89.219968,21.961707
G_04423,97,48,0.6635299066926806,Satkhira Range,True,False,729750.0,2430250.0,89.224807,21.961641
G_04424,97,49,0.9475932149635381,Satkhira Range,True,False,730250.0,2430250.0,89.229646,21.961576
G_04425,97,50,1.0,Satkhira Range,True,False,730750.0,2430250.0,89.234485,21.96151
G_04426,97,51,1.0,Satkhira Range,True,False,731250.0,2430250.0,89.239324,21.961444
G_04427,97,52,1.0,Satkhira Range,True,False,731750.0,2430250.0,89.244163,21.961378
G_04428,97,53,1.0,Satkhira Range,True,False,732250.0,2430250.0,89.249001,21.961312
G_04429,97,54,0.958111041989338,Satkhira Range,True,False,732750.0,2430250.0,89.25384,21.961245
G_04430,97,55,0.8405746462659746,Satkhira Range,True,False,733250.0,2430250.0,89.258679,21.961179
G_04431,97,56,1.0,Satkhira Range,True,False,733750.0,2430250.0,89.263518,21.961112
G_04432,97,57,1.0,Satkhira Range,True,False,734250.0,2430250.0,89.268357,21.961045
G_04433,97,58,1.0,Satkhira Range,True,False,734750.0,2430250.0,89.273196,21.960978
G_04434,97,59,1.0,Satkhira Range,True,False,735250.0,2430250.0,89.278035,21.960911
G_04435,97,60,1.0,Satkhira Range,True,False,735750.0,2430250.0,89.282873,21.960844
G_04436,97,61,1.0,Satkhira Range,True,False,736250.0,2430250.0,89.287712,21.960777
G_04437,97,62,0.7014106967112415,Satkhira Range,True,False,736750.0,2430250.0,89.292551,21.960709
G_04438,97,63,0.947281037355905,Satkhira Range,True,False,737250.0,2430250.0,89.29739,21.960642
G_04439,97,64,1.0,Satkhira Range,True,False,737750.0,2430250.0,89.302228,21.960574
G_04440,97,65,1.0,Satkhira Range,True,False,738250.0,2430250.0,89.307067,21.960506
G_04441,97,66,1.0,Satkhira Range,True,False,738750.0,2430250.0,89.311906,21.960438
G_04442,97,67,1.0,Satkhira Range,True,False,739250.0,2430250.0,89.316745,21.96037
G_04443,97,68,1.0,Satkhira Range,True,False,739750.0,2430250.0,89.321583,21.960301
G_04444,97,69,1.0,Satkhira Range,True,False,740250.0,2430250.0,89.326422,21.960233
G_04445,97,70,1.0,Satkhira Range,True,False,740750.0,2430250.0,89.33126,21.960164
G_04446,97,71,0.7882522646074709,Satkhira Range,True,False,741250.0,2430250.0,89.336099,21.960095
G_04447,98,21,0.6145702201138841,Satkhira Range,True,False,716250.0,2429750.0,89.094081,21.958846
G_04448,98,22,1.0,Satkhira Range,True,False,716750.0,2429750.0,89.09892,21.958784
G_04449,98,23,1.0,Satkhira Range,True,False,717250.0,2429750.0,89.103759,21.958722
G_04450,98,24,0.48849894639214547,Satkhira Range,True,False,717750.0,2429750.0,89.108599,21.95866
G_04451,98,25,0.600976896434549,Satkhira Range,True,False,718250.0,2429750.0,89.113438,21.958598
G_04452,98,26,0.9837859323440914,Satkhira Range,True,False,718750.0,2429750.0,89.118277,21.958536
G_04453,98,27,1.0,Satkhira Range,True,False,719250.0,2429750.0,89.123116,21.958473
G_04454,98,28,1.0,Satkhira Range,True,False,719750.0,2429750.0,89.127956,21.95841
G_04455,98,29,0.2885175758285714,Satkhira Range,True,False,720250.0,2429750.0,89.132795,21.958348
G_04456,98,31,0.6757532890673816,Satkhira Range,True,False,721250.0,2429750.0,89.142473,21.958222
G_04457,98,32,1.0,Satkhira Range,True,False,721750.0,2429750.0,89.147312,21.958158
G_04458,98,33,1.0,Satkhira Range,True,False,722250.0,2429750.0,89.152151,21.958095
G_04459,98,34,1.0,Satkhira Range,True,False,722750.0,2429750.0,89.156991,21.958032
G_04460,98,35,1.0,Satkhira Range,True,False,723250.0,2429750.0,89.16183,21.957968
G_04461,98,36,1.0,Satkhira Range,True,False,723750.0,2429750.0,89.166669,21.957904
G_04462,98,37,1.0,Satkhira Range,True,False,724250.0,2429750.0,89.171508,21.95784
G_04463,98,38,1.0,Satkhira Range,True,False,724750.0,2429750.0,89.176347,21.957776
G_04464,98,39,1.0,Satkhira Range,True,False,725250.0,2429750.0,89.181186,21.957712
G_04465,98,40,1.0,Satkhira Range,True,False,725750.0,2429750.0,89.186025,21.957648
G_04466,98,41,1.0,Satkhira Range,True,False,726250.0,2429750.0,89.190864,21.957583
G_04467,98,42,1.0,Satkhira Range,True,False,726750.0,2429750.0,89.195703,21.957518
G_04468,98,43,0.9833728026856363,Satkhira Range,True,False,727250.0,2429750.0,89.200542,21.957454
G_04469,98,44,0.052073912877542324,Satkhira Range,True,False,727750.0,2429750.0,89.205381,21.957389
G_04470,98,46,0.6044085783243647,Satkhira Range,True,False,728750.0,2429750.0,89.215059,21.957258
G_04471,98,47,0.9999247221388022,Satkhira Range,True,False,729250.0,2429750.0,89.219897,21.957193
G_04472,98,48,1.0,Satkhira Range,True,False,729750.0,2429750.0,89.224736,21.957128
G_04473,98,49,1.0,Satkhira Range,True,False,730250.0,2429750.0,89.229575,21.957062
G_04474,98,50,1.0,Satkhira Range,True,False,730750.0,2429750.0,89.234414,21.956996
G_04475,98,51,1.0,Satkhira Range,True,False,731250.0,2429750.0,89.239253,21.95693
G_04476,98,52,1.0,Satkhira Range,True,False,731750.0,2429750.0,89.244092,21.956864
G_04477,98,53,0.8795870624675117,Satkhira Range,True,False,732250.0,2429750.0,89.24893,21.956798
G_04478,98,54,0.8722592845704512,Satkhira Range,True,False,732750.0,2429750.0,89.253769,21.956732
G_04479,98,55,1.0,Satkhira Range,True,False,733250.0,2429750.0,89.258608,21.956665
G_04480,98,56,1.0,Satkhira Range,True,False,733750.0,2429750.0,89.263447,21.956598
G_04481,98,57,1.0,Satkhira Range,True,False,734250.0,2429750.0,89.268285,21.956532
G_04482,98,58,1.0,Satkhira Range,True,False,734750.0,2429750.0,89.273124,21.956465
G_04483,98,59,1.0,Satkhira Range,True,False,735250.0,2429750.0,89.277963,21.956398
G_04484,98,60,1.0,Satkhira Range,True,False,735750.0,2429750.0,89.282801,21.95633
G_04485,98,61,1.0,Satkhira Range,True,False,736250.0,2429750.0,89.28764,21.956263
G_04486,98,62,0.9925393642990729,Satkhira Range,True,False,736750.0,2429750.0,89.292479,21.956196
G_04487,98,63,0.6307803761623448,Satkhira Range,True,False,737250.0,2429750.0,89.297317,21.956128
G_04488,98,64,1.0,Satkhira Range,True,False,737750.0,2429750.0,89.302156,21.95606
G_04489,98,65,1.0,Satkhira Range,True,False,738250.0,2429750.0,89.306994,21.955992
G_04490,98,66,1.0,Satkhira Range,True,False,738750.0,2429750.0,89.311833,21.955924
G_04491,98,67,1.0,Satkhira Range,True,False,739250.0,2429750.0,89.316671,21.955856
G_04492,98,68,1.0,Satkhira Range,True,False,739750.0,2429750.0,89.32151,21.955788
G_04493,98,69,1.0,Satkhira Range,True,False,740250.0,2429750.0,89.326348,21.955719
G_04494,98,70,1.0,Satkhira Range,True,False,740750.0,2429750.0,89.331187,21.955651
G_04495,98,71,1.0,Satkhira Range,True,False,741250.0,2429750.0,89.336025,21.955582
G_04496,98,72,0.4334561829537731,Satkhira Range,True,False,741750.0,2429750.0,89.340864,21.955513
G_04497,99,21,0.5447925967318434,Satkhira Range,True,False,716250.0,2429250.0,89.094014,21.954332
G_04498,99,22,1.0,Satkhira Range,True,False,716750.0,2429250.0,89.098854,21.95427
G_04499,99,23,1.0,Satkhira Range,True,False,717250.0,2429250.0,89.103693,21.954208
G_04500,99,24,1.0,Satkhira Range,True,False,717750.0,2429250.0,89.108532,21.954146
G_04501,99,25,0.7915103176303927,Satkhira Range,True,False,718250.0,2429250.0,89.113371,21.954084
G_04502,99,26,0.6796586855117585,Satkhira Range,True,False,718750.0,2429250.0,89.11821,21.954021
G_04503,99,27,1.0,Satkhira Range,True,False,719250.0,2429250.0,89.123049,21.953959
G_04504,99,28,1.0,Satkhira Range,True,False,719750.0,2429250.0,89.127888,21.953896
G_04505,99,29,0.15594037493377924,Satkhira Range,True,False,720250.0,2429250.0,89.132727,21.953834
G_04506,99,31,0.8515660165540462,Satkhira Range,True,False,721250.0,2429250.0,89.142405,21.953708
G_04507,99,32,1.0,Satkhira Range,True,False,721750.0,2429250.0,89.147244,21.953644
G_04508,99,33,1.0,Satkhira Range,True,False,722250.0,2429250.0,89.152083,21.953581
G_04509,99,34,1.0,Satkhira Range,True,False,722750.0,2429250.0,89.156922,21.953517
G_04510,99,35,1.0,Satkhira Range,True,False,723250.0,2429250.0,89.161761,21.953454
G_04511,99,36,0.8816299899815365,Satkhira Range,True,False,723750.0,2429250.0,89.1666,21.95339
G_04512,99,37,0.9975221652417033,Satkhira Range,True,False,724250.0,2429250.0,89.171439,21.953326
G_04513,99,38,1.0,Satkhira Range,True,False,724750.0,2429250.0,89.176278,21.953262
G_04514,99,39,1.0,Satkhira Range,True,False,725250.0,2429250.0,89.181117,21.953198
G_04515,99,40,1.0,Satkhira Range,True,False,725750.0,2429250.0,89.185956,21.953134
G_04516,99,41,1.0,Satkhira Range,True,False,726250.0,2429250.0,89.190795,21.953069
G_04517,99,42,1.0,Satkhira Range,True,False,726750.0,2429250.0,89.195633,21.953004
G_04518,99,43,0.8991009475305365,Satkhira Range,True,False,727250.0,2429250.0,89.200472,21.95294
G_04519,99,45,0.3957827233203179,Satkhira Range,True,False,728250.0,2429250.0,89.21015,21.95281
G_04520,99,46,1.0,Satkhira Range,True,False,728750.0,2429250.0,89.214989,21.952745
G_04521,99,47,1.0,Satkhira Range,True,False,729250.0,2429250.0,89.219827,21.952679
G_04522,99,48,1.0,Satkhira Range,True,False,729750.0,2429250.0,89.224666,21.952614
G_04523,99,49,0.9730949941758564,Satkhira Range,True,False,730250.0,2429250.0,89.229505,21.952548
G_04524,99,50,0.7954824445615165,Satkhira Range,True,False,730750.0,2429250.0,89.234343,21.952482
G_04525,99,51,0.8154999435520063,Satkhira Range,True,False,731250.0,2429250.0,89.239182,21.952416
G_04526,99,52,0.8067348503771408,Satkhira Range,True,False,731750.0,2429250.0,89.244021,21.95235
G_04527,99,53,0.9187317969082999,Satkhira Range,True,False,732250.0,2429250.0,89.248859,21.952284
G_04528,99,54,1.0,Satkhira Range,True,False,732750.0,2429250.0,89.253698,21.952218
G_04529,99,55,1.0,Satkhira Range,True,False,733250.0,2429250.0,89.258537,21.952151
G_04530,99,56,1.0,Satkhira Range,True,False,733750.0,2429250.0,89.263375,21.952085
G_04531,99,57,1.0,Satkhira Range,True,False,734250.0,2429250.0,89.268214,21.952018
G_04532,99,58,1.0,Satkhira Range,True,False,734750.0,2429250.0,89.273052,21.951951
G_04533,99,59,1.0,Satkhira Range,True,False,735250.0,2429250.0,89.277891,21.951884
G_04534,99,60,1.0,Satkhira Range,True,False,735750.0,2429250.0,89.282729,21.951817
G_04535,99,61,0.9280780309755483,Satkhira Range,True,False,736250.0,2429250.0,89.287568,21.951749
G_04536,99,62,0.8011092891293885,Satkhira Range,True,False,736750.0,2429250.0,89.292406,21.951682
G_04537,99,63,0.9776562719992203,Satkhira Range,True,False,737250.0,2429250.0,89.297245,21.951614
G_04538,99,64,1.0,Satkhira Range,True,False,737750.0,2429250.0,89.302083,21.951547
G_04539,99,65,1.0,Satkhira Range,True,False,738250.0,2429250.0,89.306921,21.951479
G_04540,99,66,1.0,Satkhira Range,True,False,738750.0,2429250.0,89.31176,21.951411
G_04541,99,67,1.0,Satkhira Range,True,False,739250.0,2429250.0,89.316598,21.951342
G_04542,99,68,1.0,Satkhira Range,True,False,739750.0,2429250.0,89.321437,21.951274
G_04543,99,69,1.0,Satkhira Range,True,False,740250.0,2429250.0,89.326275,21.951206
G_04544,99,70,1.0,Satkhira Range,True,False,740750.0,2429250.0,89.331113,21.951137
G_04545,99,71,1.0,Satkhira Range,True,False,741250.0,2429250.0,89.335951,21.951068
G_04546,99,72,0.935697434058573,Satkhira Range,True,False,741750.0,2429250.0,89.34079,21.950999
G_04547,99,73,0.07767597888725856,Satkhira Range,True,False,742250.0,2429250.0,89.345628,21.95093
G_04548,100,21,0.3355189875562277,Satkhira Range,True,False,716250.0,2428750.0,89.093948,21.949817
G_04549,100,22,1.0,Satkhira Range,True,False,716750.0,2428750.0,89.098787,21.949756
G_04550,100,23,1.0,Satkhira Range,True,False,717250.0,2428750.0,89.103626,21.949694
G_04551,100,24,0.998636701058257,Satkhira Range,True,False,717750.0,2428750.0,89.108465,21.949632
G_04552,100,25,0.5454529139701226,Satkhira Range,True,False,718250.0,2428750.0,89.113304,21.94957
G_04553,100,26,0.9065630858311822,Satkhira Range,True,False,718750.0,2428750.0,89.118143,21.949507
G_04554,100,27,1.0,Satkhira Range,True,False,719250.0,2428750.0,89.122982,21.949445
G_04555,100,28,1.0,Satkhira Range,True,False,719750.0,2428750.0,89.127821,21.949382
G_04556,100,29,0.2278040455317593,Satkhira Range,True,False,720250.0,2428750.0,89.13266,21.949319
G_04557,100,31,0.8778506497215489,Satkhira Range,True,False,721250.0,2428750.0,89.142338,21.949193
G_04558,100,32,1.0,Satkhira Range,True,False,721750.0,2428750.0,89.147177,21.94913
G_04559,100,33,1.0,Satkhira Range,True,False,722250.0,2428750.0,89.152015,21.949067
G_04560,100,34,1.0,Satkhira Range,True,False,722750.0,2428750.0,89.156854,21.949003
G_04561,100,35,1.0,Satkhira Range,True,False,723250.0,2428750.0,89.161693,21.94894
G_04562,100,36,0.8019765704887211,Satkhira Range,True,False,723750.0,2428750.0,89.166532,21.948876
G_04563,100,37,1.0,Satkhira Range,True,False,724250.0,2428750.0,89.171371,21.948812
G_04564,100,38,1.0,Satkhira Range,True,False,724750.0,2428750.0,89.176209,21.948748
G_04565,100,39,1.0,Satkhira Range,True,False,725250.0,2428750.0,89.181048,21.948684
G_04566,100,40,1.0,Satkhira Range,True,False,725750.0,2428750.0,89.185887,21.94862
G_04567,100,41,1.0,Satkhira Range,True,False,726250.0,2428750.0,89.190725,21.948555
G_04568,100,42,1.0,Satkhira Range,True,False,726750.0,2428750.0,89.195564,21.94849
G_04569,100,43,0.8716123599338663,Satkhira Range,True,False,727250.0,2428750.0,89.200403,21.948426
G_04570,100,46,0.5917697639849135,Satkhira Range,True,False,728750.0,2428750.0,89.214919,21.948231
G_04571,100,47,0.9991606509893661,Satkhira Range,True,False,729250.0,2428750.0,89.219757,21.948165
G_04572,100,48,1.0,Satkhira Range,True,False,729750.0,2428750.0,89.224596,21.9481
G_04573,100,49,0.8001218527475943,Satkhira Range,True,False,730250.0,2428750.0,89.229434,21.948034
G_04574,100,50,0.7538809027538298,Satkhira Range,True,False,730750.0,2428750.0,89.234273,21.947968
G_04575,100,51,1.0,Satkhira Range,True,False,731250.0,2428750.0,89.239111,21.947903
G_04576,100,52,1.0,Satkhira Range,True,False,731750.0,2428750.0,89.24395,21.947836
G_04577,100,53,1.0,Satkhira Range,True,False,732250.0,2428750.0,89.248788,21.94777
G_04578,100,54,1.0,Satkhira Range,True,False,732750.0,2428750.0,89.253627,21.947704
G_04579,100,55,1.0,Satkhira Range,True,False,733250.0,2428750.0,89.258465,21.947638
G_04580,100,56,1.0,Satkhira Range,True,False,733750.0,2428750.0,89.263304,21.947571
G_04581,100,57,1.0,Satkhira Range,True,False,734250.0,2428750.0,89.268142,21.947504
G_04582,100,58,1.0,Satkhira Range,True,False,734750.0,2428750.0,89.27298,21.947437
G_04583,100,59,1.0,Satkhira Range,True,False,735250.0,2428750.0,89.277819,21.94737
G_04584,100,60,1.0,Satkhira Range,True,False,735750.0,2428750.0,89.282657,21.947303
G_04585,100,61,0.8534173770024304,Satkhira Range,True,False,736250.0,2428750.0,89.287495,21.947236
G_04586,100,62,0.749014169868575,Satkhira Range,True,False,736750.0,2428750.0,89.292334,21.947168
G_04587,100,63,1.0,Satkhira Range,True,False,737250.0,2428750.0,89.297172,21.947101
G_04588,100,64,1.0,Satkhira Range,True,False,737750.0,2428750.0,89.30201,21.947033
G_04589,100,65,1.0,Satkhira Range,True,False,738250.0,2428750.0,89.306849,21.946965
G_04590,100,66,1.0,Satkhira Range,True,False,738750.0,2428750.0,89.311687,21.946897
G_04591,100,67,1.0,Satkhira Range,True,False,739250.0,2428750.0,89.316525,21.946829
G_04592,100,68,1.0,Satkhira Range,True,False,739750.0,2428750.0,89.321363,21.946761
G_04593,100,69,1.0,Satkhira Range,True,False,740250.0,2428750.0,89.326201,21.946692
G_04594,100,70,1.0,Satkhira Range,True,False,740750.0,2428750.0,89.33104,21.946623
G_04595,100,71,1.0,Satkhira Range,True,False,741250.0,2428750.0,89.335878,21.946555
G_04596,100,72,1.0,Satkhira Range,True,False,741750.0,2428750.0,89.340716,21.946486
G_04597,100,73,0.5677693560995395,Satkhira Range,True,False,742250.0,2428750.0,89.345554,21.946417
G_04598,101,20,0.24727167297293348,Satkhira Range,True,False,715750.0,2428250.0,89.089043,21.945365
G_04599,101,21,0.5287743471891831,Satkhira Range,True,False,716250.0,2428250.0,89.093882,21.945303
G_04600,101,22,0.9994837681155554,Satkhira Range,True,False,716750.0,2428250.0,89.098721,21.945241
G_04601,101,23,0.9623923852320877,Satkhira Range,True,False,717250.0,2428250.0,89.10356,21.94518
G_04602,101,24,0.5984874694323873,Satkhira Range,True,False,717750.0,2428250.0,89.108399,21.945118
G_04603,101,25,0.8849052312840382,Satkhira Range,True,False,718250.0,2428250.0,89.113238,21.945055
G_04604,101,26,1.0,Satkhira Range,True,False,718750.0,2428250.0,89.118076,21.944993
G_04605,101,27,1.0,Satkhira Range,True,False,719250.0,2428250.0,89.122915,21.944931
G_04606,101,28,0.8749533508720687,Satkhira Range,True,False,719750.0,2428250.0,89.127754,21.944868
G_04607,101,29,0.5956660978909863,Satkhira Range,True,False,720250.0,2428250.0,89.132593,21.944805
G_04608,101,31,0.7483463896368191,Satkhira Range,True,False,721250.0,2428250.0,89.14227,21.944679
G_04609,101,32,1.0,Satkhira Range,True,False,721750.0,2428250.0,89.147109,21.944616
G_04610,101,33,1.0,Satkhira Range,True,False,722250.0,2428250.0,89.151947,21.944553
G_04611,101,34,1.0,Satkhira Range,True,False,722750.0,2428250.0,89.156786,21.944489
G_04612,101,35,1.0,Satkhira Range,True,False,723250.0,2428250.0,89.161625,21.944426
G_04613,101,36,0.7506912501457357,Satkhira Range,True,False,723750.0,2428250.0,89.166463,21.944362
G_04614,101,37,1.0,Satkhira Range,True,False,724250.0,2428250.0,89.171302,21.944298
G_04615,101,38,1.0,Satkhira Range,True,False,724750.0,2428250.0,89.176141,21.944234
G_04616,101,39,1.0,Satkhira Range,True,False,725250.0,2428250.0,89.180979,21.94417
G_04617,101,40,1.0,Satkhira Range,True,False,725750.0,2428250.0,89.185818,21.944106
G_04618,101,41,1.0,Satkhira Range,True,False,726250.0,2428250.0,89.190656,21.944041
G_04619,101,42,1.0,Satkhira Range,True,False,726750.0,2428250.0,89.195495,21.943976
G_04620,101,43,1.0,Satkhira Range,True,False,727250.0,2428250.0,89.200333,21.943912
G_04621,101,44,0.26025497875398806,Satkhira Range,True,False,727750.0,2428250.0,89.205172,21.943847
G_04622,101,47,0.19720317147453273,Satkhira Range,True,False,729250.0,2428250.0,89.219687,21.943651
G_04623,101,48,0.4470612165299911,Satkhira Range,True,False,729750.0,2428250.0,89.224526,21.943586
G_04624,101,49,0.6170370494000909,Satkhira Range,True,False,730250.0,2428250.0,89.229364,21.94352
G_04625,101,50,0.532236985566694,Satkhira Range,True,False,730750.0,2428250.0,89.234202,21.943455
G_04626,101,51,0.8773662642162503,Satkhira Range,True,False,731250.0,2428250.0,89.239041,21.943389
G_04627,101,52,1.0,Satkhira Range,True,False,731750.0,2428250.0,89.243879,21.943323
G_04628,101,53,1.0,Satkhira Range,True,False,732250.0,2428250.0,89.248717,21.943256
G_04629,101,54,1.0,Satkhira Range,True,False,732750.0,2428250.0,89.253556,21.94319
G_04630,101,55,1.0,Satkhira Range,True,False,733250.0,2428250.0,89.258394,21.943124
G_04631,101,56,0.7879848687193624,Satkhira Range,True,False,733750.0,2428250.0,89.263232,21.943057
G_04632,101,57,0.8223448683057487,Satkhira Range,True,False,734250.0,2428250.0,89.26807,21.94299
G_04633,101,58,1.0,Satkhira Range,True,False,734750.0,2428250.0,89.272909,21.942924
G_04634,101,59,1.0,Satkhira Range,True,False,735250.0,2428250.0,89.277747,21.942857
G_04635,101,60,1.0,Satkhira Range,True,False,735750.0,2428250.0,89.282585,21.942789
G_04636,101,61,0.8557207393891877,Satkhira Range,True,False,736250.0,2428250.0,89.287423,21.942722
G_04637,101,62,0.8551627344795042,Satkhira Range,True,False,736750.0,2428250.0,89.292261,21.942655
G_04638,101,63,1.0,Satkhira Range,True,False,737250.0,2428250.0,89.2971,21.942587
G_04639,101,64,1.0,Satkhira Range,True,False,737750.0,2428250.0,89.301938,21.942519
G_04640,101,65,1.0,Satkhira Range,True,False,738250.0,2428250.0,89.306776,21.942451
G_04641,101,66,1.0,Satkhira Range,True,False,738750.0,2428250.0,89.311614,21.942383
G_04642,101,67,1.0,Satkhira Range,True,False,739250.0,2428250.0,89.316452,21.942315
G_04643,101,68,1.0,Satkhira Range,True,False,739750.0,2428250.0,89.32129,21.942247
G_04644,101,69,1.0,Satkhira Range,True,False,740250.0,2428250.0,89.326128,21.942179
G_04645,101,70,1.0,Satkhira Range,True,False,740750.0,2428250.0,89.330966,21.94211
G_04646,101,71,1.0,Satkhira Range,True,False,741250.0,2428250.0,89.335804,21.942041
G_04647,101,72,1.0,Satkhira Range,True,False,741750.0,2428250.0,89.340642,21.941972
G_04648,101,73,0.9762997680935408,Satkhira Range,True,False,742250.0,2428250.0,89.34548,21.941903
G_04649,101,74,0.10613980099001347,Satkhira Range,True,False,742750.0,2428250.0,89.350318,21.941834
G_04650,102,20,0.5369389961715398,Satkhira Range,True,False,715750.0,2427750.0,89.088977,21.940851
G_04651,102,21,0.6371985310334503,Satkhira Range,True,False,716250.0,2427750.0,89.093816,21.940789
G_04652,102,22,0.5133465436347004,Satkhira Range,True,False,716750.0,2427750.0,89.098655,21.940727
G_04653,102,23,0.5944045742092454,Satkhira Range,True,False,717250.0,2427750.0,89.103493,21.940665
G_04654,102,24,0.976511102091579,Satkhira Range,True,False,717750.0,2427750.0,89.108332,21.940603
G_04655,102,25,1.0,Satkhira Range,True,False,718250.0,2427750.0,89.113171,21.940541
G_04656,102,26,1.0,Satkhira Range,True,False,718750.0,2427750.0,89.118009,21.940479
G_04657,102,27,0.8648486675513358,Satkhira Range,True,False,719250.0,2427750.0,89.122848,21.940416
G_04658,102,28,0.8337446892873535,Satkhira Range,True,False,719750.0,2427750.0,89.127687,21.940354
G_04659,102,29,0.9656204308952575,Satkhira Range,True,False,720250.0,2427750.0,89.132525,21.940291
G_04660,102,30,0.052992508516854234,Satkhira Range,True,False,720750.0,2427750.0,89.137364,21.940228
G_04661,102,31,0.49857296528796957,Satkhira Range,True,False,721250.0,2427750.0,89.142202,21.940165
G_04662,102,32,1.0,Satkhira Range,True,False,721750.0,2427750.0,89.147041,21.940102
G_04663,102,33,1.0,Satkhira Range,True,False,722250.0,2427750.0,89.15188,21.940039
G_04664,102,34,1.0,Satkhira Range,True,False,722750.0,2427750.0,89.156718,21.939975
G_04665,102,35,1.0,Satkhira Range,True,False,723250.0,2427750.0,89.161557,21.939912
G_04666,102,36,0.9096673710735157,Satkhira Range,True,False,723750.0,2427750.0,89.166395,21.939848
G_04667,102,37,0.7648091666838117,Satkhira Range,True,False,724250.0,2427750.0,89.171233,21.939784
G_04668,102,38,0.7371909784500374,Satkhira Range,True,False,724750.0,2427750.0,89.176072,21.93972
G_04669,102,39,0.9264980612701157,Satkhira Range,True,False,725250.0,2427750.0,89.18091,21.939656
G_04670,102,40,1.0,Satkhira Range,True,False,725750.0,2427750.0,89.185749,21.939592
G_04671,102,41,1.0,Satkhira Range,True,False,726250.0,2427750.0,89.190587,21.939527
G_04672,102,42,1.0,Satkhira Range,True,False,726750.0,2427750.0,89.195425,21.939463
G_04673,102,43,1.0,Satkhira Range,True,False,727250.0,2427750.0,89.200264,21.939398
G_04674,102,44,0.8740382036529963,Satkhira Range,True,False,727750.0,2427750.0,89.205102,21.939333
G_04675,102,45,0.07554307548794187,Satkhira Range,True,False,728250.0,2427750.0,89.20994,21.939268
G_04676,102,51,0.11237940384156894,Satkhira Range,True,False,731250.0,2427750.0,89.23897,21.938875
G_04677,102,52,0.7962245372900885,Satkhira Range,True,False,731750.0,2427750.0,89.243808,21.938809
G_04678,102,53,1.0,Satkhira Range,True,False,732250.0,2427750.0,89.248646,21.938743
G_04679,102,54,1.0,Satkhira Range,True,False,732750.0,2427750.0,89.253485,21.938676
G_04680,102,55,1.0,Satkhira Range,True,False,733250.0,2427750.0,89.258323,21.93861
G_04681,102,56,1.0,Satkhira Range,True,False,733750.0,2427750.0,89.263161,21.938543
G_04682,102,57,0.7898741368246764,Satkhira Range,True,False,734250.0,2427750.0,89.267999,21.938477
G_04683,102,58,0.9161795080124304,Satkhira Range,True,False,734750.0,2427750.0,89.272837,21.93841
G_04684,102,59,1.0,Satkhira Range,True,False,735250.0,2427750.0,89.277675,21.938343
G_04685,102,60,1.0,Satkhira Range,True,False,735750.0,2427750.0,89.282513,21.938276
G_04686,102,61,0.8927640052969198,Satkhira Range,True,False,736250.0,2427750.0,89.287351,21.938208
G_04687,102,62,0.7903692007134687,Satkhira Range,True,False,736750.0,2427750.0,89.292189,21.938141
G_04688,102,63,1.0,Satkhira Range,True,False,737250.0,2427750.0,89.297027,21.938073
G_04689,102,64,1.0,Satkhira Range,True,False,737750.0,2427750.0,89.301865,21.938006
G_04690,102,65,1.0,Satkhira Range,True,False,738250.0,2427750.0,89.306703,21.937938
G_04691,102,66,1.0,Satkhira Range,True,False,738750.0,2427750.0,89.311541,21.93787
G_04692,102,67,1.0,Satkhira Range,True,False,739250.0,2427750.0,89.316379,21.937802
G_04693,102,68,1.0,Satkhira Range,True,False,739750.0,2427750.0,89.321217,21.937733
G_04694,102,69,1.0,Satkhira Range,True,False,740250.0,2427750.0,89.326055,21.937665
G_04695,102,70,1.0,Satkhira Range,True,False,740750.0,2427750.0,89.330892,21.937596
G_04696,102,71,1.0,Satkhira Range,True,False,741250.0,2427750.0,89.33573,21.937528
G_04697,102,72,1.0,Satkhira Range,True,False,741750.0,2427750.0,89.340568,21.937459
G_04698,102,73,1.0,Satkhira Range,True,False,742250.0,2427750.0,89.345406,21.93739
G_04699,102,74,0.4029585028468257,Satkhira Range,True,False,742750.0,2427750.0,89.350244,21.937321
G_04700,103,20,0.7693775803035261,Satkhira Range,True,False,715750.0,2427250.0,89.088911,21.936336
G_04701,103,21,0.9893770296907971,Satkhira Range,True,False,716250.0,2427250.0,89.09375,21.936275
G_04702,103,22,0.9521099657360745,Satkhira Range,True,False,716750.0,2427250.0,89.098589,21.936213
G_04703,103,23,1.0,Satkhira Range,True,False,717250.0,2427250.0,89.103427,21.936151
G_04704,103,24,1.0,Satkhira Range,True,False,717750.0,2427250.0,89.108266,21.936089
G_04705,103,25,1.0,Satkhira Range,True,False,718250.0,2427250.0,89.113104,21.936027
G_04706,103,26,0.8904341375504838,Satkhira Range,True,False,718750.0,2427250.0,89.117943,21.935965
G_04707,103,27,0.770865621832446,Satkhira Range,True,False,719250.0,2427250.0,89.122781,21.935902
G_04708,103,28,1.0,Satkhira Range,True,False,719750.0,2427250.0,89.12762,21.93584
G_04709,103,29,1.0,Satkhira Range,True,False,720250.0,2427250.0,89.132458,21.935777
G_04710,103,30,0.2783497577872328,Satkhira Range,True,False,720750.0,2427250.0,89.137296,21.935714
G_04711,103,31,0.10858771116614861,Satkhira Range,True,False,721250.0,2427250.0,89.142135,21.935651
G_04712,103,32,0.9643066317171963,Satkhira Range,True,False,721750.0,2427250.0,89.146973,21.935588
G_04713,103,33,1.0,Satkhira Range,True,False,722250.0,2427250.0,89.151812,21.935525
G_04714,103,34,1.0,Satkhira Range,True,False,722750.0,2427250.0,89.15665,21.935461
G_04715,103,35,1.0,Satkhira Range,True,False,723250.0,2427250.0,89.161488,21.935398
G_04716,103,36,1.0,Satkhira Range,True,False,723750.0,2427250.0,89.166327,21.935334
G_04717,103,37,1.0,Satkhira Range,True,False,724250.0,2427250.0,89.171165,21.93527
G_04718,103,38,0.9991237139582344,Satkhira Range,True,False,724750.0,2427250.0,89.176003,21.935206
G_04719,103,39,0.6635374362012637,Satkhira Range,True,False,725250.0,2427250.0,89.180842,21.935142
G_04720,103,40,0.9720958181563516,Satkhira Range,True,False,725750.0,2427250.0,89.18568,21.935078
G_04721,103,41,1.0,Satkhira Range,True,False,726250.0,2427250.0,89.190518,21.935013
G_04722,103,42,1.0,Satkhira Range,True,False,726750.0,2427250.0,89.195356,21.934949
G_04723,103,43,1.0,Satkhira Range,True,False,727250.0,2427250.0,89.200194,21.934884
G_04724,103,44,1.0,Satkhira Range,True,False,727750.0,2427250.0,89.205033,21.934819
G_04725,103,45,0.7525151645815431,Satkhira Range,True,False,728250.0,2427250.0,89.209871,21.934754
G_04726,103,46,0.06596546571867792,Satkhira Range,True,False,728750.0,2427250.0,89.214709,21.934689
G_04727,103,52,0.07385103554579607,Satkhira Range,True,False,731750.0,2427250.0,89.243737,21.934295
G_04728,103,53,0.7914685559488179,Satkhira Range,True,False,732250.0,2427250.0,89.248575,21.934229
G_04729,103,54,1.0,Satkhira Range,True,False,732750.0,2427250.0,89.253413,21.934163
G_04730,103,55,1.0,Satkhira Range,True,False,733250.0,2427250.0,89.258251,21.934096
G_04731,103,56,1.0,Satkhira Range,True,False,733750.0,2427250.0,89.263089,21.93403
G_04732,103,57,0.8762129186782897,Satkhira Range,True,False,734250.0,2427250.0,89.267927,21.933963
G_04733,103,58,0.9706835765225345,Satkhira Range,True,False,734750.0,2427250.0,89.272765,21.933896
G_04734,103,59,1.0,Satkhira Range,True,False,735250.0,2427250.0,89.277603,21.933829
G_04735,103,60,1.0,Satkhira Range,True,False,735750.0,2427250.0,89.282441,21.933762
G_04736,103,61,1.0,Satkhira Range,True,False,736250.0,2427250.0,89.287279,21.933695
G_04737,103,62,0.6636268877149971,Satkhira Range,True,False,736750.0,2427250.0,89.292117,21.933627
G_04738,103,63,0.9349920672532998,Satkhira Range,True,False,737250.0,2427250.0,89.296955,21.93356
G_04739,103,64,1.0,Satkhira Range,True,False,737750.0,2427250.0,89.301792,21.933492
G_04740,103,65,1.0,Satkhira Range,True,False,738250.0,2427250.0,89.30663,21.933424
G_04741,103,66,1.0,Satkhira Range,True,False,738750.0,2427250.0,89.311468,21.933356
G_04742,103,67,1.0,Satkhira Range,True,False,739250.0,2427250.0,89.316306,21.933288
G_04743,103,68,1.0,Satkhira Range,True,False,739750.0,2427250.0,89.321143,21.93322
G_04744,103,69,1.0,Satkhira Range,True,False,740250.0,2427250.0,89.325981,21.933151
G_04745,103,70,1.0,Satkhira Range,True,False,740750.0,2427250.0,89.330819,21.933083
G_04746,103,71,1.0,Satkhira Range,True,False,741250.0,2427250.0,89.335656,21.933014
G_04747,103,72,1.0,Satkhira Range,True,False,741750.0,2427250.0,89.340494,21.932945
G_04748,103,73,1.0,Satkhira Range,True,False,742250.0,2427250.0,89.345332,21.932876
G_04749,103,74,0.7462392308018121,Satkhira Range,True,False,742750.0,2427250.0,89.350169,21.932807
G_04750,104,19,0.13385035824195346,Satkhira Range,True,False,715250.0,2426750.0,89.084007,21.931883
G_04751,104,20,0.9967588462674452,Satkhira Range,True,False,715750.0,2426750.0,89.088845,21.931822
G_04752,104,21,1.0,Satkhira Range,True,False,716250.0,2426750.0,89.093684,21.93176
G_04753,104,22,1.0,Satkhira Range,True,False,716750.0,2426750.0,89.098522,21.931699
G_04754,104,23,1.0,Satkhira Range,True,False,717250.0,2426750.0,89.103361,21.931637
G_04755,104,24,1.0,Satkhira Range,True,False,717750.0,2426750.0,89.108199,21.931575
G_04756,104,25,0.7518097718135109,Satkhira Range,True,False,718250.0,2426750.0,89.113037,21.931513
G_04757,104,26,0.7737723430436559,Satkhira Range,True,False,718750.0,2426750.0,89.117876,21.93145
G_04758,104,27,1.0,Satkhira Range,True,False,719250.0,2426750.0,89.122714,21.931388
G_04759,104,28,1.0,Satkhira Range,True,False,719750.0,2426750.0,89.127552,21.931325
G_04760,104,29,1.0,Satkhira Range,True,False,720250.0,2426750.0,89.132391,21.931263
G_04761,104,30,0.5046754699704603,Satkhira Range,True,False,720750.0,2426750.0,89.137229,21.9312
G_04762,104,32,0.4414147782755661,Satkhira Range,True,False,721750.0,2426750.0,89.146906,21.931074
G_04763,104,33,1.0,Satkhira Range,True,False,722250.0,2426750.0,89.151744,21.93101
G_04764,104,34,1.0,Satkhira Range,True,False,722750.0,2426750.0,89.156582,21.930947
G_04765,104,35,1.0,Satkhira Range,True,False,723250.0,2426750.0,89.16142,21.930883
G_04766,104,36,1.0,Satkhira Range,True,False,723750.0,2426750.0,89.166258,21.93082
G_04767,104,37,1.0,Satkhira Range,True,False,724250.0,2426750.0,89.171096,21.930756
G_04768,104,38,1.0,Satkhira Range,True,False,724750.0,2426750.0,89.175935,21.930692
G_04769,104,39,0.730461728613284,Satkhira Range,True,False,725250.0,2426750.0,89.180773,21.930628
G_04770,104,40,0.9976439511017269,Satkhira Range,True,False,725750.0,2426750.0,89.185611,21.930563
G_04771,104,41,1.0,Satkhira Range,True,False,726250.0,2426750.0,89.190449,21.930499
G_04772,104,42,1.0,Satkhira Range,True,False,726750.0,2426750.0,89.195287,21.930435
G_04773,104,43,1.0,Satkhira Range,True,False,727250.0,2426750.0,89.200125,21.93037
G_04774,104,44,1.0,Satkhira Range,True,False,727750.0,2426750.0,89.204963,21.930305
G_04775,104,45,1.0,Satkhira Range,True,False,728250.0,2426750.0,89.209801,21.93024
G_04776,104,46,0.9444972283302239,Satkhira Range,True,False,728750.0,2426750.0,89.214639,21.930175
G_04777,104,47,0.5739892599453555,Satkhira Range,True,False,729250.0,2426750.0,89.219477,21.93011
G_04778,104,48,0.33756049881532507,Satkhira Range,True,False,729750.0,2426750.0,89.224315,21.930044
G_04779,104,49,0.3464551066543267,Satkhira Range,True,False,730250.0,2426750.0,89.229153,21.929979
G_04780,104,50,0.37905624606141436,Satkhira Range,True,False,730750.0,2426750.0,89.233991,21.929913
G_04781,104,51,0.3152155635000744,Satkhira Range,True,False,731250.0,2426750.0,89.238829,21.929847
G_04782,104,54,0.6565666793787702,Satkhira Range,True,False,732750.0,2426750.0,89.253342,21.929649
G_04783,104,55,1.0,Satkhira Range,True,False,733250.0,2426750.0,89.25818,21.929582
G_04784,104,56,1.0,Satkhira Range,True,False,733750.0,2426750.0,89.263018,21.929516
G_04785,104,57,0.8189554131104686,Satkhira Range,True,False,734250.0,2426750.0,89.267856,21.929449
G_04786,104,58,0.7860865803465887,Satkhira Range,True,False,734750.0,2426750.0,89.272693,21.929382
G_04787,104,59,0.9977198630399928,Satkhira Range,True,False,735250.0,2426750.0,89.277531,21.929315
G_04788,104,60,1.0,Satkhira Range,True,False,735750.0,2426750.0,89.282369,21.929248
G_04789,104,61,1.0,Satkhira Range,True,False,736250.0,2426750.0,89.287207,21.929181
G_04790,104,62,0.9985037840791428,Satkhira Range,True,False,736750.0,2426750.0,89.292044,21.929114
G_04791,104,63,0.6814853398281369,Satkhira Range,True,False,737250.0,2426750.0,89.296882,21.929046
G_04792,104,64,0.812240699853835,Satkhira Range,True,False,737750.0,2426750.0,89.30172,21.928978
G_04793,104,65,1.0,Satkhira Range,True,False,738250.0,2426750.0,89.306557,21.928911
G_04794,104,66,1.0,Satkhira Range,True,False,738750.0,2426750.0,89.311395,21.928843
G_04795,104,67,1.0,Satkhira Range,True,False,739250.0,2426750.0,89.316233,21.928774
G_04796,104,68,1.0,Satkhira Range,True,False,739750.0,2426750.0,89.32107,21.928706
G_04797,104,69,1.0,Satkhira Range,True,False,740250.0,2426750.0,89.325908,21.928638
G_04798,104,70,1.0,Satkhira Range,True,False,740750.0,2426750.0,89.330745,21.928569
G_04799,104,71,1.0,Satkhira Range,True,False,741250.0,2426750.0,89.335583,21.928501
G_04800,104,72,1.0,Satkhira Range,True,False,741750.0,2426750.0,89.34042,21.928432
G_04801,104,73,1.0,Satkhira Range,True,False,742250.0,2426750.0,89.345258,21.928363
G_04802,104,74,0.9990591149823151,Satkhira Range,True,False,742750.0,2426750.0,89.350095,21.928294
G_04803,104,75,0.15390681448405819,Satkhira Range,True,False,743250.0,2426750.0,89.354933,21.928224
G_04804,105,19,0.26530008616545897,Satkhira Range,True,False,715250.0,2426250.0,89.083941,21.927369
G_04805,105,20,0.6906313111386227,Satkhira Range,True,False,715750.0,2426250.0,89.08878,21.927308
G_04806,105,21,0.960511342902183,Satkhira Range,True,False,716250.0,2426250.0,89.093618,21.927246
G_04807,105,22,1.0,Satkhira Range,True,False,716750.0,2426250.0,89.098456,21.927184
G_04808,105,23,1.0,Satkhira Range,True,False,717250.0,2426250.0,89.103294,21.927123
G_04809,105,24,0.9653052670036524,Satkhira Range,True,False,717750.0,2426250.0,89.108133,21.927061
G_04810,105,25,0.8581271347442316,Satkhira Range,True,False,718250.0,2426250.0,89.112971,21.926998
G_04811,105,26,1.0,Satkhira Range,True,False,718750.0,2426250.0,89.117809,21.926936
G_04812,105,27,1.0,Satkhira Range,True,False,719250.0,2426250.0,89.122647,21.926874
G_04813,105,28,1.0,Satkhira Range,True,False,719750.0,2426250.0,89.127485,21.926811
G_04814,105,29,1.0,Satkhira Range,True,False,720250.0,2426250.0,89.132323,21.926748
G_04815,105,30,0.7601378100174184,Satkhira Range,True,False,720750.0,2426250.0,89.137162,21.926686
G_04816,105,33,0.44920430979972026,Satkhira Range,True,False,722250.0,2426250.0,89.151676,21.926496
G_04817,105,34,0.83382319232147,Satkhira Range,True,False,722750.0,2426250.0,89.156514,21.926433
G_04818,105,35,0.8285921288604894,Satkhira Range,True,False,723250.0,2426250.0,89.161352,21.926369
G_04819,105,36,0.7334067935446967,Satkhira Range,True,False,723750.0,2426250.0,89.16619,21.926306
G_04820,105,37,0.5503146627330733,Satkhira Range,True,False,724250.0,2426250.0,89.171028,21.926242
G_04821,105,38,0.44973832002739017,Satkhira Range,True,False,724750.0,2426250.0,89.175866,21.926178
G_04822,105,39,0.3630690919348937,Satkhira Range,True,False,725250.0,2426250.0,89.180704,21.926114
G_04823,105,40,0.7562644610370189,Satkhira Range,True,False,725750.0,2426250.0,89.185542,21.926049
G_04824,105,41,0.7262567928037034,Satkhira Range,True,False,726250.0,2426250.0,89.19038,21.925985
G_04825,105,42,0.7512318991139638,Satkhira Range,True,False,726750.0,2426250.0,89.195218,21.925921
G_04826,105,43,0.8643256863629484,Satkhira Range,True,False,727250.0,2426250.0,89.200056,21.925856
G_04827,105,44,0.9992867786279198,Satkhira Range,True,False,727750.0,2426250.0,89.204893,21.925791
G_04828,105,45,1.0,Satkhira Range,True,False,728250.0,2426250.0,89.209731,21.925726
G_04829,105,46,1.0,Satkhira Range,True,False,728750.0,2426250.0,89.214569,21.925661
G_04830,105,47,1.0,Satkhira Range,True,False,729250.0,2426250.0,89.219407,21.925596
G_04831,105,48,1.0,Satkhira Range,True,False,729750.0,2426250.0,89.224245,21.92553
G_04832,105,49,1.0,Satkhira Range,True,False,730250.0,2426250.0,89.229083,21.925465
G_04833,105,50,1.0,Satkhira Range,True,False,730750.0,2426250.0,89.23392,21.925399
G_04834,105,51,1.0,Satkhira Range,True,False,731250.0,2426250.0,89.238758,21.925333
G_04835,105,52,0.24217077425130853,Satkhira Range,True,False,731750.0,2426250.0,89.243596,21.925267
G_04836,105,54,0.055311247918483276,Satkhira Range,True,False,732750.0,2426250.0,89.253271,21.925135
G_04837,105,55,0.95021741573186,Satkhira Range,True,False,733250.0,2426250.0,89.258109,21.925069
G_04838,105,56,1.0,Satkhira Range,True,False,733750.0,2426250.0,89.262947,21.925002
G_04839,105,57,1.0,Satkhira Range,True,False,734250.0,2426250.0,89.267784,21.924935
G_04840,105,58,0.8886010373359666,Satkhira Range,True,False,734750.0,2426250.0,89.272622,21.924869
G_04841,105,59,0.6230397214715565,Satkhira Range,True,False,735250.0,2426250.0,89.277459,21.924802
G_04842,105,60,0.979742279534421,Satkhira Range,True,False,735750.0,2426250.0,89.282297,21.924734
G_04843,105,61,1.0,Satkhira Range,True,False,736250.0,2426250.0,89.287135,21.924667
G_04844,105,62,1.0,Satkhira Range,True,False,736750.0,2426250.0,89.291972,21.9246
G_04845,105,63,1.0,Satkhira Range,True,False,737250.0,2426250.0,89.29681,21.924532
G_04846,105,64,0.8196084044054271,Satkhira Range,True,False,737750.0,2426250.0,89.301647,21.924465
G_04847,105,65,0.5939850603797729,Satkhira Range,True,False,738250.0,2426250.0,89.306485,21.924397
G_04848,105,66,0.638824339613282,Satkhira Range,True,False,738750.0,2426250.0,89.311322,21.924329
G_04849,105,67,0.9470239674250529,Satkhira Range,True,False,739250.0,2426250.0,89.31616,21.924261
G_04850,105,68,1.0,Satkhira Range,True,False,739750.0,2426250.0,89.320997,21.924193
G_04851,105,69,1.0,Satkhira Range,True,False,740250.0,2426250.0,89.325834,21.924124
G_04852,105,70,1.0,Satkhira Range,True,False,740750.0,2426250.0,89.330672,21.924056
G_04853,105,71,1.0,Satkhira Range,True,False,741250.0,2426250.0,89.335509,21.923987
G_04854,105,72,1.0,Satkhira Range,True,False,741750.0,2426250.0,89.340346,21.923918
G_04855,105,73,1.0,Satkhira Range,True,False,742250.0,2426250.0,89.345184,21.923849
G_04856,105,74,1.0,Satkhira Range,True,False,742750.0,2426250.0,89.350021,21.92378
G_04857,105,75,0.5854307397422848,Satkhira Range,True,False,743250.0,2426250.0,89.354858,21.923711
G_04858,106,11,0.1985174557706873,Satkhira Range,True,False,711250.0,2425750.0,89.04517,21.923341
G_04859,106,12,0.34273141671145463,Satkhira Range,True,False,711750.0,2425750.0,89.050008,21.923281
G_04860,106,13,0.19237947431045835,Satkhira Range,True,False,712250.0,2425750.0,89.054846,21.92322
G_04861,106,19,0.7245634702268973,Satkhira Range,True,False,715250.0,2425750.0,89.083876,21.922855
G_04862,106,20,0.9924882934747216,Satkhira Range,True,False,715750.0,2425750.0,89.088714,21.922793
G_04863,106,21,0.7160158878074293,Satkhira Range,True,False,716250.0,2425750.0,89.093552,21.922732
G_04864,106,22,0.7462636095440394,Satkhira Range,True,False,716750.0,2425750.0,89.09839,21.92267
G_04865,106,23,0.7168583512649627,Satkhira Range,True,False,717250.0,2425750.0,89.103228,21.922608
G_04866,106,24,0.7758358167660016,Satkhira Range,True,False,717750.0,2425750.0,89.108066,21.922546
G_04867,106,25,1.0,Satkhira Range,True,False,718250.0,2425750.0,89.112904,21.922484
G_04868,106,26,1.0,Satkhira Range,True,False,718750.0,2425750.0,89.117742,21.922422
G_04869,106,27,1.0,Satkhira Range,True,False,719250.0,2425750.0,89.12258,21.92236
G_04870,106,28,1.0,Satkhira Range,True,False,719750.0,2425750.0,89.127418,21.922297
G_04871,106,29,1.0,Satkhira Range,True,False,720250.0,2425750.0,89.132256,21.922234
G_04872,106,30,0.9664561105513038,Satkhira Range,True,False,720750.0,2425750.0,89.137094,21.922171
G_04873,106,31,0.09853936694441949,Satkhira Range,True,False,721250.0,2425750.0,89.141932,21.922109
G_04874,106,44,0.2010391403966573,Satkhira Range,True,False,727750.0,2425750.0,89.204824,21.921277
G_04875,106,45,0.8265308106608703,Satkhira Range,True,False,728250.0,2425750.0,89.209662,21.921212
G_04876,106,46,1.0,Satkhira Range,True,False,728750.0,2425750.0,89.214499,21.921147
G_04877,106,47,1.0,Satkhira Range,True,False,729250.0,2425750.0,89.219337,21.921082
G_04878,106,48,1.0,Satkhira Range,True,False,729750.0,2425750.0,89.224175,21.921016
G_04879,106,49,1.0,Satkhira Range,True,False,730250.0,2425750.0,89.229012,21.920951
G_04880,106,50,1.0,Satkhira Range,True,False,730750.0,2425750.0,89.23385,21.920885
G_04881,106,51,1.0,Satkhira Range,True,False,731250.0,2425750.0,89.238687,21.920819
G_04882,106,52,0.5382876719457576,Satkhira Range,True,False,731750.0,2425750.0,89.243525,21.920753
G_04883,106,55,0.560859374164616,Satkhira Range,True,False,733250.0,2425750.0,89.258038,21.920555
G_04884,106,56,1.0,Satkhira Range,True,False,733750.0,2425750.0,89.262875,21.920488
G_04885,106,57,0.9564960509602767,Satkhira Range,True,False,734250.0,2425750.0,89.267713,21.920422
G_04886,106,58,0.7709670528264293,Satkhira Range,True,False,734750.0,2425750.0,89.27255,21.920355
G_04887,106,59,0.5271074835978365,Satkhira Range,True,False,735250.0,2425750.0,89.277388,21.920288
G_04888,106,60,0.6397564988267285,Satkhira Range,True,False,735750.0,2425750.0,89.282225,21.920221
G_04889,106,61,0.9993380764665187,Satkhira Range,True,False,736250.0,2425750.0,89.287062,21.920154
G_04890,106,62,1.0,Satkhira Range,True,False,736750.0,2425750.0,89.2919,21.920086
G_04891,106,63,1.0,Satkhira Range,True,False,737250.0,2425750.0,89.296737,21.920019
G_04892,106,64,1.0,Satkhira Range,True,False,737750.0,2425750.0,89.301575,21.919951
G_04893,106,65,1.0,Satkhira Range,True,False,738250.0,2425750.0,89.306412,21.919883
G_04894,106,66,0.9458157423173795,Satkhira Range,True,False,738750.0,2425750.0,89.311249,21.919815
G_04895,106,67,0.697957848059821,Satkhira Range,True,False,739250.0,2425750.0,89.316086,21.919747
G_04896,106,68,0.8006000458961965,Satkhira Range,True,False,739750.0,2425750.0,89.320924,21.919679
G_04897,106,69,1.0,Satkhira Range,True,False,740250.0,2425750.0,89.325761,21.919611
G_04898,106,70,1.0,Satkhira Range,True,False,740750.0,2425750.0,89.330598,21.919542
G_04899,106,71,1.0,Satkhira Range,True,False,741250.0,2425750.0,89.335435,21.919473
G_04900,106,72,1.0,Satkhira Range,True,False,741750.0,2425750.0,89.340273,21.919405
G_04901,106,73,1.0,Satkhira Range,True,False,742250.0,2425750.0,89.34511,21.919336
G_04902,106,74,1.0,Satkhira Range,True,False,742750.0,2425750.0,89.349947,21.919267
G_04903,106,75,0.9042471973704945,Satkhira Range,True,False,743250.0,2425750.0,89.354784,21.919197
G_04904,107,9,0.4031700290478238,Satkhira Range,True,False,710250.0,2425250.0,89.035429,21.918946
G_04905,107,10,0.9571417873774645,Satkhira Range,True,False,710750.0,2425250.0,89.040267,21.918886
G_04906,107,11,1.0,Satkhira Range,True,False,711250.0,2425250.0,89.045105,21.918826
G_04907,107,12,1.0,Satkhira Range,True,False,711750.0,2425250.0,89.049943,21.918766
G_04908,107,13,1.0,Satkhira Range,True,False,712250.0,2425250.0,89.054782,21.918706
G_04909,107,14,0.37517626540268145,Satkhira Range,True,False,712750.0,2425250.0,89.05962,21.918645
G_04910,107,19,0.9949417744316507,Satkhira Range,True,False,715250.0,2425250.0,89.08381,21.91834
G_04911,107,20,1.0,Satkhira Range,True,False,715750.0,2425250.0,89.088648,21.918279
G_04912,107,21,1.0,Satkhira Range,True,False,716250.0,2425250.0,89.093486,21.918217
G_04913,107,22,1.0,Satkhira Range,True,False,716750.0,2425250.0,89.098324,21.918156
G_04914,107,23,1.0,Satkhira Range,True,False,717250.0,2425250.0,89.103162,21.918094
G_04915,107,24,1.0,Satkhira Range,True,False,717750.0,2425250.0,89.108,21.918032
G_04916,107,25,1.0,Satkhira Range,True,False,718250.0,2425250.0,89.112838,21.91797
G_04917,107,26,1.0,Satkhira Range,True,False,718750.0,2425250.0,89.117675,21.917908
G_04918,107,27,1.0,Satkhira Range,True,False,719250.0,2425250.0,89.122513,21.917845
G_04919,107,28,1.0,Satkhira Range,True,False,719750.0,2425250.0,89.127351,21.917783
G_04920,107,29,1.0,Satkhira Range,True,False,720250.0,2425250.0,89.132189,21.91772
G_04921,107,30,1.0,Satkhira Range,True,False,720750.0,2425250.0,89.137027,21.917657
G_04922,107,31,0.7889076731231837,Satkhira Range,True,False,721250.0,2425250.0,89.141865,21.917594
G_04923,107,32,0.1285087532652516,Satkhira Range,True,False,721750.0,2425250.0,89.146702,21.917531
G_04924,107,39,0.12526764728945353,Satkhira Range,True,False,725250.0,2425250.0,89.180566,21.917086
G_04925,107,40,0.18864079255933466,Satkhira Range,True,False,725750.0,2425250.0,89.185404,21.917021
G_04926,107,41,0.12279027564490276,Satkhira Range,True,False,726250.0,2425250.0,89.190242,21.916957
G_04927,107,45,0.11086694343200898,Satkhira Range,True,False,728250.0,2425250.0,89.209592,21.916698
G_04928,107,46,0.9703138560937639,Satkhira Range,True,False,728750.0,2425250.0,89.214429,21.916633
G_04929,107,47,1.0,Satkhira Range,True,False,729250.0,2425250.0,89.219267,21.916568
G_04930,107,48,1.0,Satkhira Range,True,False,729750.0,2425250.0,89.224104,21.916502
G_04931,107,49,1.0,Satkhira Range,True,False,730250.0,2425250.0,89.228942,21.916437
G_04932,107,50,1.0,Satkhira Range,True,False,730750.0,2425250.0,89.233779,21.916371
G_04933,107,51,1.0,Satkhira Range,True,False,731250.0,2425250.0,89.238617,21.916306
G_04934,107,52,0.8737332846678267,Satkhira Range,True,False,731750.0,2425250.0,89.243454,21.91624
G_04935,107,55,0.07516743602956982,Satkhira Range,True,False,733250.0,2425250.0,89.257966,21.916041
G_04936,107,56,0.34503155078826975,Satkhira Range,True,False,733750.0,2425250.0,89.262804,21.915974
G_04937,107,61,0.22355043241252645,Satkhira Range,True,False,736250.0,2425250.0,89.28699,21.91564
G_04938,107,62,0.8307056517123436,Satkhira Range,True,False,736750.0,2425250.0,89.291828,21.915572
G_04939,107,63,1.0,Satkhira Range,True,False,737250.0,2425250.0,89.296665,21.915505
G_04940,107,64,1.0,Satkhira Range,True,False,737750.0,2425250.0,89.301502,21.915437
G_04941,107,65,1.0,Satkhira Range,True,False,738250.0,2425250.0,89.306339,21.91537
G_04942,107,66,1.0,Satkhira Range,True,False,738750.0,2425250.0,89.311176,21.915302
G_04943,107,67,0.8537863214394633,Satkhira Range,True,False,739250.0,2425250.0,89.316013,21.915234
G_04944,107,68,0.6824514401631767,Satkhira Range,True,False,739750.0,2425250.0,89.320851,21.915165
G_04945,107,69,1.0,Satkhira Range,True,False,740250.0,2425250.0,89.325688,21.915097
G_04946,107,70,1.0,Satkhira Range,True,False,740750.0,2425250.0,89.330525,21.915029
G_04947,107,71,1.0,Satkhira Range,True,False,741250.0,2425250.0,89.335362,21.91496
G_04948,107,72,1.0,Satkhira Range,True,False,741750.0,2425250.0,89.340199,21.914891
G_04949,107,73,1.0,Satkhira Range,True,False,742250.0,2425250.0,89.345036,21.914822
G_04950,107,74,1.0,Satkhira Range,True,False,742750.0,2425250.0,89.349873,21.914753
G_04951,107,75,1.0,Satkhira Range,True,False,743250.0,2425250.0,89.35471,21.914684
G_04952,107,76,0.2311065911804461,Satkhira Range,True,False,743750.0,2425250.0,89.359547,21.914615
G_04953,108,9,0.8667786948707554,Satkhira Range,True,False,710250.0,2424750.0,89.035365,21.914432
G_04954,108,10,1.0,Satkhira Range,True,False,710750.0,2424750.0,89.040203,21.914372
G_04955,108,11,1.0,Satkhira Range,True,False,711250.0,2424750.0,89.045041,21.914312
G_04956,108,12,1.0,Satkhira Range,True,False,711750.0,2424750.0,89.049879,21.914252
G_04957,108,13,1.0,Satkhira Range,True,False,712250.0,2424750.0,89.054717,21.914191
G_04958,108,14,0.39611589894879085,Satkhira Range,True,False,712750.0,2424750.0,89.059555,21.914131
G_04959,108,18,0.06078374986925906,Satkhira Range,True,False,714750.0,2424750.0,89.078906,21.913887
G_04960,108,19,1.0,Satkhira Range,True,False,715250.0,2424750.0,89.083744,21.913826
G_04961,108,20,1.0,Satkhira Range,True,False,715750.0,2424750.0,89.088582,21.913765
G_04962,108,21,1.0,Satkhira Range,True,False,716250.0,2424750.0,89.09342,21.913703
G_04963,108,22,1.0,Satkhira Range,True,False,716750.0,2424750.0,89.098258,21.913641
G_04964,108,23,1.0,Satkhira Range,True,False,717250.0,2424750.0,89.103095,21.91358
G_04965,108,24,1.0,Satkhira Range,True,False,717750.0,2424750.0,89.107933,21.913518
G_04966,108,25,1.0,Satkhira Range,True,False,718250.0,2424750.0,89.112771,21.913456
G_04967,108,26,1.0,Satkhira Range,True,False,718750.0,2424750.0,89.117609,21.913393
G_04968,108,27,1.0,Satkhira Range,True,False,719250.0,2424750.0,89.122446,21.913331
G_04969,108,28,1.0,Satkhira Range,True,False,719750.0,2424750.0,89.127284,21.913269
G_04970,108,29,1.0,Satkhira Range,True,False,720250.0,2424750.0,89.132122,21.913206
G_04971,108,30,1.0,Satkhira Range,True,False,720750.0,2424750.0,89.136959,21.913143
G_04972,108,31,1.0,Satkhira Range,True,False,721250.0,2424750.0,89.141797,21.91308
G_04973,108,32,0.9963644187101145,Satkhira Range,True,False,721750.0,2424750.0,89.146635,21.913017
G_04974,108,33,0.7996997874373094,Satkhira Range,True,False,722250.0,2424750.0,89.151472,21.912954
G_04975,108,34,0.6580330645330645,Satkhira Range,True,False,722750.0,2424750.0,89.15631,21.912891
G_04976,108,35,0.6585476286391055,Satkhira Range,True,False,723250.0,2424750.0,89.161147,21.912827
G_04977,108,36,0.6936545481369877,Satkhira Range,True,False,723750.0,2424750.0,89.165985,21.912763
G_04978,108,37,0.7752996575517046,Satkhira Range,True,False,724250.0,2424750.0,89.170823,21.9127
G_04979,108,38,0.9563551275223955,Satkhira Range,True,False,724750.0,2424750.0,89.17566,21.912636
G_04980,108,39,1.0,Satkhira Range,True,False,725250.0,2424750.0,89.180498,21.912572
G_04981,108,40,1.0,Satkhira Range,True,False,725750.0,2424750.0,89.185335,21.912507
G_04982,108,41,1.0,Satkhira Range,True,False,726250.0,2424750.0,89.190173,21.912443
G_04983,108,42,0.9692952058705521,Satkhira Range,True,False,726750.0,2424750.0,89.19501,21.912379
G_04984,108,43,0.58657827132554,Satkhira Range,True,False,727250.0,2424750.0,89.199847,21.912314
G_04985,108,46,0.6946223251291899,Satkhira Range,True,False,728750.0,2424750.0,89.21436,21.912119
G_04986,108,47,1.0,Satkhira Range,True,False,729250.0,2424750.0,89.219197,21.912054
G_04987,108,48,1.0,Satkhira Range,True,False,729750.0,2424750.0,89.224034,21.911989
G_04988,108,49,1.0,Satkhira Range,True,False,730250.0,2424750.0,89.228872,21.911923
G_04989,108,50,1.0,Satkhira Range,True,False,730750.0,2424750.0,89.233709,21.911857
G_04990,108,51,1.0,Satkhira Range,True,False,731250.0,2424750.0,89.238546,21.911792
G_04991,108,52,1.0,Satkhira Range,True,False,731750.0,2424750.0,89.243384,21.911726
G_04992,108,53,0.6901433532662032,Satkhira Range,True,False,732250.0,2424750.0,89.248221,21.91166
G_04993,108,54,0.1007080721282594,Satkhira Range,True,False,732750.0,2424750.0,89.253058,21.911593
G_04994,108,62,0.09798990515601466,Satkhira Range,True,False,736750.0,2424750.0,89.291755,21.911059
G_04995,108,63,0.9428762085951713,Satkhira Range,True,False,737250.0,2424750.0,89.296592,21.910991
G_04996,108,64,1.0,Satkhira Range,True,False,737750.0,2424750.0,89.301429,21.910924
G_04997,108,65,1.0,Satkhira Range,True,False,738250.0,2424750.0,89.306266,21.910856
G_04998,108,66,0.9271718543338584,Satkhira Range,True,False,738750.0,2424750.0,89.311103,21.910788
G_04999,108,67,0.4747827641813833,Satkhira Range,True,False,739250.0,2424750.0,89.31594,21.91072
G_05000,108,68,0.9984801476381391,Satkhira Range,True,False,739750.0,2424750.0,89.320777,21.910652
G_05001,108,69,1.0,Satkhira Range,True,False,740250.0,2424750.0,89.325614,21.910583
G_05002,108,70,1.0,Satkhira Range,True,False,740750.0,2424750.0,89.330451,21.910515
G_05003,108,71,1.0,Satkhira Range,True,False,741250.0,2424750.0,89.335288,21.910446
G_05004,108,72,1.0,Satkhira Range,True,False,741750.0,2424750.0,89.340125,21.910378
G_05005,108,73,1.0,Satkhira Range,True,False,742250.0,2424750.0,89.344962,21.910309
G_05006,108,74,1.0,Satkhira Range,True,False,742750.0,2424750.0,89.349799,21.91024
G_05007,108,75,1.0,Satkhira Range,True,False,743250.0,2424750.0,89.354636,21.91017
G_05008,108,76,0.38876960537879685,Satkhira Range,True,False,743750.0,2424750.0,89.359473,21.910101
G_05009,109,9,0.930414756157275,Satkhira Range,True,False,710250.0,2424250.0,89.035301,21.909917
G_05010,109,10,1.0,Satkhira Range,True,False,710750.0,2424250.0,89.040139,21.909858
G_05011,109,11,1.0,Satkhira Range,True,False,711250.0,2424250.0,89.044976,21.909797
G_05012,109,12,1.0,Satkhira Range,True,False,711750.0,2424250.0,89.049814,21.909737
G_05013,109,13,1.0,Satkhira Range,True,False,712250.0,2424250.0,89.054652,21.909677
G_05014,109,14,0.3312063232116936,Satkhira Range,True,False,712750.0,2424250.0,89.05949,21.909616
G_05015,109,18,0.15740727577439806,Satkhira Range,True,False,714750.0,2424250.0,89.078841,21.909373
G_05016,109,19,1.0,Satkhira Range,True,False,715250.0,2424250.0,89.083678,21.909312
G_05017,109,20,1.0,Satkhira Range,True,False,715750.0,2424250.0,89.088516,21.90925
G_05018,109,21,1.0,Satkhira Range,True,False,716250.0,2424250.0,89.093354,21.909189
G_05019,109,22,1.0,Satkhira Range,True,False,716750.0,2424250.0,89.098191,21.909127
G_05020,109,23,1.0,Satkhira Range,True,False,717250.0,2424250.0,89.103029,21.909065
G_05021,109,24,1.0,Satkhira Range,True,False,717750.0,2424250.0,89.107867,21.909003
G_05022,109,25,1.0,Satkhira Range,True,False,718250.0,2424250.0,89.112704,21.908941
G_05023,109,26,1.0,Satkhira Range,True,False,718750.0,2424250.0,89.117542,21.908879
G_05024,109,27,1.0,Satkhira Range,True,False,719250.0,2424250.0,89.122379,21.908817
G_05025,109,28,1.0,Satkhira Range,True,False,719750.0,2424250.0,89.127217,21.908754
G_05026,109,29,1.0,Satkhira Range,True,False,720250.0,2424250.0,89.132055,21.908692
G_05027,109,30,1.0,Satkhira Range,True,False,720750.0,2424250.0,89.136892,21.908629
G_05028,109,31,1.0,Satkhira Range,True,False,721250.0,2424250.0,89.14173,21.908566
G_05029,109,32,1.0,Satkhira Range,True,False,721750.0,2424250.0,89.146567,21.908503
G_05030,109,33,1.0,Satkhira Range,True,False,722250.0,2424250.0,89.151404,21.90844
G_05031,109,34,1.0,Satkhira Range,True,False,722750.0,2424250.0,89.156242,21.908376
G_05032,109,35,1.0,Satkhira Range,True,False,723250.0,2424250.0,89.161079,21.908313
G_05033,109,36,1.0,Satkhira Range,True,False,723750.0,2424250.0,89.165917,21.908249
G_05034,109,37,1.0,Satkhira Range,True,False,724250.0,2424250.0,89.170754,21.908186
G_05035,109,38,1.0,Satkhira Range,True,False,724750.0,2424250.0,89.175592,21.908122
G_05036,109,39,1.0,Satkhira Range,True,False,725250.0,2424250.0,89.180429,21.908058
G_05037,109,40,1.0,Satkhira Range,True,False,725750.0,2424250.0,89.185266,21.907993
G_05038,109,41,1.0,Satkhira Range,True,False,726250.0,2424250.0,89.190104,21.907929
G_05039,109,42,1.0,Satkhira Range,True,False,726750.0,2424250.0,89.194941,21.907865
G_05040,109,43,0.504026778994399,Satkhira Range,True,False,727250.0,2424250.0,89.199778,21.9078
G_05041,109,46,0.6988862407537515,Satkhira Range,True,False,728750.0,2424250.0,89.21429,21.907605
G_05042,109,47,1.0,Satkhira Range,True,False,729250.0,2424250.0,89.219127,21.90754
G_05043,109,48,1.0,Satkhira Range,True,False,729750.0,2424250.0,89.223964,21.907475
G_05044,109,49,1.0,Satkhira Range,True,False,730250.0,2424250.0,89.228801,21.907409
G_05045,109,50,1.0,Satkhira Range,True,False,730750.0,2424250.0,89.233639,21.907344
G_05046,109,51,1.0,Satkhira Range,True,False,731250.0,2424250.0,89.238476,21.907278
G_05047,109,52,1.0,Satkhira Range,True,False,731750.0,2424250.0,89.243313,21.907212
G_05048,109,53,1.0,Satkhira Range,True,False,732250.0,2424250.0,89.24815,21.907146
G_05049,109,54,0.9731313724677465,Satkhira Range,True,False,732750.0,2424250.0,89.252987,21.90708
G_05050,109,55,0.6908817384027656,Satkhira Range,True,False,733250.0,2424250.0,89.257824,21.907013
G_05051,109,56,0.4252030462703342,Satkhira Range,True,False,733750.0,2424250.0,89.262661,21.906947
G_05052,109,57,0.35282339933547296,Satkhira Range,True,False,734250.0,2424250.0,89.267498,21.90688
G_05053,109,58,0.36831658737254014,Satkhira Range,True,False,734750.0,2424250.0,89.272335,21.906814
G_05054,109,59,0.3775638320153621,Satkhira Range,True,False,735250.0,2424250.0,89.277172,21.906747
G_05055,109,60,0.33241866398100195,Satkhira Range,True,False,735750.0,2424250.0,89.282009,21.90668
G_05056,109,63,0.6226455864825462,Satkhira Range,True,False,737250.0,2424250.0,89.29652,21.906478
G_05057,109,64,1.0,Satkhira Range,True,False,737750.0,2424250.0,89.301357,21.90641
G_05058,109,65,0.9993772511255944,Satkhira Range,True,False,738250.0,2424250.0,89.306194,21.906342
G_05059,109,66,0.437716185617178,Satkhira Range,True,False,738750.0,2424250.0,89.311031,21.906274
G_05060,109,67,0.9563875194151753,Satkhira Range,True,False,739250.0,2424250.0,89.315867,21.906206
G_05061,109,68,1.0,Satkhira Range,True,False,739750.0,2424250.0,89.320704,21.906138
G_05062,109,69,1.0,Satkhira Range,True,False,740250.0,2424250.0,89.325541,21.90607
G_05063,109,70,1.0,Satkhira Range,True,False,740750.0,2424250.0,89.330378,21.906001
G_05064,109,71,1.0,Satkhira Range,True,False,741250.0,2424250.0,89.335215,21.905933
G_05065,109,72,1.0,Satkhira Range,True,False,741750.0,2424250.0,89.340051,21.905864
G_05066,109,73,1.0,Satkhira Range,True,False,742250.0,2424250.0,89.344888,21.905795
G_05067,109,74,1.0,Satkhira Range,True,False,742750.0,2424250.0,89.349725,21.905726
G_05068,109,75,1.0,Satkhira Range,True,False,743250.0,2424250.0,89.354561,21.905657
G_05069,109,76,0.48280598162105565,Satkhira Range,True,False,743750.0,2424250.0,89.359398,21.905588
G_05070,110,9,0.9257117563507501,Satkhira Range,True,False,710250.0,2423750.0,89.035237,21.905403
G_05071,110,10,1.0,Satkhira Range,True,False,710750.0,2423750.0,89.040074,21.905343
G_05072,110,11,1.0,Satkhira Range,True,False,711250.0,2423750.0,89.044912,21.905283
G_05073,110,12,1.0,Satkhira Range,True,False,711750.0,2423750.0,89.04975,21.905223
G_05074,110,13,1.0,Satkhira Range,True,False,712250.0,2423750.0,89.054587,21.905162
G_05075,110,14,0.2057932844002832,Satkhira Range,True,False,712750.0,2423750.0,89.059425,21.905102
G_05076,110,18,0.24409768751475686,Satkhira Range,True,False,714750.0,2423750.0,89.078775,21.904859
G_05077,110,19,1.0,Satkhira Range,True,False,715250.0,2423750.0,89.083613,21.904797
G_05078,110,20,1.0,Satkhira Range,True,False,715750.0,2423750.0,89.08845,21.904736
G_05079,110,21,1.0,Satkhira Range,True,False,716250.0,2423750.0,89.093288,21.904675
G_05080,110,22,1.0,Satkhira Range,True,False,716750.0,2423750.0,89.098125,21.904613
G_05081,110,23,1.0,Satkhira Range,True,False,717250.0,2423750.0,89.102963,21.904551
G_05082,110,24,1.0,Satkhira Range,True,False,717750.0,2423750.0,89.1078,21.904489
G_05083,110,25,1.0,Satkhira Range,True,False,718250.0,2423750.0,89.112638,21.904427
G_05084,110,26,1.0,Satkhira Range,True,False,718750.0,2423750.0,89.117475,21.904365
G_05085,110,27,1.0,Satkhira Range,True,False,719250.0,2423750.0,89.122313,21.904303
G_05086,110,28,1.0,Satkhira Range,True,False,719750.0,2423750.0,89.12715,21.90424
G_05087,110,29,1.0,Satkhira Range,True,False,720250.0,2423750.0,89.131987,21.904178
G_05088,110,30,1.0,Satkhira Range,True,False,720750.0,2423750.0,89.136825,21.904115
G_05089,110,31,1.0,Satkhira Range,True,False,721250.0,2423750.0,89.141662,21.904052
G_05090,110,32,1.0,Satkhira Range,True,False,721750.0,2423750.0,89.146499,21.903989
G_05091,110,33,1.0,Satkhira Range,True,False,722250.0,2423750.0,89.151337,21.903926
G_05092,110,34,1.0,Satkhira Range,True,False,722750.0,2423750.0,89.156174,21.903862
G_05093,110,35,1.0,Satkhira Range,True,False,723250.0,2423750.0,89.161011,21.903799
G_05094,110,36,1.0,Satkhira Range,True,False,723750.0,2423750.0,89.165848,21.903735
G_05095,110,37,1.0,Satkhira Range,True,False,724250.0,2423750.0,89.170686,21.903671
G_05096,110,38,1.0,Satkhira Range,True,False,724750.0,2423750.0,89.175523,21.903608
G_05097,110,39,1.0,Satkhira Range,True,False,725250.0,2423750.0,89.18036,21.903544
G_05098,110,40,1.0,Satkhira Range,True,False,725750.0,2423750.0,89.185197,21.903479
G_05099,110,41,1.0,Satkhira Range,True,False,726250.0,2423750.0,89.190035,21.903415
G_05100,110,42,0.9886842912756371,Satkhira Range,True,False,726750.0,2423750.0,89.194872,21.903351
G_05101,110,43,0.13111706414677202,Satkhira Range,True,False,727250.0,2423750.0,89.199709,21.903286
G_05102,110,46,0.9344761459910768,Satkhira Range,True,False,728750.0,2423750.0,89.21422,21.903091
G_05103,110,47,1.0,Satkhira Range,True,False,729250.0,2423750.0,89.219057,21.903026
G_05104,110,48,1.0,Satkhira Range,True,False,729750.0,2423750.0,89.223894,21.902961
G_05105,110,49,1.0,Satkhira Range,True,False,730250.0,2423750.0,89.228731,21.902895
G_05106,110,50,1.0,Satkhira Range,True,False,730750.0,2423750.0,89.233568,21.90283
G_05107,110,51,1.0,Satkhira Range,True,False,731250.0,2423750.0,89.238405,21.902764
G_05108,110,52,1.0,Satkhira Range,True,False,731750.0,2423750.0,89.243242,21.902698
G_05109,110,53,1.0,Satkhira Range,True,False,732250.0,2423750.0,89.248079,21.902632
G_05110,110,54,1.0,Satkhira Range,True,False,732750.0,2423750.0,89.252916,21.902566
G_05111,110,55,1.0,Satkhira Range,True,False,733250.0,2423750.0,89.257753,21.9025
G_05112,110,56,1.0,Satkhira Range,True,False,733750.0,2423750.0,89.26259,21.902433
G_05113,110,57,1.0,Satkhira Range,True,False,734250.0,2423750.0,89.267427,21.902366
G_05114,110,58,1.0,Satkhira Range,True,False,734750.0,2423750.0,89.272264,21.9023
G_05115,110,59,1.0,Satkhira Range,True,False,735250.0,2423750.0,89.2771,21.902233
G_05116,110,60,0.8589501909946392,Satkhira Range,True,False,735750.0,2423750.0,89.281937,21.902166
G_05117,110,63,0.5687153538406093,Satkhira Range,True,False,737250.0,2423750.0,89.296448,21.901964
G_05118,110,64,1.0,Satkhira Range,True,False,737750.0,2423750.0,89.301284,21.901896
G_05119,110,65,0.649620481220718,Satkhira Range,True,False,738250.0,2423750.0,89.306121,21.901829
G_05120,110,66,0.7363792036145134,Satkhira Range,True,False,738750.0,2423750.0,89.310958,21.901761
G_05121,110,67,1.0,Satkhira Range,True,False,739250.0,2423750.0,89.315794,21.901693
G_05122,110,68,1.0,Satkhira Range,True,False,739750.0,2423750.0,89.320631,21.901625
G_05123,110,69,1.0,Satkhira Range,True,False,740250.0,2423750.0,89.325468,21.901556
G_05124,110,70,1.0,Satkhira Range,True,False,740750.0,2423750.0,89.330304,21.901488
G_05125,110,71,1.0,Satkhira Range,True,False,741250.0,2423750.0,89.335141,21.901419
G_05126,110,72,1.0,Satkhira Range,True,False,741750.0,2423750.0,89.339978,21.90135
G_05127,110,73,1.0,Satkhira Range,True,False,742250.0,2423750.0,89.344814,21.901282
G_05128,110,74,1.0,Satkhira Range,True,False,742750.0,2423750.0,89.349651,21.901213
G_05129,110,75,1.0,Satkhira Range,True,False,743250.0,2423750.0,89.354487,21.901143
G_05130,110,76,0.56880390447833,Satkhira Range,True,False,743750.0,2423750.0,89.359324,21.901074
G_05131,111,9,0.9026853480353949,Satkhira Range,True,False,710250.0,2423250.0,89.035172,21.900889
G_05132,111,10,1.0,Satkhira Range,True,False,710750.0,2423250.0,89.04001,21.900829
G_05133,111,11,1.0,Satkhira Range,True,False,711250.0,2423250.0,89.044847,21.900769
G_05134,111,12,1.0,Satkhira Range,True,False,711750.0,2423250.0,89.049685,21.900708
G_05135,111,13,1.0,Satkhira Range,True,False,712250.0,2423250.0,89.054522,21.900648
G_05136,111,14,0.14662079397659625,Satkhira Range,True,False,712750.0,2423250.0,89.05936,21.900588
G_05137,111,19,0.8351387522991569,Satkhira Range,True,False,715250.0,2423250.0,89.083547,21.900283
G_05138,111,20,1.0,Satkhira Range,True,False,715750.0,2423250.0,89.088384,21.900222
G_05139,111,21,1.0,Satkhira Range,True,False,716250.0,2423250.0,89.093222,21.90016
G_05140,111,22,1.0,Satkhira Range,True,False,716750.0,2423250.0,89.098059,21.900099
G_05141,111,23,1.0,Satkhira Range,True,False,717250.0,2423250.0,89.102897,21.900037
G_05142,111,24,1.0,Satkhira Range,True,False,717750.0,2423250.0,89.107734,21.899975
G_05143,111,25,1.0,Satkhira Range,True,False,718250.0,2423250.0,89.112571,21.899913
G_05144,111,26,1.0,Satkhira Range,True,False,718750.0,2423250.0,89.117408,21.899851
G_05145,111,27,1.0,Satkhira Range,True,False,719250.0,2423250.0,89.122246,21.899788
G_05146,111,28,1.0,Satkhira Range,True,False,719750.0,2423250.0,89.127083,21.899726
G_05147,111,29,1.0,Satkhira Range,True,False,720250.0,2423250.0,89.13192,21.899663
G_05148,111,30,1.0,Satkhira Range,True,False,720750.0,2423250.0,89.136757,21.899601
G_05149,111,31,1.0,Satkhira Range,True,False,721250.0,2423250.0,89.141595,21.899538
G_05150,111,32,1.0,Satkhira Range,True,False,721750.0,2423250.0,89.146432,21.899475
G_05151,111,33,1.0,Satkhira Range,True,False,722250.0,2423250.0,89.151269,21.899411
G_05152,111,34,1.0,Satkhira Range,True,False,722750.0,2423250.0,89.156106,21.899348
G_05153,111,35,1.0,Satkhira Range,True,False,723250.0,2423250.0,89.160943,21.899285
G_05154,111,36,1.0,Satkhira Range,True,False,723750.0,2423250.0,89.16578,21.899221
G_05155,111,37,1.0,Satkhira Range,True,False,724250.0,2423250.0,89.170617,21.899157
G_05156,111,38,1.0,Satkhira Range,True,False,724750.0,2423250.0,89.175454,21.899093
G_05157,111,39,1.0,Satkhira Range,True,False,725250.0,2423250.0,89.180291,21.899029
G_05158,111,40,1.0,Satkhira Range,True,False,725750.0,2423250.0,89.185128,21.898965
G_05159,111,41,1.0,Satkhira Range,True,False,726250.0,2423250.0,89.189966,21.898901
G_05160,111,42,0.6741611057073879,Satkhira Range,True,False,726750.0,2423250.0,89.194803,21.898837
G_05161,111,45,0.510989413413482,Satkhira Range,True,False,728250.0,2423250.0,89.209313,21.898642
G_05162,111,46,1.0,Satkhira Range,True,False,728750.0,2423250.0,89.21415,21.898577
G_05163,111,47,1.0,Satkhira Range,True,False,729250.0,2423250.0,89.218987,21.898512
G_05164,111,48,1.0,Satkhira Range,True,False,729750.0,2423250.0,89.223824,21.898447
G_05165,111,49,1.0,Satkhira Range,True,False,730250.0,2423250.0,89.228661,21.898381
G_05166,111,50,1.0,Satkhira Range,True,False,730750.0,2423250.0,89.233498,21.898316
G_05167,111,51,1.0,Satkhira Range,True,False,731250.0,2423250.0,89.238335,21.89825
G_05168,111,52,1.0,Satkhira Range,True,False,731750.0,2423250.0,89.243171,21.898184
G_05169,111,53,1.0,Satkhira Range,True,False,732250.0,2423250.0,89.248008,21.898118
G_05170,111,54,1.0,Satkhira Range,True,False,732750.0,2423250.0,89.252845,21.898052
G_05171,111,55,1.0,Satkhira Range,True,False,733250.0,2423250.0,89.257682,21.897986
G_05172,111,56,1.0,Satkhira Range,True,False,733750.0,2423250.0,89.262519,21.897919
G_05173,111,57,1.0,Satkhira Range,True,False,734250.0,2423250.0,89.267355,21.897853
G_05174,111,58,1.0,Satkhira Range,True,False,734750.0,2423250.0,89.272192,21.897786
G_05175,111,59,0.999884375259593,Satkhira Range,True,False,735250.0,2423250.0,89.277029,21.897719
G_05176,111,60,0.311244401101429,Satkhira Range,True,False,735750.0,2423250.0,89.281865,21.897652
G_05177,111,63,0.7898924747232257,Satkhira Range,True,False,737250.0,2423250.0,89.296375,21.89745
G_05178,111,64,0.8441703999572148,Satkhira Range,True,False,737750.0,2423250.0,89.301212,21.897383
G_05179,111,65,0.5341727484628648,Satkhira Range,True,False,738250.0,2423250.0,89.306048,21.897315
G_05180,111,66,1.0,Satkhira Range,True,False,738750.0,2423250.0,89.310885,21.897247
G_05181,111,67,1.0,Satkhira Range,True,False,739250.0,2423250.0,89.315722,21.897179
G_05182,111,68,1.0,Satkhira Range,True,False,739750.0,2423250.0,89.320558,21.897111
G_05183,111,69,1.0,Satkhira Range,True,False,740250.0,2423250.0,89.325395,21.897043
G_05184,111,70,1.0,Satkhira Range,True,False,740750.0,2423250.0,89.330231,21.896974
G_05185,111,71,1.0,Satkhira Range,True,False,741250.0,2423250.0,89.335067,21.896906
G_05186,111,72,1.0,Satkhira Range,True,False,741750.0,2423250.0,89.339904,21.896837
G_05187,111,73,1.0,Satkhira Range,True,False,742250.0,2423250.0,89.34474,21.896768
G_05188,111,74,0.9904121655788708,Satkhira Range,True,False,742750.0,2423250.0,89.349577,21.896699
G_05189,111,75,0.6779400834636644,Satkhira Range,True,False,743250.0,2423250.0,89.354413,21.89663
G_05190,111,76,0.12351415291648093,Satkhira Range,True,False,743750.0,2423250.0,89.35925,21.896561
G_05191,112,9,0.8104680371143761,Satkhira Range,True,False,710250.0,2422750.0,89.035108,21.896374
G_05192,112,10,1.0,Satkhira Range,True,False,710750.0,2422750.0,89.039946,21.896314
G_05193,112,11,1.0,Satkhira Range,True,False,711250.0,2422750.0,89.044783,21.896254
G_05194,112,12,1.0,Satkhira Range,True,False,711750.0,2422750.0,89.04962,21.896194
G_05195,112,13,1.0,Satkhira Range,True,False,712250.0,2422750.0,89.054458,21.896134
G_05196,112,14,0.14944627410009378,Satkhira Range,True,False,712750.0,2422750.0,89.059295,21.896073
G_05197,112,19,0.1247189975514635,Satkhira Range,True,False,715250.0,2422750.0,89.083481,21.895769
G_05198,112,20,0.8497105727791325,Satkhira Range,True,False,715750.0,2422750.0,89.088319,21.895707
G_05199,112,21,1.0,Satkhira Range,True,False,716250.0,2422750.0,89.093156,21.895646
G_05200,112,22,1.0,Satkhira Range,True,False,716750.0,2422750.0,89.097993,21.895584
G_05201,112,23,1.0,Satkhira Range,True,False,717250.0,2422750.0,89.10283,21.895523
G_05202,112,24,1.0,Satkhira Range,True,False,717750.0,2422750.0,89.107667,21.895461
G_05203,112,25,1.0,Satkhira Range,True,False,718250.0,2422750.0,89.112505,21.895399
G_05204,112,26,1.0,Satkhira Range,True,False,718750.0,2422750.0,89.117342,21.895337
G_05205,112,27,1.0,Satkhira Range,True,False,719250.0,2422750.0,89.122179,21.895274
G_05206,112,28,1.0,Satkhira Range,True,False,719750.0,2422750.0,89.127016,21.895212
G_05207,112,29,1.0,Satkhira Range,True,False,720250.0,2422750.0,89.131853,21.895149
G_05208,112,30,1.0,Satkhira Range,True,False,720750.0,2422750.0,89.13669,21.895086
G_05209,112,31,1.0,Satkhira Range,True,False,721250.0,2422750.0,89.141527,21.895024
G_05210,112,32,1.0,Satkhira Range,True,False,721750.0,2422750.0,89.146364,21.894961
G_05211,112,33,1.0,Satkhira Range,True,False,722250.0,2422750.0,89.151201,21.894897
G_05212,112,34,1.0,Satkhira Range,True,False,722750.0,2422750.0,89.156038,21.894834
G_05213,112,35,1.0,Satkhira Range,True,False,723250.0,2422750.0,89.160875,21.894771
G_05214,112,36,1.0,Satkhira Range,True,False,723750.0,2422750.0,89.165712,21.894707
G_05215,112,37,1.0,Satkhira Range,True,False,724250.0,2422750.0,89.170549,21.894643
G_05216,112,38,1.0,Satkhira Range,True,False,724750.0,2422750.0,89.175386,21.894579
G_05217,112,39,1.0,Satkhira Range,True,False,725250.0,2422750.0,89.180223,21.894515
G_05218,112,40,1.0,Satkhira Range,True,False,725750.0,2422750.0,89.18506,21.894451
G_05219,112,41,1.0,Satkhira Range,True,False,726250.0,2422750.0,89.189897,21.894387
G_05220,112,42,0.20883854282601227,Satkhira Range,True,False,726750.0,2422750.0,89.194733,21.894323
G_05221,112,44,0.18674207245075053,Satkhira Range,True,False,727750.0,2422750.0,89.204407,21.894193
G_05222,112,45,0.9784112708973193,Satkhira Range,True,False,728250.0,2422750.0,89.209244,21.894128
G_05223,112,46,1.0,Satkhira Range,True,False,728750.0,2422750.0,89.214081,21.894063
G_05224,112,47,1.0,Satkhira Range,True,False,729250.0,2422750.0,89.218917,21.893998
G_05225,112,48,1.0,Satkhira Range,True,False,729750.0,2422750.0,89.223754,21.893933
G_05226,112,49,1.0,Satkhira Range,True,False,730250.0,2422750.0,89.228591,21.893867
G_05227,112,50,1.0,Satkhira Range,True,False,730750.0,2422750.0,89.233427,21.893802
G_05228,112,51,1.0,Satkhira Range,True,False,731250.0,2422750.0,89.238264,21.893736
G_05229,112,52,1.0,Satkhira Range,True,False,731750.0,2422750.0,89.243101,21.89367
G_05230,112,53,1.0,Satkhira Range,True,False,732250.0,2422750.0,89.247937,21.893604
G_05231,112,54,1.0,Satkhira Range,True,False,732750.0,2422750.0,89.252774,21.893538
G_05232,112,55,1.0,Satkhira Range,True,False,733250.0,2422750.0,89.257611,21.893472
G_05233,112,56,1.0,Satkhira Range,True,False,733750.0,2422750.0,89.262447,21.893405
G_05234,112,57,1.0,Satkhira Range,True,False,734250.0,2422750.0,89.267284,21.893339
G_05235,112,58,1.0,Satkhira Range,True,False,734750.0,2422750.0,89.27212,21.893272
G_05236,112,59,0.5684315640679495,Satkhira Range,True,False,735250.0,2422750.0,89.276957,21.893205
G_05237,112,62,0.1820041319110942,Satkhira Range,True,False,736750.0,2422750.0,89.291466,21.893004
G_05238,112,63,0.9330030514118872,Satkhira Range,True,False,737250.0,2422750.0,89.296303,21.892937
G_05239,112,64,0.39850980602961417,Satkhira Range,True,False,737750.0,2422750.0,89.301139,21.892869
G_05240,112,65,0.983793236455266,Satkhira Range,True,False,738250.0,2422750.0,89.305976,21.892801
G_05241,112,66,1.0,Satkhira Range,True,False,738750.0,2422750.0,89.310812,21.892733
G_05242,112,67,1.0,Satkhira Range,True,False,739250.0,2422750.0,89.315649,21.892665
G_05243,112,68,1.0,Satkhira Range,True,False,739750.0,2422750.0,89.320485,21.892597
G_05244,112,69,1.0,Satkhira Range,True,False,740250.0,2422750.0,89.325321,21.892529
G_05245,112,70,1.0,Satkhira Range,True,False,740750.0,2422750.0,89.330158,21.892461
G_05246,112,71,1.0,Satkhira Range,True,False,741250.0,2422750.0,89.334994,21.892392
G_05247,112,72,0.8362561996188405,Satkhira Range,True,False,741750.0,2422750.0,89.33983,21.892323
G_05248,112,73,0.44094033175191605,Satkhira Range,True,False,742250.0,2422750.0,89.344667,21.892255
G_05249,112,74,0.11117591927576592,Satkhira Range,True,False,742750.0,2422750.0,89.349503,21.892186
G_05250,113,9,0.17476323251855955,Satkhira Range,True,False,710250.0,2422250.0,89.035044,21.89186
G_05251,113,10,0.8656201809757667,Satkhira Range,True,False,710750.0,2422250.0,89.039881,21.8918
G_05252,113,11,1.0,Satkhira Range,True,False,711250.0,2422250.0,89.044719,21.89174
G_05253,113,12,1.0,Satkhira Range,True,False,711750.0,2422250.0,89.049556,21.891679
G_05254,113,13,1.0,Satkhira Range,True,False,712250.0,2422250.0,89.054393,21.891619
G_05255,113,14,0.3729665967227164,Satkhira Range,True,False,712750.0,2422250.0,89.05923,21.891559
G_05256,113,20,0.12097708784658324,Satkhira Range,True,False,715750.0,2422250.0,89.088253,21.891193
G_05257,113,21,0.9293416886152507,Satkhira Range,True,False,716250.0,2422250.0,89.09309,21.891132
G_05258,113,22,1.0,Satkhira Range,True,False,716750.0,2422250.0,89.097927,21.89107
G_05259,113,23,1.0,Satkhira Range,True,False,717250.0,2422250.0,89.102764,21.891008
G_05260,113,24,1.0,Satkhira Range,True,False,717750.0,2422250.0,89.107601,21.890946
G_05261,113,25,1.0,Satkhira Range,True,False,718250.0,2422250.0,89.112438,21.890884
G_05262,113,26,1.0,Satkhira Range,True,False,718750.0,2422250.0,89.117275,21.890822
G_05263,113,27,0.9518269077707578,Satkhira Range,True,False,719250.0,2422250.0,89.122112,21.89076
G_05264,113,28,0.8018117690419259,Satkhira Range,True,False,719750.0,2422250.0,89.126949,21.890698
G_05265,113,29,1.0,Satkhira Range,True,False,720250.0,2422250.0,89.131786,21.890635
G_05266,113,30,1.0,Satkhira Range,True,False,720750.0,2422250.0,89.136623,21.890572
G_05267,113,31,1.0,Satkhira Range,True,False,721250.0,2422250.0,89.14146,21.890509
G_05268,113,32,1.0,Satkhira Range,True,False,721750.0,2422250.0,89.146297,21.890446
G_05269,113,33,1.0,Satkhira Range,True,False,722250.0,2422250.0,89.151133,21.890383
G_05270,113,34,1.0,Satkhira Range,True,False,722750.0,2422250.0,89.15597,21.89032
G_05271,113,35,1.0,Satkhira Range,True,False,723250.0,2422250.0,89.160807,21.890256
G_05272,113,36,1.0,Satkhira Range,True,False,723750.0,2422250.0,89.165644,21.890193
G_05273,113,37,1.0,Satkhira Range,True,False,724250.0,2422250.0,89.170481,21.890129
G_05274,113,38,1.0,Satkhira Range,True,False,724750.0,2422250.0,89.175317,21.890065
G_05275,113,39,1.0,Satkhira Range,True,False,725250.0,2422250.0,89.180154,21.890001
G_05276,113,40,1.0,Satkhira Range,True,False,725750.0,2422250.0,89.184991,21.889937
G_05277,113,41,0.8458922606510625,Satkhira Range,True,False,726250.0,2422250.0,89.189828,21.889873
G_05278,113,44,0.7693669696726765,Satkhira Range,True,False,727750.0,2422250.0,89.204338,21.889679
G_05279,113,45,1.0,Satkhira Range,True,False,728250.0,2422250.0,89.209174,21.889614
G_05280,113,46,1.0,Satkhira Range,True,False,728750.0,2422250.0,89.214011,21.889549
G_05281,113,47,1.0,Satkhira Range,True,False,729250.0,2422250.0,89.218847,21.889484
G_05282,113,48,1.0,Satkhira Range,True,False,729750.0,2422250.0,89.223684,21.889419
G_05283,113,49,0.9578961378979072,Satkhira Range,True,False,730250.0,2422250.0,89.228521,21.889354
G_05284,113,50,0.92388420033369,Satkhira Range,True,False,730750.0,2422250.0,89.233357,21.889288
G_05285,113,51,1.0,Satkhira Range,True,False,731250.0,2422250.0,89.238194,21.889222
G_05286,113,52,0.9075477646564724,Satkhira Range,True,False,731750.0,2422250.0,89.24303,21.889156
G_05287,113,53,0.7522399762996884,Satkhira Range,True,False,732250.0,2422250.0,89.247867,21.88909
G_05288,113,54,0.766312939225599,Satkhira Range,True,False,732750.0,2422250.0,89.252703,21.889024
G_05289,113,55,0.8955514875337481,Satkhira Range,True,False,733250.0,2422250.0,89.25754,21.888958
G_05290,113,56,0.9999892719273952,Satkhira Range,True,False,733750.0,2422250.0,89.262376,21.888892
G_05291,113,57,1.0,Satkhira Range,True,False,734250.0,2422250.0,89.267212,21.888825
G_05292,113,58,0.6957784884574683,Satkhira Range,True,False,734750.0,2422250.0,89.272049,21.888758
G_05293,113,62,0.7007733264585431,Satkhira Range,True,False,736750.0,2422250.0,89.291394,21.88849
G_05294,113,63,0.36934647894422384,Satkhira Range,True,False,737250.0,2422250.0,89.296231,21.888423
G_05295,113,64,0.8915660019277816,Satkhira Range,True,False,737750.0,2422250.0,89.301067,21.888355
G_05296,113,65,1.0,Satkhira Range,True,False,738250.0,2422250.0,89.305903,21.888288
G_05297,113,66,1.0,Satkhira Range,True,False,738750.0,2422250.0,89.310739,21.88822
G_05298,113,67,1.0,Satkhira Range,True,False,739250.0,2422250.0,89.315576,21.888152
G_05299,113,68,1.0,Satkhira Range,True,False,739750.0,2422250.0,89.320412,21.888084
G_05300,113,69,1.0,Satkhira Range,True,False,740250.0,2422250.0,89.325248,21.888015
G_05301,113,70,0.9650993980075332,Satkhira Range,True,False,740750.0,2422250.0,89.330084,21.887947
G_05302,113,71,0.4597436279197368,Satkhira Range,True,False,741250.0,2422250.0,89.33492,21.887878
G_05303,114,10,0.07832205114789025,Satkhira Range,True,False,710750.0,2421750.0,89.039817,21.887285
G_05304,114,11,0.7953331424195296,Satkhira Range,True,False,711250.0,2421750.0,89.044654,21.887225
G_05305,114,12,1.0,Satkhira Range,True,False,711750.0,2421750.0,89.049491,21.887165
G_05306,114,13,1.0,Satkhira Range,True,False,712250.0,2421750.0,89.054328,21.887105
G_05307,114,14,0.7230390124773465,Satkhira Range,True,False,712750.0,2421750.0,89.059165,21.887044
G_05308,114,21,0.3486680940889169,Satkhira Range,True,False,716250.0,2421750.0,89.093024,21.886617
G_05309,114,22,1.0,Satkhira Range,True,False,716750.0,2421750.0,89.097861,21.886556
G_05310,114,23,1.0,Satkhira Range,True,False,717250.0,2421750.0,89.102698,21.886494
G_05311,114,24,1.0,Satkhira Range,True,False,717750.0,2421750.0,89.107535,21.886432
G_05312,114,25,1.0,Satkhira Range,True,False,718250.0,2421750.0,89.112372,21.88637
G_05313,114,26,1.0,Satkhira Range,True,False,718750.0,2421750.0,89.117208,21.886308
G_05314,114,27,1.0,Satkhira Range,True,False,719250.0,2421750.0,89.122045,21.886246
G_05315,114,28,0.7174963114234241,Satkhira Range,True,False,719750.0,2421750.0,89.126882,21.886183
G_05316,114,29,1.0,Satkhira Range,True,False,720250.0,2421750.0,89.131719,21.886121
G_05317,114,30,1.0,Satkhira Range,True,False,720750.0,2421750.0,89.136555,21.886058
G_05318,114,31,1.0,Satkhira Range,True,False,721250.0,2421750.0,89.141392,21.885995
G_05319,114,32,1.0,Satkhira Range,True,False,721750.0,2421750.0,89.146229,21.885932
G_05320,114,33,1.0,Satkhira Range,True,False,722250.0,2421750.0,89.151066,21.885869
G_05321,114,34,1.0,Satkhira Range,True,False,722750.0,2421750.0,89.155902,21.885806
G_05322,114,35,1.0,Satkhira Range,True,False,723250.0,2421750.0,89.160739,21.885742
G_05323,114,36,1.0,Satkhira Range,True,False,723750.0,2421750.0,89.165576,21.885679
G_05324,114,37,1.0,Satkhira Range,True,False,724250.0,2421750.0,89.170412,21.885615
G_05325,114,38,1.0,Satkhira Range,True,False,724750.0,2421750.0,89.175249,21.885551
G_05326,114,39,1.0,Satkhira Range,True,False,725250.0,2421750.0,89.180085,21.885487
G_05327,114,40,1.0,Satkhira Range,True,False,725750.0,2421750.0,89.184922,21.885423
G_05328,114,41,0.3854615351635795,Satkhira Range,True,False,726250.0,2421750.0,89.189759,21.885359
G_05329,114,43,0.09078757596264352,Satkhira Range,True,False,727250.0,2421750.0,89.199432,21.88523
G_05330,114,44,0.9991140983603766,Satkhira Range,True,False,727750.0,2421750.0,89.204268,21.885165
G_05331,114,45,1.0,Satkhira Range,True,False,728250.0,2421750.0,89.209105,21.8851
G_05332,114,46,1.0,Satkhira Range,True,False,728750.0,2421750.0,89.213941,21.885035
G_05333,114,47,1.0,Satkhira Range,True,False,729250.0,2421750.0,89.218778,21.88497
G_05334,114,48,1.0,Satkhira Range,True,False,729750.0,2421750.0,89.223614,21.884905
G_05335,114,49,0.8124406326835174,Satkhira Range,True,False,730250.0,2421750.0,89.22845,21.88484
G_05336,114,50,1.0,Satkhira Range,True,False,730750.0,2421750.0,89.233287,21.884774
G_05337,114,51,0.8688130007981246,Satkhira Range,True,False,731250.0,2421750.0,89.238123,21.884708
G_05338,114,52,0.7464454852198219,Satkhira Range,True,False,731750.0,2421750.0,89.24296,21.884643
G_05339,114,53,0.9998191271219946,Satkhira Range,True,False,732250.0,2421750.0,89.247796,21.884577
G_05340,114,54,0.9798328844271891,Satkhira Range,True,False,732750.0,2421750.0,89.252632,21.884511
G_05341,114,55,0.7961024863638296,Satkhira Range,True,False,733250.0,2421750.0,89.257469,21.884444
G_05342,114,56,0.768779990070198,Satkhira Range,True,False,733750.0,2421750.0,89.262305,21.884378
G_05343,114,57,0.7375196008327428,Satkhira Range,True,False,734250.0,2421750.0,89.267141,21.884311
G_05344,114,61,0.38446307055567364,Satkhira Range,True,False,736250.0,2421750.0,89.286486,21.884044
G_05345,114,62,0.6259222448025921,Satkhira Range,True,False,736750.0,2421750.0,89.291322,21.883977
G_05346,114,63,0.7842296057096374,Satkhira Range,True,False,737250.0,2421750.0,89.296158,21.883909
G_05347,114,64,1.0,Satkhira Range,True,False,737750.0,2421750.0,89.300994,21.883842
G_05348,114,65,1.0,Satkhira Range,True,False,738250.0,2421750.0,89.305831,21.883774
G_05349,114,66,1.0,Satkhira Range,True,False,738750.0,2421750.0,89.310667,21.883706
G_05350,114,67,1.0,Satkhira Range,True,False,739250.0,2421750.0,89.315503,21.883638
G_05351,114,68,1.0,Satkhira Range,True,False,739750.0,2421750.0,89.320339,21.88357
G_05352,114,69,0.8918618969369316,Satkhira Range,True,False,740250.0,2421750.0,89.325175,21.883502
G_05353,114,70,0.16973219943530246,Satkhira Range,True,False,740750.0,2421750.0,89.330011,21.883433
G_05354,115,11,0.06978472650599725,Satkhira Range,True,False,711250.0,2421250.0,89.04459,21.882711
G_05355,115,12,0.8082210405023439,Satkhira Range,True,False,711750.0,2421250.0,89.049427,21.882651
G_05356,115,13,1.0,Satkhira Range,True,False,712250.0,2421250.0,89.054264,21.88259
G_05357,115,14,0.9894824167042873,Satkhira Range,True,False,712750.0,2421250.0,89.059101,21.88253
G_05358,115,15,0.1904539166701198,Satkhira Range,True,False,713250.0,2421250.0,89.063937,21.882469
G_05359,115,22,0.7929062546690533,Satkhira Range,True,False,716750.0,2421250.0,89.097795,21.882041
G_05360,115,23,1.0,Satkhira Range,True,False,717250.0,2421250.0,89.102632,21.88198
G_05361,115,24,1.0,Satkhira Range,True,False,717750.0,2421250.0,89.107468,21.881918
G_05362,115,25,1.0,Satkhira Range,True,False,718250.0,2421250.0,89.112305,21.881856
G_05363,115,26,1.0,Satkhira Range,True,False,718750.0,2421250.0,89.117142,21.881794
G_05364,115,27,0.7222898305255795,Satkhira Range,True,False,719250.0,2421250.0,89.121978,21.881732
G_05365,115,28,0.9051184375657448,Satkhira Range,True,False,719750.0,2421250.0,89.126815,21.881669
G_05366,115,29,1.0,Satkhira Range,True,False,720250.0,2421250.0,89.131652,21.881607
G_05367,115,30,1.0,Satkhira Range,True,False,720750.0,2421250.0,89.136488,21.881544
G_05368,115,31,1.0,Satkhira Range,True,False,721250.0,2421250.0,89.141325,21.881481
G_05369,115,32,0.9860907209589165,Satkhira Range,True,False,721750.0,2421250.0,89.146161,21.881418
G_05370,115,33,1.0,Satkhira Range,True,False,722250.0,2421250.0,89.150998,21.881355
G_05371,115,34,1.0,Satkhira Range,True,False,722750.0,2421250.0,89.155834,21.881292
G_05372,115,35,1.0,Satkhira Range,True,False,723250.0,2421250.0,89.160671,21.881228
G_05373,115,36,1.0,Satkhira Range,True,False,723750.0,2421250.0,89.165507,21.881165
G_05374,115,37,1.0,Satkhira Range,True,False,724250.0,2421250.0,89.170344,21.881101
G_05375,115,38,1.0,Satkhira Range,True,False,724750.0,2421250.0,89.17518,21.881037
G_05376,115,39,1.0,Satkhira Range,True,False,725250.0,2421250.0,89.180017,21.880973
G_05377,115,40,0.963165177704931,Satkhira Range,True,False,725750.0,2421250.0,89.184853,21.880909
G_05378,115,43,0.18657182539791614,Satkhira Range,True,False,727250.0,2421250.0,89.199362,21.880716
G_05379,115,44,1.0,Satkhira Range,True,False,727750.0,2421250.0,89.204199,21.880651
G_05380,115,45,1.0,Satkhira Range,True,False,728250.0,2421250.0,89.209035,21.880586
G_05381,115,46,1.0,Satkhira Range,True,False,728750.0,2421250.0,89.213871,21.880521
G_05382,115,47,1.0,Satkhira Range,True,False,729250.0,2421250.0,89.218708,21.880456
G_05383,115,48,1.0,Satkhira Range,True,False,729750.0,2421250.0,89.223544,21.880391
G_05384,115,49,0.8234042772796336,Satkhira Range,True,False,730250.0,2421250.0,89.22838,21.880326
G_05385,115,50,0.8794518839700461,Satkhira Range,True,False,730750.0,2421250.0,89.233217,21.88026
G_05386,115,51,0.6981740526840546,Satkhira Range,True,False,731250.0,2421250.0,89.238053,21.880195
G_05387,115,52,1.0,Satkhira Range,True,False,731750.0,2421250.0,89.242889,21.880129
G_05388,115,53,1.0,Satkhira Range,True,False,732250.0,2421250.0,89.247725,21.880063
G_05389,115,54,1.0,Satkhira Range,True,False,732750.0,2421250.0,89.252561,21.879997
G_05390,115,55,1.0,Satkhira Range,True,False,733250.0,2421250.0,89.257398,21.87993
G_05391,115,56,1.0,Satkhira Range,True,False,733750.0,2421250.0,89.262234,21.879864
G_05392,115,57,0.8063762740556718,Satkhira Range,True,False,734250.0,2421250.0,89.26707,21.879798
G_05393,115,60,0.38028304174532157,Satkhira Range,True,False,735750.0,2421250.0,89.281578,21.879597
G_05394,115,61,0.9827380747122278,Satkhira Range,True,False,736250.0,2421250.0,89.286414,21.87953
G_05395,115,62,0.6427078114730536,Satkhira Range,True,False,736750.0,2421250.0,89.29125,21.879463
G_05396,115,63,1.0,Satkhira Range,True,False,737250.0,2421250.0,89.296086,21.879395
G_05397,115,64,1.0,Satkhira Range,True,False,737750.0,2421250.0,89.300922,21.879328
G_05398,115,65,1.0,Satkhira Range,True,False,738250.0,2421250.0,89.305758,21.87926
G_05399,115,66,1.0,Satkhira Range,True,False,738750.0,2421250.0,89.310594,21.879192
G_05400,115,67,1.0,Satkhira Range,True,False,739250.0,2421250.0,89.31543,21.879125
G_05401,115,68,0.9426419127383492,Satkhira Range,True,False,739750.0,2421250.0,89.320266,21.879056
G_05402,115,69,0.15793842671058622,Satkhira Range,True,False,740250.0,2421250.0,89.325102,21.878988
G_05403,116,13,0.8239217984634409,Satkhira Range,True,False,712250.0,2420750.0,89.054199,21.878076
G_05404,116,14,1.0,Satkhira Range,True,False,712750.0,2420750.0,89.059036,21.878015
G_05405,116,15,0.7861884927583156,Satkhira Range,True,False,713250.0,2420750.0,89.063872,21.877955
G_05406,116,22,0.3685806584359862,Satkhira Range,True,False,716750.0,2420750.0,89.097729,21.877527
G_05407,116,23,1.0,Satkhira Range,True,False,717250.0,2420750.0,89.102565,21.877465
G_05408,116,24,1.0,Satkhira Range,True,False,717750.0,2420750.0,89.107402,21.877404
G_05409,116,25,1.0,Satkhira Range,True,False,718250.0,2420750.0,89.112239,21.877342
G_05410,116,26,0.9281640742073621,Satkhira Range,True,False,718750.0,2420750.0,89.117075,21.87728
G_05411,116,27,0.7654286715483257,Satkhira Range,True,False,719250.0,2420750.0,89.121912,21.877217
G_05412,116,28,1.0,Satkhira Range,True,False,719750.0,2420750.0,89.126748,21.877155
G_05413,116,29,1.0,Satkhira Range,True,False,720250.0,2420750.0,89.131585,21.877092
G_05414,116,30,1.0,Satkhira Range,True,False,720750.0,2420750.0,89.136421,21.87703
G_05415,116,31,0.9088770833124136,Satkhira Range,True,False,721250.0,2420750.0,89.141257,21.876967
G_05416,116,32,0.7051197141487278,Satkhira Range,True,False,721750.0,2420750.0,89.146094,21.876904
G_05417,116,33,0.9536504083207282,Satkhira Range,True,False,722250.0,2420750.0,89.15093,21.876841
G_05418,116,34,1.0,Satkhira Range,True,False,722750.0,2420750.0,89.155767,21.876778
G_05419,116,35,1.0,Satkhira Range,True,False,723250.0,2420750.0,89.160603,21.876714
G_05420,116,36,1.0,Satkhira Range,True,False,723750.0,2420750.0,89.165439,21.876651
G_05421,116,37,1.0,Satkhira Range,True,False,724250.0,2420750.0,89.170276,21.876587
G_05422,116,38,1.0,Satkhira Range,True,False,724750.0,2420750.0,89.175112,21.876523
G_05423,116,39,1.0,Satkhira Range,True,False,725250.0,2420750.0,89.179948,21.876459
G_05424,116,40,0.6927114692158541,Satkhira Range,True,False,725750.0,2420750.0,89.184785,21.876395
G_05425,116,43,0.28180064324583,Satkhira Range,True,False,727250.0,2420750.0,89.199293,21.876202
G_05426,116,44,1.0,Satkhira Range,True,False,727750.0,2420750.0,89.204129,21.876137
G_05427,116,45,1.0,Satkhira Range,True,False,728250.0,2420750.0,89.208966,21.876072
G_05428,116,46,1.0,Satkhira Range,True,False,728750.0,2420750.0,89.213802,21.876008
G_05429,116,47,1.0,Satkhira Range,True,False,729250.0,2420750.0,89.218638,21.875942
G_05430,116,48,1.0,Satkhira Range,True,False,729750.0,2420750.0,89.223474,21.875877
G_05431,116,49,0.9315555309029248,Satkhira Range,True,False,730250.0,2420750.0,89.22831,21.875812
G_05432,116,50,0.8487534349323458,Satkhira Range,True,False,730750.0,2420750.0,89.233146,21.875746
G_05433,116,51,1.0,Satkhira Range,True,False,731250.0,2420750.0,89.237982,21.875681
G_05434,116,52,1.0,Satkhira Range,True,False,731750.0,2420750.0,89.242818,21.875615
G_05435,116,53,1.0,Satkhira Range,True,False,732250.0,2420750.0,89.247654,21.875549
G_05436,116,54,1.0,Satkhira Range,True,False,732750.0,2420750.0,89.25249,21.875483
G_05437,116,55,1.0,Satkhira Range,True,False,733250.0,2420750.0,89.257326,21.875417
G_05438,116,56,1.0,Satkhira Range,True,False,733750.0,2420750.0,89.262162,21.87535
G_05439,116,57,0.6745967730913992,Satkhira Range,True,False,734250.0,2420750.0,89.266998,21.875284
G_05440,116,59,0.16387981074947786,Satkhira Range,True,False,735250.0,2420750.0,89.27667,21.87515
G_05441,116,60,0.995916339160952,Satkhira Range,True,False,735750.0,2420750.0,89.281506,21.875083
G_05442,116,61,1.0,Satkhira Range,True,False,736250.0,2420750.0,89.286342,21.875016
G_05443,116,62,0.7655774304838482,Satkhira Range,True,False,736750.0,2420750.0,89.291178,21.874949
G_05444,116,63,0.41234320135293545,Satkhira Range,True,False,737250.0,2420750.0,89.296014,21.874882
G_05445,116,64,0.5438927487708407,Satkhira Range,True,False,737750.0,2420750.0,89.30085,21.874814
G_05446,116,65,0.8866079925407212,Satkhira Range,True,False,738250.0,2420750.0,89.305685,21.874747
G_05447,116,66,1.0,Satkhira Range,True,False,738750.0,2420750.0,89.310521,21.874679
G_05448,116,67,0.9986425703013012,Satkhira Range,True,False,739250.0,2420750.0,89.315357,21.874611
G_05449,116,68,0.3394567940248572,Satkhira Range,True,False,739750.0,2420750.0,89.320193,21.874543
G_05450,117,13,0.3813774917684186,Satkhira Range,True,False,712250.0,2420250.0,89.054134,21.873561
G_05451,117,14,1.0,Satkhira Range,True,False,712750.0,2420250.0,89.058971,21.873501
G_05452,117,15,1.0,Satkhira Range,True,False,713250.0,2420250.0,89.063808,21.873441
G_05453,117,16,0.3984294143381295,Satkhira Range,True,False,713750.0,2420250.0,89.068644,21.87338
G_05454,117,22,0.07631465057924289,Satkhira Range,True,False,716750.0,2420250.0,89.097663,21.873013
G_05455,117,23,0.989849656106229,Satkhira Range,True,False,717250.0,2420250.0,89.102499,21.872951
G_05456,117,24,1.0,Satkhira Range,True,False,717750.0,2420250.0,89.107336,21.872889
G_05457,117,25,1.0,Satkhira Range,True,False,718250.0,2420250.0,89.112172,21.872827
G_05458,117,26,0.9732216854421245,Satkhira Range,True,False,718750.0,2420250.0,89.117008,21.872765
G_05459,117,27,0.671118419335158,Satkhira Range,True,False,719250.0,2420250.0,89.121845,21.872703
G_05460,117,28,1.0,Satkhira Range,True,False,719750.0,2420250.0,89.126681,21.872641
G_05461,117,29,1.0,Satkhira Range,True,False,720250.0,2420250.0,89.131517,21.872578
G_05462,117,30,1.0,Satkhira Range,True,False,720750.0,2420250.0,89.136354,21.872515
G_05463,117,31,0.9098966555950969,Satkhira Range,True,False,721250.0,2420250.0,89.14119,21.872453
G_05464,117,32,0.9152354560566207,Satkhira Range,True,False,721750.0,2420250.0,89.146026,21.87239
G_05465,117,33,0.8566975015838412,Satkhira Range,True,False,722250.0,2420250.0,89.150863,21.872327
G_05466,117,34,0.724730475371009,Satkhira Range,True,False,722750.0,2420250.0,89.155699,21.872263
G_05467,117,35,1.0,Satkhira Range,True,False,723250.0,2420250.0,89.160535,21.8722
G_05468,117,36,1.0,Satkhira Range,True,False,723750.0,2420250.0,89.165371,21.872136
G_05469,117,37,1.0,Satkhira Range,True,False,724250.0,2420250.0,89.170207,21.872073
G_05470,117,38,1.0,Satkhira Range,True,False,724750.0,2420250.0,89.175044,21.872009
G_05471,117,39,1.0,Satkhira Range,True,False,725250.0,2420250.0,89.17988,21.871945
G_05472,117,40,0.4663660115967146,Satkhira Range,True,False,725750.0,2420250.0,89.184716,21.871881
G_05473,117,43,0.36284366516003586,Satkhira Range,True,False,727250.0,2420250.0,89.199224,21.871688
G_05474,117,44,1.0,Satkhira Range,True,False,727750.0,2420250.0,89.20406,21.871623
G_05475,117,45,1.0,Satkhira Range,True,False,728250.0,2420250.0,89.208896,21.871558
G_05476,117,46,1.0,Satkhira Range,True,False,728750.0,2420250.0,89.213732,21.871494
G_05477,117,47,1.0,Satkhira Range,True,False,729250.0,2420250.0,89.218568,21.871428
G_05478,117,48,1.0,Satkhira Range,True,False,729750.0,2420250.0,89.223404,21.871363
G_05479,117,49,1.0,Satkhira Range,True,False,730250.0,2420250.0,89.22824,21.871298
G_05480,117,50,1.0,Satkhira Range,True,False,730750.0,2420250.0,89.233076,21.871232
G_05481,117,51,1.0,Satkhira Range,True,False,731250.0,2420250.0,89.237912,21.871167
G_05482,117,52,1.0,Satkhira Range,True,False,731750.0,2420250.0,89.242748,21.871101
G_05483,117,53,1.0,Satkhira Range,True,False,732250.0,2420250.0,89.247584,21.871035
G_05484,117,54,1.0,Satkhira Range,True,False,732750.0,2420250.0,89.25242,21.870969
G_05485,117,55,1.0,Satkhira Range,True,False,733250.0,2420250.0,89.257255,21.870903
G_05486,117,56,1.0,Satkhira Range,True,False,733750.0,2420250.0,89.262091,21.870836
G_05487,117,57,0.6057299753400953,Satkhira Range,True,False,734250.0,2420250.0,89.266927,21.87077
G_05488,117,60,0.8164675104351692,Satkhira Range,True,False,735750.0,2420250.0,89.281434,21.87057
G_05489,117,61,1.0,Satkhira Range,True,False,736250.0,2420250.0,89.28627,21.870503
G_05490,117,62,1.0,Satkhira Range,True,False,736750.0,2420250.0,89.291106,21.870435
G_05491,117,63,0.9998892559341654,Satkhira Range,True,False,737250.0,2420250.0,89.295942,21.870368
G_05492,117,64,0.8857720356061143,Satkhira Range,True,False,737750.0,2420250.0,89.300777,21.870301
G_05493,117,65,0.5089185369884484,Satkhira Range,True,False,738250.0,2420250.0,89.305613,21.870233
G_05494,117,66,0.9954175825644336,Satkhira Range,True,False,738750.0,2420250.0,89.310449,21.870165
G_05495,117,67,0.6214485278361944,Satkhira Range,True,False,739250.0,2420250.0,89.315284,21.870097
G_05496,118,13,0.07411185334371381,Satkhira Range,True,False,712250.0,2419750.0,89.05407,21.869047
G_05497,118,14,0.987848477992125,Satkhira Range,True,False,712750.0,2419750.0,89.058906,21.868987
G_05498,118,15,1.0,Satkhira Range,True,False,713250.0,2419750.0,89.063743,21.868926
G_05499,118,16,0.9708116795171302,Satkhira Range,True,False,713750.0,2419750.0,89.068579,21.868865
G_05500,118,17,0.22080468955373858,Satkhira Range,True,False,714250.0,2419750.0,89.073415,21.868805
G_05501,118,23,0.8069827869752759,Satkhira Range,True,False,717250.0,2419750.0,89.102433,21.868437
G_05502,118,24,1.0,Satkhira Range,True,False,717750.0,2419750.0,89.107269,21.868375
G_05503,118,25,1.0,Satkhira Range,True,False,718250.0,2419750.0,89.112106,21.868313
G_05504,118,26,1.0,Satkhira Range,True,False,718750.0,2419750.0,89.116942,21.868251
G_05505,118,27,0.5957171619378143,Satkhira Range,True,False,719250.0,2419750.0,89.121778,21.868189
G_05506,118,28,0.9589154633954872,Satkhira Range,True,False,719750.0,2419750.0,89.126614,21.868126
G_05507,118,29,1.0,Satkhira Range,True,False,720250.0,2419750.0,89.13145,21.868064
G_05508,118,30,1.0,Satkhira Range,True,False,720750.0,2419750.0,89.136287,21.868001
G_05509,118,31,1.0,Satkhira Range,True,False,721250.0,2419750.0,89.141123,21.867938
G_05510,118,32,1.0,Satkhira Range,True,False,721750.0,2419750.0,89.145959,21.867876
G_05511,118,33,0.7432582890377415,Satkhira Range,True,False,722250.0,2419750.0,89.150795,21.867812
G_05512,118,34,0.8729055947108646,Satkhira Range,True,False,722750.0,2419750.0,89.155631,21.867749
G_05513,118,35,1.0,Satkhira Range,True,False,723250.0,2419750.0,89.160467,21.867686
G_05514,118,36,1.0,Satkhira Range,True,False,723750.0,2419750.0,89.165303,21.867622
G_05515,118,37,1.0,Satkhira Range,True,False,724250.0,2419750.0,89.170139,21.867559
G_05516,118,38,1.0,Satkhira Range,True,False,724750.0,2419750.0,89.174975,21.867495
G_05517,118,39,1.0,Satkhira Range,True,False,725250.0,2419750.0,89.179811,21.867431
G_05518,118,40,0.34214454208798417,Satkhira Range,True,False,725750.0,2419750.0,89.184647,21.867367
G_05519,118,43,0.36039776136912594,Satkhira Range,True,False,727250.0,2419750.0,89.199155,21.867174
G_05520,118,44,1.0,Satkhira Range,True,False,727750.0,2419750.0,89.203991,21.867109
G_05521,118,45,1.0,Satkhira Range,True,False,728250.0,2419750.0,89.208827,21.867044
G_05522,118,46,1.0,Satkhira Range,True,False,728750.0,2419750.0,89.213663,21.86698
G_05523,118,47,1.0,Satkhira Range,True,False,729250.0,2419750.0,89.218498,21.866915
G_05524,118,48,1.0,Satkhira Range,True,False,729750.0,2419750.0,89.223334,21.866849
G_05525,118,49,1.0,Satkhira Range,True,False,730250.0,2419750.0,89.22817,21.866784
G_05526,118,50,1.0,Satkhira Range,True,False,730750.0,2419750.0,89.233006,21.866718
G_05527,118,51,0.9924997546973723,Satkhira Range,True,False,731250.0,2419750.0,89.237842,21.866653
G_05528,118,52,0.8025367830618662,Satkhira Range,True,False,731750.0,2419750.0,89.242677,21.866587
G_05529,118,53,0.9293842184536257,Satkhira Range,True,False,732250.0,2419750.0,89.247513,21.866521
G_05530,118,54,1.0,Satkhira Range,True,False,732750.0,2419750.0,89.252349,21.866455
G_05531,118,55,1.0,Satkhira Range,True,False,733250.0,2419750.0,89.257184,21.866389
G_05532,118,56,1.0,Satkhira Range,True,False,733750.0,2419750.0,89.26202,21.866323
G_05533,118,57,0.8380126797358065,Satkhira Range,True,False,734250.0,2419750.0,89.266856,21.866256
G_05534,118,60,0.3868992680355167,Satkhira Range,True,False,735750.0,2419750.0,89.281363,21.866056
G_05535,118,61,1.0,Satkhira Range,True,False,736250.0,2419750.0,89.286198,21.865989
G_05536,118,62,1.0,Satkhira Range,True,False,736750.0,2419750.0,89.291034,21.865922
G_05537,118,63,1.0,Satkhira Range,True,False,737250.0,2419750.0,89.295869,21.865854
G_05538,118,64,0.8857323697110171,Satkhira Range,True,False,737750.0,2419750.0,89.300705,21.865787
G_05539,118,65,0.42693306312615803,Satkhira Range,True,False,738250.0,2419750.0,89.30554,21.865719
G_05540,118,66,0.8411032776079823,Satkhira Range,True,False,738750.0,2419750.0,89.310376,21.865651
G_05541,119,14,0.717598660595769,Satkhira Range,True,False,712750.0,2419250.0,89.058841,21.864472
G_05542,119,15,1.0,Satkhira Range,True,False,713250.0,2419250.0,89.063678,21.864412
G_05543,119,16,1.0,Satkhira Range,True,False,713750.0,2419250.0,89.068514,21.864351
G_05544,119,17,0.9203404158750819,Satkhira Range,True,False,714250.0,2419250.0,89.07335,21.86429
G_05545,119,18,0.1507976208285642,Satkhira Range,True,False,714750.0,2419250.0,89.078186,21.864229
G_05546,119,23,0.5984948812458968,Satkhira Range,True,False,717250.0,2419250.0,89.102367,21.863923
G_05547,119,24,1.0,Satkhira Range,True,False,717750.0,2419250.0,89.107203,21.863861
G_05548,119,25,1.0,Satkhira Range,True,False,718250.0,2419250.0,89.112039,21.863799
G_05549,119,26,1.0,Satkhira Range,True,False,718750.0,2419250.0,89.116875,21.863737
G_05550,119,27,0.957253689111466,Satkhira Range,True,False,719250.0,2419250.0,89.121711,21.863675
G_05551,119,28,0.6088601443801839,Satkhira Range,True,False,719750.0,2419250.0,89.126547,21.863612
G_05552,119,29,1.0,Satkhira Range,True,False,720250.0,2419250.0,89.131383,21.86355
G_05553,119,30,1.0,Satkhira Range,True,False,720750.0,2419250.0,89.136219,21.863487
G_05554,119,31,1.0,Satkhira Range,True,False,721250.0,2419250.0,89.141055,21.863424
G_05555,119,32,1.0,Satkhira Range,True,False,721750.0,2419250.0,89.145891,21.863361
G_05556,119,33,0.7651789002241289,Satkhira Range,True,False,722250.0,2419250.0,89.150727,21.863298
G_05557,119,34,0.7511537943172425,Satkhira Range,True,False,722750.0,2419250.0,89.155563,21.863235
G_05558,119,35,0.7588925339996976,Satkhira Range,True,False,723250.0,2419250.0,89.160399,21.863172
G_05559,119,36,0.885125685486421,Satkhira Range,True,False,723750.0,2419250.0,89.165235,21.863108
G_05560,119,37,1.0,Satkhira Range,True,False,724250.0,2419250.0,89.170071,21.863045
G_05561,119,38,1.0,Satkhira Range,True,False,724750.0,2419250.0,89.174907,21.862981
G_05562,119,39,1.0,Satkhira Range,True,False,725250.0,2419250.0,89.179743,21.862917
G_05563,119,40,0.22987802771402,Satkhira Range,True,False,725750.0,2419250.0,89.184578,21.862853
G_05564,119,43,0.3068559873121068,Satkhira Range,True,False,727250.0,2419250.0,89.199086,21.86266
G_05565,119,44,1.0,Satkhira Range,True,False,727750.0,2419250.0,89.203921,21.862595
G_05566,119,45,1.0,Satkhira Range,True,False,728250.0,2419250.0,89.208757,21.862531
G_05567,119,46,1.0,Satkhira Range,True,False,728750.0,2419250.0,89.213593,21.862466
G_05568,119,47,1.0,Satkhira Range,True,False,729250.0,2419250.0,89.218429,21.862401
G_05569,119,48,1.0,Satkhira Range,True,False,729750.0,2419250.0,89.223264,21.862335
G_05570,119,49,1.0,Satkhira Range,True,False,730250.0,2419250.0,89.2281,21.86227
G_05571,119,50,1.0,Satkhira Range,True,False,730750.0,2419250.0,89.232936,21.862205
G_05572,119,51,1.0,Satkhira Range,True,False,731250.0,2419250.0,89.237771,21.862139
G_05573,119,52,1.0,Satkhira Range,True,False,731750.0,2419250.0,89.242607,21.862073
G_05574,119,53,0.7391325090862472,Satkhira Range,True,False,732250.0,2419250.0,89.247442,21.862007
G_05575,119,54,0.9157725159264837,Satkhira Range,True,False,732750.0,2419250.0,89.252278,21.861941
G_05576,119,55,0.8036460315885796,Satkhira Range,True,False,733250.0,2419250.0,89.257113,21.861875
G_05577,119,56,1.0,Satkhira Range,True,False,733750.0,2419250.0,89.261949,21.861809
G_05578,119,57,1.0,Satkhira Range,True,False,734250.0,2419250.0,89.266785,21.861742
G_05579,119,58,0.3534969632040429,Satkhira Range,True,False,734750.0,2419250.0,89.27162,21.861676
G_05580,119,60,0.1151749924894689,Satkhira Range,True,False,735750.0,2419250.0,89.281291,21.861542
G_05581,119,61,0.9996945112801979,Satkhira Range,True,False,736250.0,2419250.0,89.286126,21.861475
G_05582,119,62,1.0,Satkhira Range,True,False,736750.0,2419250.0,89.290962,21.861408
G_05583,119,63,0.9649651341964824,Satkhira Range,True,False,737250.0,2419250.0,89.295797,21.861341
G_05584,119,64,0.4015835666779085,Satkhira Range,True,False,737750.0,2419250.0,89.300633,21.861273
G_05585,119,65,0.957208571073184,Satkhira Range,True,False,738250.0,2419250.0,89.305468,21.861206
G_05586,119,66,0.2268023019352951,Satkhira Range,True,False,738750.0,2419250.0,89.310303,21.861138
G_05587,120,14,0.3766239567228244,Satkhira Range,True,False,712750.0,2418750.0,89.058777,21.859958
G_05588,120,15,1.0,Satkhira Range,True,False,713250.0,2418750.0,89.063613,21.859897
G_05589,120,16,1.0,Satkhira Range,True,False,713750.0,2418750.0,89.068449,21.859837
G_05590,120,17,1.0,Satkhira Range,True,False,714250.0,2418750.0,89.073285,21.859776
G_05591,120,18,0.9158771606003127,Satkhira Range,True,False,714750.0,2418750.0,89.078121,21.859715
G_05592,120,19,0.18793749556841147,Satkhira Range,True,False,715250.0,2418750.0,89.082957,21.859654
G_05593,120,23,0.48269175067975495,Satkhira Range,True,False,717250.0,2418750.0,89.102301,21.859408
G_05594,120,24,1.0,Satkhira Range,True,False,717750.0,2418750.0,89.107137,21.859346
G_05595,120,25,1.0,Satkhira Range,True,False,718250.0,2418750.0,89.111973,21.859285
G_05596,120,26,1.0,Satkhira Range,True,False,718750.0,2418750.0,89.116809,21.859222
G_05597,120,27,1.0,Satkhira Range,True,False,719250.0,2418750.0,89.121645,21.85916
G_05598,120,28,0.6537594180607458,Satkhira Range,True,False,719750.0,2418750.0,89.126481,21.859098
G_05599,120,29,0.8877990476964325,Satkhira Range,True,False,720250.0,2418750.0,89.131316,21.859035
G_05600,120,30,1.0,Satkhira Range,True,False,720750.0,2418750.0,89.136152,21.858973
G_05601,120,31,1.0,Satkhira Range,True,False,721250.0,2418750.0,89.140988,21.85891
G_05602,120,32,1.0,Satkhira Range,True,False,721750.0,2418750.0,89.145824,21.858847
G_05603,120,33,0.8659239472384959,Satkhira Range,True,False,722250.0,2418750.0,89.15066,21.858784
G_05604,120,34,0.8777529988290249,Satkhira Range,True,False,722750.0,2418750.0,89.155495,21.858721
G_05605,120,35,1.0,Satkhira Range,True,False,723250.0,2418750.0,89.160331,21.858658
G_05606,120,36,0.812864157576534,Satkhira Range,True,False,723750.0,2418750.0,89.165167,21.858594
G_05607,120,37,1.0,Satkhira Range,True,False,724250.0,2418750.0,89.170003,21.858531
G_05608,120,38,1.0,Satkhira Range,True,False,724750.0,2418750.0,89.174838,21.858467
G_05609,120,39,1.0,Satkhira Range,True,False,725250.0,2418750.0,89.179674,21.858403
G_05610,120,40,0.18609611641119236,Satkhira Range,True,False,725750.0,2418750.0,89.18451,21.858339
G_05611,120,43,0.32553720221978005,Satkhira Range,True,False,727250.0,2418750.0,89.199017,21.858146
G_05612,120,44,1.0,Satkhira Range,True,False,727750.0,2418750.0,89.203852,21.858081
G_05613,120,45,1.0,Satkhira Range,True,False,728250.0,2418750.0,89.208688,21.858017
G_05614,120,46,1.0,Satkhira Range,True,False,728750.0,2418750.0,89.213523,21.857952
G_05615,120,47,1.0,Satkhira Range,True,False,729250.0,2418750.0,89.218359,21.857887
G_05616,120,48,1.0,Satkhira Range,True,False,729750.0,2418750.0,89.223194,21.857821
G_05617,120,49,1.0,Satkhira Range,True,False,730250.0,2418750.0,89.22803,21.857756
G_05618,120,50,1.0,Satkhira Range,True,False,730750.0,2418750.0,89.232865,21.857691
G_05619,120,51,1.0,Satkhira Range,True,False,731250.0,2418750.0,89.237701,21.857625
G_05620,120,52,1.0,Satkhira Range,True,False,731750.0,2418750.0,89.242536,21.857559
G_05621,120,53,0.9822339845399466,Satkhira Range,True,False,732250.0,2418750.0,89.247372,21.857493
G_05622,120,54,0.7786474498799535,Satkhira Range,True,False,732750.0,2418750.0,89.252207,21.857427
G_05623,120,55,0.7999110748846462,Satkhira Range,True,False,733250.0,2418750.0,89.257043,21.857361
G_05624,120,56,1.0,Satkhira Range,True,False,733750.0,2418750.0,89.261878,21.857295
G_05625,120,57,1.0,Satkhira Range,True,False,734250.0,2418750.0,89.266713,21.857229
G_05626,120,58,0.8278926714654479,Satkhira Range,True,False,734750.0,2418750.0,89.271549,21.857162
G_05627,120,61,0.899724658113263,Satkhira Range,True,False,736250.0,2418750.0,89.286054,21.856961
G_05628,120,62,1.0,Satkhira Range,True,False,736750.0,2418750.0,89.29089,21.856894
G_05629,120,63,0.5698256375027995,Satkhira Range,True,False,737250.0,2418750.0,89.295725,21.856827
G_05630,120,64,0.8659704623305805,Satkhira Range,True,False,737750.0,2418750.0,89.30056,21.856759
G_05631,120,65,0.6871093144440834,Satkhira Range,True,False,738250.0,2418750.0,89.305395,21.856692
G_05632,121,14,0.1709068653477718,Satkhira Range,True,False,712750.0,2418250.0,89.058712,21.855443
G_05633,121,15,1.0,Satkhira Range,True,False,713250.0,2418250.0,89.063548,21.855383
G_05634,121,16,1.0,Satkhira Range,True,False,713750.0,2418250.0,89.068384,21.855322
G_05635,121,17,1.0,Satkhira Range,True,False,714250.0,2418250.0,89.07322,21.855261
G_05636,121,18,1.0,Satkhira Range,True,False,714750.0,2418250.0,89.078056,21.855201
G_05637,121,19,0.5735802738359672,Satkhira Range,True,False,715250.0,2418250.0,89.082892,21.85514
G_05638,121,23,0.30260205771807,Satkhira Range,True,False,717250.0,2418250.0,89.102235,21.854894
G_05639,121,24,1.0,Satkhira Range,True,False,717750.0,2418250.0,89.107071,21.854832
G_05640,121,25,1.0,Satkhira Range,True,False,718250.0,2418250.0,89.111906,21.85477
G_05641,121,26,1.0,Satkhira Range,True,False,718750.0,2418250.0,89.116742,21.854708
G_05642,121,27,1.0,Satkhira Range,True,False,719250.0,2418250.0,89.121578,21.854646
G_05643,121,28,0.9858919460219223,Satkhira Range,True,False,719750.0,2418250.0,89.126414,21.854584
G_05644,121,29,0.6708458279216633,Satkhira Range,True,False,720250.0,2418250.0,89.131249,21.854521
G_05645,121,30,1.0,Satkhira Range,True,False,720750.0,2418250.0,89.136085,21.854459
G_05646,121,31,1.0,Satkhira Range,True,False,721250.0,2418250.0,89.140921,21.854396
G_05647,121,32,1.0,Satkhira Range,True,False,721750.0,2418250.0,89.145756,21.854333
G_05648,121,33,1.0,Satkhira Range,True,False,722250.0,2418250.0,89.150592,21.85427
G_05649,121,34,1.0,Satkhira Range,True,False,722750.0,2418250.0,89.155428,21.854207
G_05650,121,35,0.9944884538629436,Satkhira Range,True,False,723250.0,2418250.0,89.160263,21.854143
G_05651,121,36,0.7195409858016019,Satkhira Range,True,False,723750.0,2418250.0,89.165099,21.85408
G_05652,121,37,1.0,Satkhira Range,True,False,724250.0,2418250.0,89.169934,21.854016
G_05653,121,38,1.0,Satkhira Range,True,False,724750.0,2418250.0,89.17477,21.853953
G_05654,121,39,1.0,Satkhira Range,True,False,725250.0,2418250.0,89.179605,21.853889
G_05655,121,40,0.2452837717866102,Satkhira Range,True,False,725750.0,2418250.0,89.184441,21.853825
G_05656,121,43,0.35473161458750313,Satkhira Range,True,False,727250.0,2418250.0,89.198947,21.853632
G_05657,121,44,1.0,Satkhira Range,True,False,727750.0,2418250.0,89.203783,21.853567
G_05658,121,45,1.0,Satkhira Range,True,False,728250.0,2418250.0,89.208618,21.853503
G_05659,121,46,1.0,Satkhira Range,True,False,728750.0,2418250.0,89.213454,21.853438
G_05660,121,47,1.0,Satkhira Range,True,False,729250.0,2418250.0,89.218289,21.853373
G_05661,121,48,1.0,Satkhira Range,True,False,729750.0,2418250.0,89.223124,21.853307
G_05662,121,49,1.0,Satkhira Range,True,False,730250.0,2418250.0,89.22796,21.853242
G_05663,121,50,1.0,Satkhira Range,True,False,730750.0,2418250.0,89.232795,21.853177
G_05664,121,51,1.0,Satkhira Range,True,False,731250.0,2418250.0,89.23763,21.853111
G_05665,121,52,1.0,Satkhira Range,True,False,731750.0,2418250.0,89.242466,21.853045
G_05666,121,53,1.0,Satkhira Range,True,False,732250.0,2418250.0,89.247301,21.85298
G_05667,121,54,0.9752764167005222,Satkhira Range,True,False,732750.0,2418250.0,89.252136,21.852914
G_05668,121,55,0.6880933324412462,Satkhira Range,True,False,733250.0,2418250.0,89.256972,21.852847
G_05669,121,56,1.0,Satkhira Range,True,False,733750.0,2418250.0,89.261807,21.852781
G_05670,121,57,1.0,Satkhira Range,True,False,734250.0,2418250.0,89.266642,21.852715
G_05671,121,58,0.9249069493437756,Satkhira Range,True,False,734750.0,2418250.0,89.271477,21.852648
G_05672,121,61,0.7734001958480444,Satkhira Range,True,False,736250.0,2418250.0,89.285983,21.852448
G_05673,121,62,1.0,Satkhira Range,True,False,736750.0,2418250.0,89.290818,21.85238
G_05674,121,63,0.45348626339550047,Satkhira Range,True,False,737250.0,2418250.0,89.295653,21.852313
G_05675,121,64,1.0,Satkhira Range,True,False,737750.0,2418250.0,89.300488,21.852246
G_05676,121,65,0.2861669203168137,Satkhira Range,True,False,738250.0,2418250.0,89.305323,21.852178
G_05677,122,14,0.09015917152604883,Satkhira Range,True,False,712750.0,2417750.0,89.058647,21.850929
G_05678,122,15,1.0,Satkhira Range,True,False,713250.0,2417750.0,89.063483,21.850868
G_05679,122,16,1.0,Satkhira Range,True,False,713750.0,2417750.0,89.068319,21.850808
G_05680,122,17,1.0,Satkhira Range,True,False,714250.0,2417750.0,89.073155,21.850747
G_05681,122,18,1.0,Satkhira Range,True,False,714750.0,2417750.0,89.07799,21.850686
G_05682,122,19,0.41152078156185723,Satkhira Range,True,False,715250.0,2417750.0,89.082826,21.850625
G_05683,122,23,0.0856773741372402,Satkhira Range,True,False,717250.0,2417750.0,89.102169,21.85038
G_05684,122,24,0.9990581866134904,Satkhira Range,True,False,717750.0,2417750.0,89.107004,21.850318
G_05685,122,25,1.0,Satkhira Range,True,False,718250.0,2417750.0,89.11184,21.850256
G_05686,122,26,1.0,Satkhira Range,True,False,718750.0,2417750.0,89.116676,21.850194
G_05687,122,27,1.0,Satkhira Range,True,False,719250.0,2417750.0,89.121511,21.850132
G_05688,122,28,0.9999891676267708,Satkhira Range,True,False,719750.0,2417750.0,89.126347,21.850069
G_05689,122,29,0.6246079562244463,Satkhira Range,True,False,720250.0,2417750.0,89.131182,21.850007
G_05690,122,30,1.0,Satkhira Range,True,False,720750.0,2417750.0,89.136018,21.849944
G_05691,122,31,1.0,Satkhira Range,True,False,721250.0,2417750.0,89.140853,21.849882
G_05692,122,32,1.0,Satkhira Range,True,False,721750.0,2417750.0,89.145689,21.849819
G_05693,122,33,1.0,Satkhira Range,True,False,722250.0,2417750.0,89.150524,21.849756
G_05694,122,34,1.0,Satkhira Range,True,False,722750.0,2417750.0,89.15536,21.849693
G_05695,122,35,0.9424238697384587,Satkhira Range,True,False,723250.0,2417750.0,89.160195,21.849629
G_05696,122,36,0.6694471343028424,Satkhira Range,True,False,723750.0,2417750.0,89.165031,21.849566
G_05697,122,37,0.670403765924999,Satkhira Range,True,False,724250.0,2417750.0,89.169866,21.849502
G_05698,122,38,0.9943692776311407,Satkhira Range,True,False,724750.0,2417750.0,89.174702,21.849439
G_05699,122,39,1.0,Satkhira Range,True,False,725250.0,2417750.0,89.179537,21.849375
G_05700,122,40,0.3484758815584902,Satkhira Range,True,False,725750.0,2417750.0,89.184372,21.849311
G_05701,122,43,0.4226031797543274,Satkhira Range,True,False,727250.0,2417750.0,89.198878,21.849118
G_05702,122,44,1.0,Satkhira Range,True,False,727750.0,2417750.0,89.203714,21.849053
G_05703,122,45,1.0,Satkhira Range,True,False,728250.0,2417750.0,89.208549,21.848989
G_05704,122,46,1.0,Satkhira Range,True,False,728750.0,2417750.0,89.213384,21.848924
G_05705,122,47,1.0,Satkhira Range,True,False,729250.0,2417750.0,89.218219,21.848859
G_05706,122,48,1.0,Satkhira Range,True,False,729750.0,2417750.0,89.223055,21.848794
G_05707,122,49,1.0,Satkhira Range,True,False,730250.0,2417750.0,89.22789,21.848728
G_05708,122,50,1.0,Satkhira Range,True,False,730750.0,2417750.0,89.232725,21.848663
G_05709,122,51,1.0,Satkhira Range,True,False,731250.0,2417750.0,89.23756,21.848597
G_05710,122,52,1.0,Satkhira Range,True,False,731750.0,2417750.0,89.242395,21.848532
G_05711,122,53,1.0,Satkhira Range,True,False,732250.0,2417750.0,89.24723,21.848466
G_05712,122,54,1.0,Satkhira Range,True,False,732750.0,2417750.0,89.252066,21.8484
G_05713,122,55,0.8143820192400262,Satkhira Range,True,False,733250.0,2417750.0,89.256901,21.848334
G_05714,122,56,1.0,Satkhira Range,True,False,733750.0,2417750.0,89.261736,21.848267
G_05715,122,57,1.0,Satkhira Range,True,False,734250.0,2417750.0,89.266571,21.848201
G_05716,122,58,0.6840805204695634,Satkhira Range,True,False,734750.0,2417750.0,89.271406,21.848134
G_05717,122,61,0.7310245192981981,Satkhira Range,True,False,736250.0,2417750.0,89.285911,21.847934
G_05718,122,62,1.0,Satkhira Range,True,False,736750.0,2417750.0,89.290746,21.847867
G_05719,122,63,0.4640218923070147,Satkhira Range,True,False,737250.0,2417750.0,89.295581,21.847799
G_05720,122,64,0.9350144523910705,Satkhira Range,True,False,737750.0,2417750.0,89.300416,21.847732
G_05721,123,14,0.06581643700651658,Satkhira Range,True,False,712750.0,2417250.0,89.058583,21.846414
G_05722,123,15,1.0,Satkhira Range,True,False,713250.0,2417250.0,89.063418,21.846354
G_05723,123,16,1.0,Satkhira Range,True,False,713750.0,2417250.0,89.068254,21.846293
G_05724,123,17,1.0,Satkhira Range,True,False,714250.0,2417250.0,89.073089,21.846233
G_05725,123,18,1.0,Satkhira Range,True,False,714750.0,2417250.0,89.077925,21.846172
G_05726,123,19,0.34045101508659914,Satkhira Range,True,False,715250.0,2417250.0,89.082761,21.846111
G_05727,123,24,0.9342512962583069,Satkhira Range,True,False,717750.0,2417250.0,89.106938,21.845804
G_05728,123,25,1.0,Satkhira Range,True,False,718250.0,2417250.0,89.111774,21.845742
G_05729,123,26,0.7962750112229833,Satkhira Range,True,False,718750.0,2417250.0,89.116609,21.84568
G_05730,123,27,0.5621157582619156,Satkhira Range,True,False,719250.0,2417250.0,89.121445,21.845618
G_05731,123,28,0.7132512285463278,Satkhira Range,True,False,719750.0,2417250.0,89.12628,21.845555
G_05732,123,29,0.9694437380276117,Satkhira Range,True,False,720250.0,2417250.0,89.131115,21.845493
G_05733,123,30,1.0,Satkhira Range,True,False,720750.0,2417250.0,89.135951,21.84543
G_05734,123,31,1.0,Satkhira Range,True,False,721250.0,2417250.0,89.140786,21.845367
G_05735,123,32,1.0,Satkhira Range,True,False,721750.0,2417250.0,89.145622,21.845305
G_05736,123,33,1.0,Satkhira Range,True,False,722250.0,2417250.0,89.150457,21.845242
G_05737,123,34,1.0,Satkhira Range,True,False,722750.0,2417250.0,89.155292,21.845178
G_05738,123,35,1.0,Satkhira Range,True,False,723250.0,2417250.0,89.160127,21.845115
G_05739,123,36,1.0,Satkhira Range,True,False,723750.0,2417250.0,89.164963,21.845052
G_05740,123,37,0.89224920523476,Satkhira Range,True,False,724250.0,2417250.0,89.169798,21.844988
G_05741,123,38,0.6153615845088897,Satkhira Range,True,False,724750.0,2417250.0,89.174633,21.844924
G_05742,123,39,0.9891783113639965,Satkhira Range,True,False,725250.0,2417250.0,89.179469,21.844861
G_05743,123,40,0.5099451405204578,Satkhira Range,True,False,725750.0,2417250.0,89.184304,21.844797
G_05744,123,43,0.580190244549204,Satkhira Range,True,False,727250.0,2417250.0,89.198809,21.844604
G_05745,123,44,1.0,Satkhira Range,True,False,727750.0,2417250.0,89.203644,21.844539
G_05746,123,45,1.0,Satkhira Range,True,False,728250.0,2417250.0,89.20848,21.844475
G_05747,123,46,1.0,Satkhira Range,True,False,728750.0,2417250.0,89.213315,21.84441
G_05748,123,47,1.0,Satkhira Range,True,False,729250.0,2417250.0,89.21815,21.844345
G_05749,123,48,1.0,Satkhira Range,True,False,729750.0,2417250.0,89.222985,21.84428
G_05750,123,49,1.0,Satkhira Range,True,False,730250.0,2417250.0,89.22782,21.844214
G_05751,123,50,1.0,Satkhira Range,True,False,730750.0,2417250.0,89.232655,21.844149
G_05752,123,51,1.0,Satkhira Range,True,False,731250.0,2417250.0,89.23749,21.844083
G_05753,123,52,1.0,Satkhira Range,True,False,731750.0,2417250.0,89.242325,21.844018
G_05754,123,53,1.0,Satkhira Range,True,False,732250.0,2417250.0,89.24716,21.843952
G_05755,123,54,1.0,Satkhira Range,True,False,732750.0,2417250.0,89.251995,21.843886
G_05756,123,55,0.7935024222729654,Satkhira Range,True,False,733250.0,2417250.0,89.25683,21.84382
G_05757,123,56,0.9712628637496593,Satkhira Range,True,False,733750.0,2417250.0,89.261665,21.843753
G_05758,123,57,0.7844748959327917,Satkhira Range,True,False,734250.0,2417250.0,89.2665,21.843687
G_05759,123,58,0.14816164926987965,Satkhira Range,True,False,734750.0,2417250.0,89.271334,21.843621
G_05760,123,61,0.6321663217173478,Satkhira Range,True,False,736250.0,2417250.0,89.285839,21.84342
G_05761,123,62,0.8643763007850622,Satkhira Range,True,False,736750.0,2417250.0,89.290674,21.843353
G_05762,123,63,0.5440317244855059,Satkhira Range,True,False,737250.0,2417250.0,89.295509,21.843286
G_05763,123,64,0.760369499975247,Satkhira Range,True,False,737750.0,2417250.0,89.300343,21.843218
G_05764,124,14,0.11054516791141891,Satkhira Range,True,False,712750.0,2416750.0,89.058518,21.8419
G_05765,124,15,1.0,Satkhira Range,True,False,713250.0,2416750.0,89.063353,21.84184
G_05766,124,16,1.0,Satkhira Range,True,False,713750.0,2416750.0,89.068189,21.841779
G_05767,124,17,1.0,Satkhira Range,True,False,714250.0,2416750.0,89.073024,21.841718
G_05768,124,18,1.0,Satkhira Range,True,False,714750.0,2416750.0,89.07786,21.841657
G_05769,124,19,0.20886937001901415,Satkhira Range,True,False,715250.0,2416750.0,89.082695,21.841596
G_05770,124,24,0.9892339335420187,Satkhira Range,True,False,717750.0,2416750.0,89.106872,21.841289
G_05771,124,25,0.9879499107897223,Satkhira Range,True,False,718250.0,2416750.0,89.111707,21.841227
G_05772,124,26,0.5974294934936918,Satkhira Range,True,False,718750.0,2416750.0,89.116543,21.841165
G_05773,124,27,1.0,Satkhira Range,True,False,719250.0,2416750.0,89.121378,21.841103
G_05774,124,28,1.0,Satkhira Range,True,False,719750.0,2416750.0,89.126213,21.841041
G_05775,124,29,1.0,Satkhira Range,True,False,720250.0,2416750.0,89.131048,21.840979
G_05776,124,30,1.0,Satkhira Range,True,False,720750.0,2416750.0,89.135884,21.840916
G_05777,124,31,1.0,Satkhira Range,True,False,721250.0,2416750.0,89.140719,21.840853
G_05778,124,32,1.0,Satkhira Range,True,False,721750.0,2416750.0,89.145554,21.84079
G_05779,124,33,1.0,Satkhira Range,True,False,722250.0,2416750.0,89.150389,21.840727
G_05780,124,34,1.0,Satkhira Range,True,False,722750.0,2416750.0,89.155224,21.840664
G_05781,124,35,1.0,Satkhira Range,True,False,723250.0,2416750.0,89.16006,21.840601
G_05782,124,36,1.0,Satkhira Range,True,False,723750.0,2416750.0,89.164895,21.840538
G_05783,124,37,1.0,Satkhira Range,True,False,724250.0,2416750.0,89.16973,21.840474
G_05784,124,38,0.8159990297294347,Satkhira Range,True,False,724750.0,2416750.0,89.174565,21.84041
G_05785,124,39,0.5616532914323039,Satkhira Range,True,False,725250.0,2416750.0,89.1794,21.840347
G_05786,124,40,0.5872048540061063,Satkhira Range,True,False,725750.0,2416750.0,89.184235,21.840283
G_05787,124,43,0.7601655579275759,Satkhira Range,True,False,727250.0,2416750.0,89.19874,21.84009
G_05788,124,44,1.0,Satkhira Range,True,False,727750.0,2416750.0,89.203575,21.840025
G_05789,124,45,1.0,Satkhira Range,True,False,728250.0,2416750.0,89.20841,21.839961
G_05790,124,46,1.0,Satkhira Range,True,False,728750.0,2416750.0,89.213245,21.839896
G_05791,124,47,1.0,Satkhira Range,True,False,729250.0,2416750.0,89.21808,21.839831
G_05792,124,48,1.0,Satkhira Range,True,False,729750.0,2416750.0,89.222915,21.839766
G_05793,124,49,1.0,Satkhira Range,True,False,730250.0,2416750.0,89.22775,21.8397
G_05794,124,50,1.0,Satkhira Range,True,False,730750.0,2416750.0,89.232585,21.839635
G_05795,124,51,1.0,Satkhira Range,True,False,731250.0,2416750.0,89.23742,21.839569
G_05796,124,52,1.0,Satkhira Range,True,False,731750.0,2416750.0,89.242254,21.839504
G_05797,124,53,1.0,Satkhira Range,True,False,732250.0,2416750.0,89.247089,21.839438
G_05798,124,54,1.0,Satkhira Range,True,False,732750.0,2416750.0,89.251924,21.839372
G_05799,124,55,0.7912373796199679,Satkhira Range,True,False,733250.0,2416750.0,89.256759,21.839306
G_05800,124,56,0.882315918176482,Satkhira Range,True,False,733750.0,2416750.0,89.261594,21.83924
G_05801,124,57,0.27323932350461916,Satkhira Range,True,False,734250.0,2416750.0,89.266428,21.839173
G_05802,124,61,0.14891125444651154,Satkhira Range,True,False,736250.0,2416750.0,89.285767,21.838906
G_05803,124,62,0.2334737626840448,Satkhira Range,True,False,736750.0,2416750.0,89.290602,21.838839
G_05804,124,63,0.8593996309182984,Satkhira Range,True,False,737250.0,2416750.0,89.295436,21.838772
G_05805,124,64,0.6724245283112769,Satkhira Range,True,False,737750.0,2416750.0,89.300271,21.838705
G_05806,125,14,0.20309299612583354,Satkhira Range,True,False,712750.0,2416250.0,89.058453,21.837386
G_05807,125,15,1.0,Satkhira Range,True,False,713250.0,2416250.0,89.063289,21.837325
G_05808,125,16,1.0,Satkhira Range,True,False,713750.0,2416250.0,89.068124,21.837265
G_05809,125,17,1.0,Satkhira Range,True,False,714250.0,2416250.0,89.072959,21.837204
G_05810,125,18,0.9240603050328284,Satkhira Range,True,False,714750.0,2416250.0,89.077795,21.837143
G_05811,125,23,0.11126061183409242,Satkhira Range,True,False,717250.0,2416250.0,89.101971,21.836837
G_05812,125,24,1.0,Satkhira Range,True,False,717750.0,2416250.0,89.106806,21.836775
G_05813,125,25,0.9539206292842052,Satkhira Range,True,False,718250.0,2416250.0,89.111641,21.836713
G_05814,125,26,0.5282729876368797,Satkhira Range,True,False,718750.0,2416250.0,89.116476,21.836651
G_05815,125,27,1.0,Satkhira Range,True,False,719250.0,2416250.0,89.121311,21.836589
G_05816,125,28,1.0,Satkhira Range,True,False,719750.0,2416250.0,89.126146,21.836527
G_05817,125,29,1.0,Satkhira Range,True,False,720250.0,2416250.0,89.130982,21.836464
G_05818,125,30,1.0,Satkhira Range,True,False,720750.0,2416250.0,89.135817,21.836402
G_05819,125,31,1.0,Satkhira Range,True,False,721250.0,2416250.0,89.140652,21.836339
G_05820,125,32,1.0,Satkhira Range,True,False,721750.0,2416250.0,89.145487,21.836276
G_05821,125,33,1.0,Satkhira Range,True,False,722250.0,2416250.0,89.150322,21.836213
G_05822,125,34,1.0,Satkhira Range,True,False,722750.0,2416250.0,89.155157,21.83615
G_05823,125,35,1.0,Satkhira Range,True,False,723250.0,2416250.0,89.159992,21.836087
G_05824,125,36,1.0,Satkhira Range,True,False,723750.0,2416250.0,89.164827,21.836024
G_05825,125,37,1.0,Satkhira Range,True,False,724250.0,2416250.0,89.169662,21.83596
G_05826,125,38,1.0,Satkhira Range,True,False,724750.0,2416250.0,89.174497,21.835896
G_05827,125,39,0.5363440149151435,Satkhira Range,True,False,725250.0,2416250.0,89.179332,21.835832
G_05828,125,40,0.3675324652193072,Satkhira Range,True,False,725750.0,2416250.0,89.184167,21.835768
G_05829,125,42,0.08536337120642304,Satkhira Range,True,False,726750.0,2416250.0,89.193836,21.83564
G_05830,125,43,0.9699644529276416,Satkhira Range,True,False,727250.0,2416250.0,89.198671,21.835576
G_05831,125,44,1.0,Satkhira Range,True,False,727750.0,2416250.0,89.203506,21.835511
G_05832,125,45,1.0,Satkhira Range,True,False,728250.0,2416250.0,89.208341,21.835447
G_05833,125,46,1.0,Satkhira Range,True,False,728750.0,2416250.0,89.213176,21.835382
G_05834,125,47,1.0,Satkhira Range,True,False,729250.0,2416250.0,89.21801,21.835317
G_05835,125,48,1.0,Satkhira Range,True,False,729750.0,2416250.0,89.222845,21.835252
G_05836,125,49,1.0,Satkhira Range,True,False,730250.0,2416250.0,89.22768,21.835186
G_05837,125,50,1.0,Satkhira Range,True,False,730750.0,2416250.0,89.232515,21.835121
G_05838,125,51,1.0,Satkhira Range,True,False,731250.0,2416250.0,89.237349,21.835056
G_05839,125,52,1.0,Satkhira Range,True,False,731750.0,2416250.0,89.242184,21.83499
G_05840,125,53,1.0,Satkhira Range,True,False,732250.0,2416250.0,89.247019,21.834924
G_05841,125,54,1.0,Satkhira Range,True,False,732750.0,2416250.0,89.251853,21.834858
G_05842,125,55,0.4770469921553191,Satkhira Range,True,False,733250.0,2416250.0,89.256688,21.834792
G_05843,125,56,0.3607197921494092,Satkhira Range,True,False,733750.0,2416250.0,89.261523,21.834726
G_05844,125,60,0.20815997822206217,Satkhira Range,True,False,735750.0,2416250.0,89.280861,21.834459
G_05845,125,61,0.920138908205533,Satkhira Range,True,False,736250.0,2416250.0,89.285695,21.834393
G_05846,125,62,1.0,Satkhira Range,True,False,736750.0,2416250.0,89.29053,21.834325
G_05847,125,63,1.0,Satkhira Range,True,False,737250.0,2416250.0,89.295364,21.834258
G_05848,125,64,0.6825878404812078,Satkhira Range,True,False,737750.0,2416250.0,89.300199,21.834191
G_05849,126,14,0.3923537117446478,Satkhira Range,True,False,712750.0,2415750.0,89.058389,21.832871
G_05850,126,15,1.0,Satkhira Range,True,False,713250.0,2415750.0,89.063224,21.832811
G_05851,126,16,1.0,Satkhira Range,True,False,713750.0,2415750.0,89.068059,21.83275
G_05852,126,17,1.0,Satkhira Range,True,False,714250.0,2415750.0,89.072894,21.832689
G_05853,126,18,0.5398699543361414,Satkhira Range,True,False,714750.0,2415750.0,89.077729,21.832629
G_05854,126,23,0.18641628610173744,Satkhira Range,True,False,717250.0,2415750.0,89.101905,21.832322
G_05855,126,24,1.0,Satkhira Range,True,False,717750.0,2415750.0,89.10674,21.832261
G_05856,126,25,1.0,Satkhira Range,True,False,718250.0,2415750.0,89.111575,21.832199
G_05857,126,26,0.505916372651417,Satkhira Range,True,False,718750.0,2415750.0,89.11641,21.832137
G_05858,126,27,0.9953962342439459,Satkhira Range,True,False,719250.0,2415750.0,89.121245,21.832075
G_05859,126,28,1.0,Satkhira Range,True,False,719750.0,2415750.0,89.12608,21.832012
G_05860,126,29,1.0,Satkhira Range,True,False,720250.0,2415750.0,89.130915,21.83195
G_05861,126,30,1.0,Satkhira Range,True,False,720750.0,2415750.0,89.13575,21.831888
G_05862,126,31,1.0,Satkhira Range,True,False,721250.0,2415750.0,89.140584,21.831825
G_05863,126,32,1.0,Satkhira Range,True,False,721750.0,2415750.0,89.145419,21.831762
G_05864,126,33,1.0,Satkhira Range,True,False,722250.0,2415750.0,89.150254,21.831699
G_05865,126,34,1.0,Satkhira Range,True,False,722750.0,2415750.0,89.155089,21.831636
G_05866,126,35,1.0,Satkhira Range,True,False,723250.0,2415750.0,89.159924,21.831573
G_05867,126,36,1.0,Satkhira Range,True,False,723750.0,2415750.0,89.164759,21.831509
G_05868,126,37,1.0,Satkhira Range,True,False,724250.0,2415750.0,89.169594,21.831446
G_05869,126,38,1.0,Satkhira Range,True,False,724750.0,2415750.0,89.174428,21.831382
G_05870,126,39,0.31760870652045275,Satkhira Range,True,False,725250.0,2415750.0,89.179263,21.831318
G_05871,126,42,0.3731224525807877,Satkhira Range,True,False,726750.0,2415750.0,89.193767,21.831126
G_05872,126,43,1.0,Satkhira Range,True,False,727250.0,2415750.0,89.198602,21.831062
G_05873,126,44,1.0,Satkhira Range,True,False,727750.0,2415750.0,89.203437,21.830997
G_05874,126,45,1.0,Satkhira Range,True,False,728250.0,2415750.0,89.208271,21.830933
G_05875,126,46,1.0,Satkhira Range,True,False,728750.0,2415750.0,89.213106,21.830868
G_05876,126,47,1.0,Satkhira Range,True,False,729250.0,2415750.0,89.217941,21.830803
G_05877,126,48,1.0,Satkhira Range,True,False,729750.0,2415750.0,89.222775,21.830738
G_05878,126,49,1.0,Satkhira Range,True,False,730250.0,2415750.0,89.22761,21.830672
G_05879,126,50,1.0,Satkhira Range,True,False,730750.0,2415750.0,89.232445,21.830607
G_05880,126,51,1.0,Satkhira Range,True,False,731250.0,2415750.0,89.237279,21.830542
G_05881,126,52,1.0,Satkhira Range,True,False,731750.0,2415750.0,89.242114,21.830476
G_05882,126,53,1.0,Satkhira Range,True,False,732250.0,2415750.0,89.246948,21.83041
G_05883,126,54,0.985096006231314,Satkhira Range,True,False,732750.0,2415750.0,89.251783,21.830344
G_05884,126,55,0.5035560462890986,Satkhira Range,True,False,733250.0,2415750.0,89.256617,21.830278
G_05885,126,56,1.0,Satkhira Range,True,False,733750.0,2415750.0,89.261452,21.830212
G_05886,126,57,0.7298113526223348,Satkhira Range,True,False,734250.0,2415750.0,89.266286,21.830146
G_05887,126,61,0.31271211729520737,Satkhira Range,True,False,736250.0,2415750.0,89.285624,21.829879
G_05888,126,62,0.9899233507353183,Satkhira Range,True,False,736750.0,2415750.0,89.290458,21.829812
G_05889,126,63,1.0,Satkhira Range,True,False,737250.0,2415750.0,89.295292,21.829745
G_05890,126,64,0.7785561029138653,Satkhira Range,True,False,737750.0,2415750.0,89.300127,21.829677
G_05891,127,14,0.6339403187426425,Satkhira Range,True,False,712750.0,2415250.0,89.058324,21.828357
G_05892,127,15,1.0,Satkhira Range,True,False,713250.0,2415250.0,89.063159,21.828296
G_05893,127,16,1.0,Satkhira Range,True,False,713750.0,2415250.0,89.067994,21.828236
G_05894,127,17,1.0,Satkhira Range,True,False,714250.0,2415250.0,89.072829,21.828175
G_05895,127,18,0.25217811951182945,Satkhira Range,True,False,714750.0,2415250.0,89.077664,21.828114
G_05896,127,23,0.25058918313074746,Satkhira Range,True,False,717250.0,2415250.0,89.101839,21.827808
G_05897,127,24,1.0,Satkhira Range,True,False,717750.0,2415250.0,89.106674,21.827746
G_05898,127,25,1.0,Satkhira Range,True,False,718250.0,2415250.0,89.111508,21.827685
G_05899,127,26,0.8662521697453829,Satkhira Range,True,False,718750.0,2415250.0,89.116343,21.827623
G_05900,127,27,0.7171215097086078,Satkhira Range,True,False,719250.0,2415250.0,89.121178,21.82756
G_05901,127,28,1.0,Satkhira Range,True,False,719750.0,2415250.0,89.126013,21.827498
G_05902,127,29,1.0,Satkhira Range,True,False,720250.0,2415250.0,89.130848,21.827436
G_05903,127,30,1.0,Satkhira Range,True,False,720750.0,2415250.0,89.135683,21.827373
G_05904,127,31,1.0,Satkhira Range,True,False,721250.0,2415250.0,89.140517,21.827311
G_05905,127,32,1.0,Satkhira Range,True,False,721750.0,2415250.0,89.145352,21.827248
G_05906,127,33,1.0,Satkhira Range,True,False,722250.0,2415250.0,89.150187,21.827185
G_05907,127,34,1.0,Satkhira Range,True,False,722750.0,2415250.0,89.155021,21.827122
G_05908,127,35,1.0,Satkhira Range,True,False,723250.0,2415250.0,89.159856,21.827059
G_05909,127,36,1.0,Satkhira Range,True,False,723750.0,2415250.0,89.164691,21.826995
G_05910,127,37,1.0,Satkhira Range,True,False,724250.0,2415250.0,89.169526,21.826932
G_05911,127,38,0.6803296089173857,Satkhira Range,True,False,724750.0,2415250.0,89.17436,21.826868
G_05912,127,42,0.37808732653601085,Satkhira Range,True,False,726750.0,2415250.0,89.193699,21.826612
G_05913,127,43,0.4599041788386887,Satkhira Range,True,False,727250.0,2415250.0,89.198533,21.826548
G_05914,127,44,0.4716448088059274,Satkhira Range,True,False,727750.0,2415250.0,89.203368,21.826483
G_05915,127,45,0.7953443640247317,Satkhira Range,True,False,728250.0,2415250.0,89.208202,21.826419
G_05916,127,46,0.9832314172470386,Satkhira Range,True,False,728750.0,2415250.0,89.213037,21.826354
G_05917,127,47,1.0,Satkhira Range,True,False,729250.0,2415250.0,89.217871,21.826289
G_05918,127,48,0.9951236699373792,Satkhira Range,True,False,729750.0,2415250.0,89.222706,21.826224
G_05919,127,49,0.9761185020492613,Satkhira Range,True,False,730250.0,2415250.0,89.22754,21.826159
G_05920,127,50,0.9997368195748296,Satkhira Range,True,False,730750.0,2415250.0,89.232374,21.826093
G_05921,127,51,1.0,Satkhira Range,True,False,731250.0,2415250.0,89.237209,21.826028
G_05922,127,52,1.0,Satkhira Range,True,False,731750.0,2415250.0,89.242043,21.825962
G_05923,127,53,1.0,Satkhira Range,True,False,732250.0,2415250.0,89.246878,21.825896
G_05924,127,54,0.9314936046323463,Satkhira Range,True,False,732750.0,2415250.0,89.251712,21.82583
G_05925,127,55,0.5960193595822149,Satkhira Range,True,False,733250.0,2415250.0,89.256546,21.825764
G_05926,127,56,1.0,Satkhira Range,True,False,733750.0,2415250.0,89.261381,21.825698
G_05927,127,57,0.9098997598688616,Satkhira Range,True,False,734250.0,2415250.0,89.266215,21.825632
G_05928,127,62,0.47065718662422784,Satkhira Range,True,False,736750.0,2415250.0,89.290386,21.825298
G_05929,127,63,1.0,Satkhira Range,True,False,737250.0,2415250.0,89.29522,21.825231
G_05930,127,64,0.6986008958543694,Satkhira Range,True,False,737750.0,2415250.0,89.300054,21.825163
G_05931,128,14,0.9291200155985131,Satkhira Range,True,False,712750.0,2414750.0,89.058259,21.823842
G_05932,128,15,1.0,Satkhira Range,True,False,713250.0,2414750.0,89.063094,21.823782
G_05933,128,16,1.0,Satkhira Range,True,False,713750.0,2414750.0,89.067929,21.823721
G_05934,128,17,1.0,Satkhira Range,True,False,714250.0,2414750.0,89.072764,21.823661
G_05935,128,18,0.2729124650218905,Satkhira Range,True,False,714750.0,2414750.0,89.077599,21.8236
G_05936,128,23,0.11968569704543618,Satkhira Range,True,False,717250.0,2414750.0,89.101773,21.823294
G_05937,128,24,0.5972196880102588,Satkhira Range,True,False,717750.0,2414750.0,89.106607,21.823232
G_05938,128,25,0.9993754217084672,Satkhira Range,True,False,718250.0,2414750.0,89.111442,21.82317
G_05939,128,26,0.999627623992236,Satkhira Range,True,False,718750.0,2414750.0,89.116277,21.823108
G_05940,128,27,0.6400011073093458,Satkhira Range,True,False,719250.0,2414750.0,89.121112,21.823046
G_05941,128,28,1.0,Satkhira Range,True,False,719750.0,2414750.0,89.125946,21.822984
G_05942,128,29,1.0,Satkhira Range,True,False,720250.0,2414750.0,89.130781,21.822922
G_05943,128,30,1.0,Satkhira Range,True,False,720750.0,2414750.0,89.135616,21.822859
G_05944,128,31,1.0,Satkhira Range,True,False,721250.0,2414750.0,89.14045,21.822796
G_05945,128,32,1.0,Satkhira Range,True,False,721750.0,2414750.0,89.145285,21.822734
G_05946,128,33,1.0,Satkhira Range,True,False,722250.0,2414750.0,89.150119,21.822671
G_05947,128,34,1.0,Satkhira Range,True,False,722750.0,2414750.0,89.154954,21.822608
G_05948,128,35,1.0,Satkhira Range,True,False,723250.0,2414750.0,89.159788,21.822544
G_05949,128,36,1.0,Satkhira Range,True,False,723750.0,2414750.0,89.164623,21.822481
G_05950,128,37,0.9763491769130624,Satkhira Range,True,False,724250.0,2414750.0,89.169457,21.822418
G_05951,128,38,0.08530586178633312,Satkhira Range,True,False,724750.0,2414750.0,89.174292,21.822354
G_05952,128,41,0.5778595461429785,Satkhira Range,True,False,726250.0,2414750.0,89.188795,21.822162
G_05953,128,42,1.0,Satkhira Range,True,False,726750.0,2414750.0,89.19363,21.822098
G_05954,128,43,1.0,Satkhira Range,True,False,727250.0,2414750.0,89.198464,21.822034
G_05955,128,44,0.9545661956366432,Satkhira Range,True,False,727750.0,2414750.0,89.203298,21.821969
G_05956,128,45,0.674752522616113,Satkhira Range,True,False,728250.0,2414750.0,89.208133,21.821905
G_05957,128,46,0.484785798170802,Satkhira Range,True,False,728750.0,2414750.0,89.212967,21.82184
G_05958,128,47,0.48894766578804355,Satkhira Range,True,False,729250.0,2414750.0,89.217802,21.821775
G_05959,128,48,0.5404026902263047,Satkhira Range,True,False,729750.0,2414750.0,89.222636,21.82171
G_05960,128,49,0.5523159669088757,Satkhira Range,True,False,730250.0,2414750.0,89.22747,21.821645
G_05961,128,50,0.44628564288298833,Satkhira Range,True,False,730750.0,2414750.0,89.232304,21.821579
G_05962,128,51,0.7173821189512524,Satkhira Range,True,False,731250.0,2414750.0,89.237139,21.821514
G_05963,128,52,0.9531996106018686,Satkhira Range,True,False,731750.0,2414750.0,89.241973,21.821448
G_05964,128,53,1.0,Satkhira Range,True,False,732250.0,2414750.0,89.246807,21.821382
G_05965,128,54,0.733472422057668,Satkhira Range,True,False,732750.0,2414750.0,89.251641,21.821317
G_05966,128,55,0.8377879555882909,Satkhira Range,True,False,733250.0,2414750.0,89.256475,21.82125
G_05967,128,56,1.0,Satkhira Range,True,False,733750.0,2414750.0,89.26131,21.821184
G_05968,128,57,1.0,Satkhira Range,True,False,734250.0,2414750.0,89.266144,21.821118
G_05969,128,58,0.22728656091371882,Satkhira Range,True,False,734750.0,2414750.0,89.270978,21.821051
G_05970,128,63,0.4725962532569947,Satkhira Range,True,False,737250.0,2414750.0,89.295148,21.820717
G_05971,128,64,0.06835791736698306,Satkhira Range,True,False,737750.0,2414750.0,89.299982,21.82065
G_05972,129,13,0.28780160466831545,Satkhira Range,True,False,712250.0,2414250.0,89.05336,21.819388
G_05973,129,14,1.0,Satkhira Range,True,False,712750.0,2414250.0,89.058195,21.819328
G_05974,129,15,1.0,Satkhira Range,True,False,713250.0,2414250.0,89.06303,21.819267
G_05975,129,16,1.0,Satkhira Range,True,False,713750.0,2414250.0,89.067864,21.819207
G_05976,129,17,1.0,Satkhira Range,True,False,714250.0,2414250.0,89.072699,21.819146
G_05977,129,18,0.1695442516418169,Satkhira Range,True,False,714750.0,2414250.0,89.077534,21.819085
G_05978,129,23,0.7094674640457563,Satkhira Range,True,False,717250.0,2414250.0,89.101707,21.818779
G_05979,129,24,0.7653088901989322,Satkhira Range,True,False,717750.0,2414250.0,89.106541,21.818718
G_05980,129,25,0.5218154520876338,Satkhira Range,True,False,718250.0,2414250.0,89.111376,21.818656
G_05981,129,26,0.6772623570022966,Satkhira Range,True,False,718750.0,2414250.0,89.11621,21.818594
G_05982,129,27,0.8307685777463945,Satkhira Range,True,False,719250.0,2414250.0,89.121045,21.818532
G_05983,129,28,1.0,Satkhira Range,True,False,719750.0,2414250.0,89.12588,21.81847
G_05984,129,29,1.0,Satkhira Range,True,False,720250.0,2414250.0,89.130714,21.818407
G_05985,129,30,1.0,Satkhira Range,True,False,720750.0,2414250.0,89.135548,21.818345
G_05986,129,31,1.0,Satkhira Range,True,False,721250.0,2414250.0,89.140383,21.818282
G_05987,129,32,1.0,Satkhira Range,True,False,721750.0,2414250.0,89.145217,21.818219
G_05988,129,33,1.0,Satkhira Range,True,False,722250.0,2414250.0,89.150052,21.818157
G_05989,129,34,1.0,Satkhira Range,True,False,722750.0,2414250.0,89.154886,21.818093
G_05990,129,35,1.0,Satkhira Range,True,False,723250.0,2414250.0,89.159721,21.81803
G_05991,129,36,1.0,Satkhira Range,True,False,723750.0,2414250.0,89.164555,21.817967
G_05992,129,37,0.6859824704964322,Satkhira Range,True,False,724250.0,2414250.0,89.169389,21.817903
G_05993,129,40,0.1963804545621521,Satkhira Range,True,False,725750.0,2414250.0,89.183892,21.817712
G_05994,129,41,0.9908914426386218,Satkhira Range,True,False,726250.0,2414250.0,89.188727,21.817648
G_05995,129,42,1.0,Satkhira Range,True,False,726750.0,2414250.0,89.193561,21.817584
G_05996,129,43,1.0,Satkhira Range,True,False,727250.0,2414250.0,89.198395,21.81752
G_05997,129,44,1.0,Satkhira Range,True,False,727750.0,2414250.0,89.203229,21.817455
G_05998,129,45,1.0,Satkhira Range,True,False,728250.0,2414250.0,89.208064,21.817391
G_05999,129,46,1.0,Satkhira Range,True,False,728750.0,2414250.0,89.212898,21.817326
G_06000,129,47,1.0,Satkhira Range,True,False,729250.0,2414250.0,89.217732,21.817261
G_06001,129,48,1.0,Satkhira Range,True,False,729750.0,2414250.0,89.222566,21.817196
G_06002,129,49,1.0,Satkhira Range,True,False,730250.0,2414250.0,89.2274,21.817131
G_06003,129,50,0.7769794319856019,Satkhira Range,True,False,730750.0,2414250.0,89.232234,21.817065
G_06004,129,51,0.8064858245588901,Satkhira Range,True,False,731250.0,2414250.0,89.237068,21.817
G_06005,129,52,0.6081002931357306,Satkhira Range,True,False,731750.0,2414250.0,89.241903,21.816934
G_06006,129,53,0.5916529387533427,Satkhira Range,True,False,732250.0,2414250.0,89.246737,21.816869
G_06007,129,54,0.7150833937712462,Satkhira Range,True,False,732750.0,2414250.0,89.251571,21.816803
G_06008,129,55,1.0,Satkhira Range,True,False,733250.0,2414250.0,89.256405,21.816737
G_06009,129,56,1.0,Satkhira Range,True,False,733750.0,2414250.0,89.261239,21.81667
G_06010,129,57,1.0,Satkhira Range,True,False,734250.0,2414250.0,89.266073,21.816604
G_06011,129,58,0.5861888763794888,Satkhira Range,True,False,734750.0,2414250.0,89.270907,21.816538
G_06012,130,13,0.6276830272987552,Satkhira Range,True,False,712250.0,2413750.0,89.053296,21.814874
G_06013,130,14,1.0,Satkhira Range,True,False,712750.0,2413750.0,89.05813,21.814813
G_06014,130,15,1.0,Satkhira Range,True,False,713250.0,2413750.0,89.062965,21.814753
G_06015,130,16,1.0,Satkhira Range,True,False,713750.0,2413750.0,89.067799,21.814692
G_06016,130,17,1.0,Satkhira Range,True,False,714250.0,2413750.0,89.072634,21.814632
G_06017,130,18,0.3030850200565148,Satkhira Range,True,False,714750.0,2413750.0,89.077468,21.814571
G_06018,130,23,0.8585137422977471,Satkhira Range,True,False,717250.0,2413750.0,89.101641,21.814265
G_06019,130,24,1.0,Satkhira Range,True,False,717750.0,2413750.0,89.106475,21.814203
G_06020,130,25,1.0,Satkhira Range,True,False,718250.0,2413750.0,89.11131,21.814142
G_06021,130,26,0.974193603132032,Satkhira Range,True,False,718750.0,2413750.0,89.116144,21.81408
G_06022,130,27,1.0,Satkhira Range,True,False,719250.0,2413750.0,89.120978,21.814018
G_06023,130,28,1.0,Satkhira Range,True,False,719750.0,2413750.0,89.125813,21.813955
G_06024,130,29,1.0,Satkhira Range,True,False,720250.0,2413750.0,89.130647,21.813893
G_06025,130,30,1.0,Satkhira Range,True,False,720750.0,2413750.0,89.135482,21.813831
G_06026,130,31,1.0,Satkhira Range,True,False,721250.0,2413750.0,89.140316,21.813768
G_06027,130,32,1.0,Satkhira Range,True,False,721750.0,2413750.0,89.14515,21.813705
G_06028,130,33,1.0,Satkhira Range,True,False,722250.0,2413750.0,89.149984,21.813642
G_06029,130,34,1.0,Satkhira Range,True,False,722750.0,2413750.0,89.154819,21.813579
G_06030,130,35,1.0,Satkhira Range,True,False,723250.0,2413750.0,89.159653,21.813516
G_06031,130,36,1.0,Satkhira Range,True,False,723750.0,2413750.0,89.164487,21.813453
G_06032,130,37,0.4248376200306558,Satkhira Range,True,False,724250.0,2413750.0,89.169321,21.813389
G_06033,130,41,0.6545543283139555,Satkhira Range,True,False,726250.0,2413750.0,89.188658,21.813134
G_06034,130,42,1.0,Satkhira Range,True,False,726750.0,2413750.0,89.193492,21.81307
G_06035,130,43,1.0,Satkhira Range,True,False,727250.0,2413750.0,89.198326,21.813006
G_06036,130,44,1.0,Satkhira Range,True,False,727750.0,2413750.0,89.20316,21.812941
G_06037,130,45,1.0,Satkhira Range,True,False,728250.0,2413750.0,89.207994,21.812876
G_06038,130,46,1.0,Satkhira Range,True,False,728750.0,2413750.0,89.212828,21.812812
G_06039,130,47,1.0,Satkhira Range,True,False,729250.0,2413750.0,89.217662,21.812747
G_06040,130,48,1.0,Satkhira Range,True,False,729750.0,2413750.0,89.222496,21.812682
G_06041,130,49,1.0,Satkhira Range,True,False,730250.0,2413750.0,89.22733,21.812617
G_06042,130,50,0.8473883736415887,Satkhira Range,True,False,730750.0,2413750.0,89.232164,21.812551
G_06043,130,51,0.6066185907221926,Satkhira Range,True,False,731250.0,2413750.0,89.236998,21.812486
G_06044,130,52,0.7651412158279873,Satkhira Range,True,False,731750.0,2413750.0,89.241832,21.81242
G_06045,130,53,1.0,Satkhira Range,True,False,732250.0,2413750.0,89.246666,21.812355
G_06046,130,54,1.0,Satkhira Range,True,False,732750.0,2413750.0,89.2515,21.812289
G_06047,130,55,1.0,Satkhira Range,True,False,733250.0,2413750.0,89.256334,21.812223
G_06048,130,56,1.0,Satkhira Range,True,False,733750.0,2413750.0,89.261168,21.812157
G_06049,130,57,1.0,Satkhira Range,True,False,734250.0,2413750.0,89.266002,21.81209
G_06050,130,58,0.9567766797630256,Satkhira Range,True,False,734750.0,2413750.0,89.270835,21.812024
G_06051,130,59,0.10721723748617,Satkhira Range,True,False,735250.0,2413750.0,89.275669,21.811957
G_06052,131,13,0.94040089759106,Satkhira Range,True,False,712250.0,2413250.0,89.053231,21.810359
G_06053,131,14,1.0,Satkhira Range,True,False,712750.0,2413250.0,89.058066,21.810299
G_06054,131,15,1.0,Satkhira Range,True,False,713250.0,2413250.0,89.0629,21.810239
G_06055,131,16,1.0,Satkhira Range,True,False,713750.0,2413250.0,89.067735,21.810178
G_06056,131,17,1.0,Satkhira Range,True,False,714250.0,2413250.0,89.072569,21.810117
G_06057,131,18,0.5391638713066224,Satkhira Range,True,False,714750.0,2413250.0,89.077403,21.810057
G_06058,131,24,0.22410898853640177,Satkhira Range,True,False,717750.0,2413250.0,89.106409,21.809689
G_06059,131,25,0.5330002789238203,Satkhira Range,True,False,718250.0,2413250.0,89.111243,21.809627
G_06060,131,26,0.9148657070825543,Satkhira Range,True,False,718750.0,2413250.0,89.116078,21.809565
G_06061,131,27,1.0,Satkhira Range,True,False,719250.0,2413250.0,89.120912,21.809503
G_06062,131,28,1.0,Satkhira Range,True,False,719750.0,2413250.0,89.125746,21.809441
G_06063,131,29,1.0,Satkhira Range,True,False,720250.0,2413250.0,89.13058,21.809379
G_06064,131,30,1.0,Satkhira Range,True,False,720750.0,2413250.0,89.135415,21.809316
G_06065,131,31,1.0,Satkhira Range,True,False,721250.0,2413250.0,89.140249,21.809254
G_06066,131,32,1.0,Satkhira Range,True,False,721750.0,2413250.0,89.145083,21.809191
G_06067,131,33,1.0,Satkhira Range,True,False,722250.0,2413250.0,89.149917,21.809128
G_06068,131,34,1.0,Satkhira Range,True,False,722750.0,2413250.0,89.154751,21.809065
G_06069,131,35,1.0,Satkhira Range,True,False,723250.0,2413250.0,89.159585,21.809002
G_06070,131,36,1.0,Satkhira Range,True,False,723750.0,2413250.0,89.164419,21.808939
G_06071,131,37,0.307989890749167,Satkhira Range,True,False,724250.0,2413250.0,89.169253,21.808875
G_06072,131,41,0.22433560084933246,Satkhira Range,True,False,726250.0,2413250.0,89.188589,21.80862
G_06073,131,42,1.0,Satkhira Range,True,False,726750.0,2413250.0,89.193423,21.808556
G_06074,131,43,1.0,Satkhira Range,True,False,727250.0,2413250.0,89.198257,21.808492
G_06075,131,44,1.0,Satkhira Range,True,False,727750.0,2413250.0,89.203091,21.808427
G_06076,131,45,1.0,Satkhira Range,True,False,728250.0,2413250.0,89.207925,21.808362
G_06077,131,46,1.0,Satkhira Range,True,False,728750.0,2413250.0,89.212759,21.808298
G_06078,131,47,1.0,Satkhira Range,True,False,729250.0,2413250.0,89.217593,21.808233
G_06079,131,48,1.0,Satkhira Range,True,False,729750.0,2413250.0,89.222427,21.808168
G_06080,131,49,1.0,Satkhira Range,True,False,730250.0,2413250.0,89.227261,21.808103
G_06081,131,50,1.0,Satkhira Range,True,False,730750.0,2413250.0,89.232094,21.808037
G_06082,131,51,0.9952760489478442,Satkhira Range,True,False,731250.0,2413250.0,89.236928,21.807972
G_06083,131,52,0.801226162474748,Satkhira Range,True,False,731750.0,2413250.0,89.241762,21.807906
G_06084,131,53,0.8183711018166014,Satkhira Range,True,False,732250.0,2413250.0,89.246596,21.807841
G_06085,131,54,0.9981563376540474,Satkhira Range,True,False,732750.0,2413250.0,89.251429,21.807775
G_06086,131,55,1.0,Satkhira Range,True,False,733250.0,2413250.0,89.256263,21.807709
G_06087,131,56,1.0,Satkhira Range,True,False,733750.0,2413250.0,89.261097,21.807643
G_06088,131,57,1.0,Satkhira Range,True,False,734250.0,2413250.0,89.265931,21.807576
G_06089,131,58,1.0,Satkhira Range,True,False,734750.0,2413250.0,89.270764,21.80751
G_06090,131,59,0.6734546666954843,Satkhira Range,True,False,735250.0,2413250.0,89.275598,21.807443
G_06091,132,12,0.2536095435084961,Satkhira Range,True,False,711750.0,2412750.0,89.048333,21.805905
G_06092,132,13,1.0,Satkhira Range,True,False,712250.0,2412750.0,89.053167,21.805845
G_06093,132,14,1.0,Satkhira Range,True,False,712750.0,2412750.0,89.058001,21.805784
G_06094,132,15,1.0,Satkhira Range,True,False,713250.0,2412750.0,89.062835,21.805724
G_06095,132,16,1.0,Satkhira Range,True,False,713750.0,2412750.0,89.06767,21.805664
G_06096,132,17,1.0,Satkhira Range,True,False,714250.0,2412750.0,89.072504,21.805603
G_06097,132,18,0.909570033879157,Satkhira Range,True,False,714750.0,2412750.0,89.077338,21.805542
G_06098,132,27,0.32566291830755884,Satkhira Range,True,False,719250.0,2412750.0,89.120845,21.804989
G_06099,132,28,0.7818029542708761,Satkhira Range,True,False,719750.0,2412750.0,89.12568,21.804927
G_06100,132,29,0.9998650340058387,Satkhira Range,True,False,720250.0,2412750.0,89.130514,21.804865
G_06101,132,30,1.0,Satkhira Range,True,False,720750.0,2412750.0,89.135348,21.804802
G_06102,132,31,1.0,Satkhira Range,True,False,721250.0,2412750.0,89.140182,21.80474
G_06103,132,32,1.0,Satkhira Range,True,False,721750.0,2412750.0,89.145016,21.804677
G_06104,132,33,1.0,Satkhira Range,True,False,722250.0,2412750.0,89.14985,21.804614
G_06105,132,34,1.0,Satkhira Range,True,False,722750.0,2412750.0,89.154683,21.804551
G_06106,132,35,1.0,Satkhira Range,True,False,723250.0,2412750.0,89.159517,21.804488
G_06107,132,36,0.9509834199682472,Satkhira Range,True,False,723750.0,2412750.0,89.164351,21.804425
G_06108,132,37,0.18207467651771755,Satkhira Range,True,False,724250.0,2412750.0,89.169185,21.804361
G_06109,132,41,0.21486813352158055,Satkhira Range,True,False,726250.0,2412750.0,89.188521,21.804106
G_06110,132,42,1.0,Satkhira Range,True,False,726750.0,2412750.0,89.193354,21.804042
G_06111,132,43,1.0,Satkhira Range,True,False,727250.0,2412750.0,89.198188,21.803977
G_06112,132,44,1.0,Satkhira Range,True,False,727750.0,2412750.0,89.203022,21.803913
G_06113,132,45,1.0,Satkhira Range,True,False,728250.0,2412750.0,89.207856,21.803848
G_06114,132,46,1.0,Satkhira Range,True,False,728750.0,2412750.0,89.21269,21.803784
G_06115,132,47,1.0,Satkhira Range,True,False,729250.0,2412750.0,89.217523,21.803719
G_06116,132,48,1.0,Satkhira Range,True,False,729750.0,2412750.0,89.222357,21.803654
G_06117,132,49,1.0,Satkhira Range,True,False,730250.0,2412750.0,89.227191,21.803589
G_06118,132,50,1.0,Satkhira Range,True,False,730750.0,2412750.0,89.232024,21.803523
G_06119,132,51,1.0,Satkhira Range,True,False,731250.0,2412750.0,89.236858,21.803458
G_06120,132,52,1.0,Satkhira Range,True,False,731750.0,2412750.0,89.241692,21.803393
G_06121,132,53,0.9263549690460195,Satkhira Range,True,False,732250.0,2412750.0,89.246525,21.803327
G_06122,132,54,0.5877446977916183,Satkhira Range,True,False,732750.0,2412750.0,89.251359,21.803261
G_06123,132,55,0.9995447219041431,Satkhira Range,True,False,733250.0,2412750.0,89.256192,21.803195
G_06124,132,56,1.0,Satkhira Range,True,False,733750.0,2412750.0,89.261026,21.803129
G_06125,132,57,1.0,Satkhira Range,True,False,734250.0,2412750.0,89.26586,21.803063
G_06126,132,58,1.0,Satkhira Range,True,False,734750.0,2412750.0,89.270693,21.802996
G_06127,132,59,0.99834299686231,Satkhira Range,True,False,735250.0,2412750.0,89.275527,21.80293
G_06128,132,60,0.2524018304615775,Satkhira Range,True,False,735750.0,2412750.0,89.28036,21.802863
G_06129,133,12,0.5709596056740845,Satkhira Range,True,False,711750.0,2412250.0,89.048268,21.80139
G_06130,133,13,1.0,Satkhira Range,True,False,712250.0,2412250.0,89.053102,21.80133
G_06131,133,14,1.0,Satkhira Range,True,False,712750.0,2412250.0,89.057937,21.80127
G_06132,133,15,1.0,Satkhira Range,True,False,713250.0,2412250.0,89.062771,21.80121
G_06133,133,16,1.0,Satkhira Range,True,False,713750.0,2412250.0,89.067605,21.801149
G_06134,133,17,1.0,Satkhira Range,True,False,714250.0,2412250.0,89.072439,21.801089
G_06135,133,18,1.0,Satkhira Range,True,False,714750.0,2412250.0,89.077273,21.801028
G_06136,133,19,0.34029083650446895,Satkhira Range,True,False,715250.0,2412250.0,89.082107,21.800967
G_06137,133,30,0.7095194983139752,Satkhira Range,True,False,720750.0,2412250.0,89.135281,21.800288
G_06138,133,31,1.0,Satkhira Range,True,False,721250.0,2412250.0,89.140114,21.800225
G_06139,133,32,1.0,Satkhira Range,True,False,721750.0,2412250.0,89.144948,21.800163
G_06140,133,33,1.0,Satkhira Range,True,False,722250.0,2412250.0,89.149782,21.8001
G_06141,133,34,0.825606197748286,Satkhira Range,True,False,722750.0,2412250.0,89.154616,21.800037
G_06142,133,35,0.17653642799026034,Satkhira Range,True,False,723250.0,2412250.0,89.15945,21.799974
G_06143,133,41,0.3526856001995249,Satkhira Range,True,False,726250.0,2412250.0,89.188452,21.799592
G_06144,133,42,1.0,Satkhira Range,True,False,726750.0,2412250.0,89.193286,21.799528
G_06145,133,43,1.0,Satkhira Range,True,False,727250.0,2412250.0,89.198119,21.799463
G_06146,133,44,1.0,Satkhira Range,True,False,727750.0,2412250.0,89.202953,21.799399
G_06147,133,45,1.0,Satkhira Range,True,False,728250.0,2412250.0,89.207787,21.799334
G_06148,133,46,1.0,Satkhira Range,True,False,728750.0,2412250.0,89.21262,21.79927
G_06149,133,47,1.0,Satkhira Range,True,False,729250.0,2412250.0,89.217454,21.799205
G_06150,133,48,1.0,Satkhira Range,True,False,729750.0,2412250.0,89.222287,21.79914
G_06151,133,49,1.0,Satkhira Range,True,False,730250.0,2412250.0,89.227121,21.799075
G_06152,133,50,1.0,Satkhira Range,True,False,730750.0,2412250.0,89.231954,21.79901
G_06153,133,51,1.0,Satkhira Range,True,False,731250.0,2412250.0,89.236788,21.798944
G_06154,133,52,1.0,Satkhira Range,True,False,731750.0,2412250.0,89.241621,21.798879
G_06155,133,53,1.0,Satkhira Range,True,False,732250.0,2412250.0,89.246455,21.798813
G_06156,133,54,0.8154381001891742,Satkhira Range,True,False,732750.0,2412250.0,89.251288,21.798747
G_06157,133,55,0.6193930287875749,Satkhira Range,True,False,733250.0,2412250.0,89.256122,21.798681
G_06158,133,56,0.9867206941699824,Satkhira Range,True,False,733750.0,2412250.0,89.260955,21.798615
G_06159,133,57,1.0,Satkhira Range,True,False,734250.0,2412250.0,89.265788,21.798549
G_06160,133,58,1.0,Satkhira Range,True,False,734750.0,2412250.0,89.270622,21.798482
G_06161,133,59,1.0,Satkhira Range,True,False,735250.0,2412250.0,89.275455,21.798416
G_06162,133,60,0.7195728830061543,Satkhira Range,True,False,735750.0,2412250.0,89.280289,21.798349
G_06163,134,12,0.8469645324072239,Satkhira Range,True,False,711750.0,2411750.0,89.048204,21.796876
G_06164,134,13,1.0,Satkhira Range,True,False,712250.0,2411750.0,89.053038,21.796816
G_06165,134,14,1.0,Satkhira Range,True,False,712750.0,2411750.0,89.057872,21.796756
G_06166,134,15,1.0,Satkhira Range,True,False,713250.0,2411750.0,89.062706,21.796695
G_06167,134,16,1.0,Satkhira Range,True,False,713750.0,2411750.0,89.06754,21.796635
G_06168,134,17,1.0,Satkhira Range,True,False,714250.0,2411750.0,89.072374,21.796574
G_06169,134,18,1.0,Satkhira Range,True,False,714750.0,2411750.0,89.077208,21.796513
G_06170,134,19,0.8483192105443028,Satkhira Range,True,False,715250.0,2411750.0,89.082042,21.796453
G_06171,134,20,0.07864467584734698,Satkhira Range,True,False,715750.0,2411750.0,89.086876,21.796392
G_06172,134,31,0.27923780082498084,Satkhira Range,True,False,721250.0,2411750.0,89.140047,21.795711
G_06173,134,32,0.38953176018477986,Satkhira Range,True,False,721750.0,2411750.0,89.144881,21.795648
G_06174,134,33,0.6140218426575648,Satkhira Range,True,False,722250.0,2411750.0,89.149715,21.795586
G_06175,134,34,0.3929993977626985,Satkhira Range,True,False,722750.0,2411750.0,89.154548,21.795523
G_06176,134,41,0.31883423331676636,Satkhira Range,True,False,726250.0,2411750.0,89.188383,21.795078
G_06177,134,42,1.0,Satkhira Range,True,False,726750.0,2411750.0,89.193217,21.795014
G_06178,134,43,1.0,Satkhira Range,True,False,727250.0,2411750.0,89.19805,21.794949
G_06179,134,44,1.0,Satkhira Range,True,False,727750.0,2411750.0,89.202884,21.794885
G_06180,134,45,1.0,Satkhira Range,True,False,728250.0,2411750.0,89.207717,21.79482
G_06181,134,46,1.0,Satkhira Range,True,False,728750.0,2411750.0,89.212551,21.794756
G_06182,134,47,1.0,Satkhira Range,True,False,729250.0,2411750.0,89.217384,21.794691
G_06183,134,48,1.0,Satkhira Range,True,False,729750.0,2411750.0,89.222218,21.794626
G_06184,134,49,1.0,Satkhira Range,True,False,730250.0,2411750.0,89.227051,21.794561
G_06185,134,50,1.0,Satkhira Range,True,False,730750.0,2411750.0,89.231884,21.794496
G_06186,134,51,1.0,Satkhira Range,True,False,731250.0,2411750.0,89.236718,21.79443
G_06187,134,52,1.0,Satkhira Range,True,False,731750.0,2411750.0,89.241551,21.794365
G_06188,134,53,1.0,Satkhira Range,True,False,732250.0,2411750.0,89.246384,21.794299
G_06189,134,54,1.0,Satkhira Range,True,False,732750.0,2411750.0,89.251218,21.794233
G_06190,134,55,0.8081329482354837,Satkhira Range,True,False,733250.0,2411750.0,89.256051,21.794167
G_06191,134,56,0.5323333069679851,Satkhira Range,True,False,733750.0,2411750.0,89.260884,21.794101
G_06192,134,57,0.6039403769940815,Satkhira Range,True,False,734250.0,2411750.0,89.265717,21.794035
G_06193,134,58,0.7254269986358866,Satkhira Range,True,False,734750.0,2411750.0,89.270551,21.793969
G_06194,134,59,0.6465564361230021,Satkhira Range,True,False,735250.0,2411750.0,89.275384,21.793902
G_06195,134,60,0.5347528233374004,Satkhira Range,True,False,735750.0,2411750.0,89.280217,21.793835
G_06196,135,11,0.11152165569815616,Satkhira Range,True,False,711250.0,2411250.0,89.043306,21.792421
G_06197,135,12,0.9998431819510145,Satkhira Range,True,False,711750.0,2411250.0,89.04814,21.792361
G_06198,135,13,1.0,Satkhira Range,True,False,712250.0,2411250.0,89.052974,21.792301
G_06199,135,14,1.0,Satkhira Range,True,False,712750.0,2411250.0,89.057808,21.792241
G_06200,135,15,1.0,Satkhira Range,True,False,713250.0,2411250.0,89.062641,21.792181
G_06201,135,16,1.0,Satkhira Range,True,False,713750.0,2411250.0,89.067475,21.79212
G_06202,135,17,1.0,Satkhira Range,True,False,714250.0,2411250.0,89.072309,21.79206
G_06203,135,18,1.0,Satkhira Range,True,False,714750.0,2411250.0,89.077143,21.791999
G_06204,135,19,1.0,Satkhira Range,True,False,715250.0,2411250.0,89.081977,21.791938
G_06205,135,20,0.8431419821216363,Satkhira Range,True,False,715750.0,2411250.0,89.08681,21.791877
G_06206,135,21,0.10965169309251109,Satkhira Range,True,False,716250.0,2411250.0,89.091644,21.791816
G_06207,135,41,0.10257851859688394,Satkhira Range,True,False,726250.0,2411250.0,89.188315,21.790564
G_06208,135,42,0.9866767945084732,Satkhira Range,True,False,726750.0,2411250.0,89.193148,21.7905
G_06209,135,43,1.0,Satkhira Range,True,False,727250.0,2411250.0,89.197982,21.790435
G_06210,135,44,1.0,Satkhira Range,True,False,727750.0,2411250.0,89.202815,21.790371
G_06211,135,45,1.0,Satkhira Range,True,False,728250.0,2411250.0,89.207648,21.790306
G_06212,135,46,1.0,Satkhira Range,True,False,728750.0,2411250.0,89.212482,21.790242
G_06213,135,47,1.0,Satkhira Range,True,False,729250.0,2411250.0,89.217315,21.790177
G_06214,135,48,1.0,Satkhira Range,True,False,729750.0,2411250.0,89.222148,21.790112
G_06215,135,49,1.0,Satkhira Range,True,False,730250.0,2411250.0,89.226981,21.790047
G_06216,135,50,1.0,Satkhira Range,True,False,730750.0,2411250.0,89.231814,21.789982
G_06217,135,51,1.0,Satkhira Range,True,False,731250.0,2411250.0,89.236648,21.789916
G_06218,135,52,1.0,Satkhira Range,True,False,731750.0,2411250.0,89.241481,21.789851
G_06219,135,53,1.0,Satkhira Range,True,False,732250.0,2411250.0,89.246314,21.789785
G_06220,135,54,1.0,Satkhira Range,True,False,732750.0,2411250.0,89.251147,21.789719
G_06221,135,55,1.0,Satkhira Range,True,False,733250.0,2411250.0,89.25598,21.789653
G_06222,135,56,1.0,Satkhira Range,True,False,733750.0,2411250.0,89.260813,21.789587
G_06223,135,57,1.0,Satkhira Range,True,False,734250.0,2411250.0,89.265646,21.789521
G_06224,135,58,1.0,Satkhira Range,True,False,734750.0,2411250.0,89.27048,21.789455
G_06225,135,59,1.0,Satkhira Range,True,False,735250.0,2411250.0,89.275313,21.789388
G_06226,135,60,1.0,Satkhira Range,True,False,735750.0,2411250.0,89.280146,21.789322
G_06227,135,61,0.2434450739540546,Satkhira Range,True,False,736250.0,2411250.0,89.284979,21.789255
G_06228,136,11,0.1641668810281015,Satkhira Range,True,False,711250.0,2410750.0,89.043242,21.787907
G_06229,136,12,0.9923593293181375,Satkhira Range,True,False,711750.0,2410750.0,89.048076,21.787847
G_06230,136,13,1.0,Satkhira Range,True,False,712250.0,2410750.0,89.052909,21.787787
G_06231,136,14,1.0,Satkhira Range,True,False,712750.0,2410750.0,89.057743,21.787727
G_06232,136,15,1.0,Satkhira Range,True,False,713250.0,2410750.0,89.062577,21.787666
G_06233,136,16,1.0,Satkhira Range,True,False,713750.0,2410750.0,89.06741,21.787606
G_06234,136,17,1.0,Satkhira Range,True,False,714250.0,2410750.0,89.072244,21.787545
G_06235,136,18,1.0,Satkhira Range,True,False,714750.0,2410750.0,89.077078,21.787485
G_06236,136,19,1.0,Satkhira Range,True,False,715250.0,2410750.0,89.081911,21.787424
G_06237,136,20,1.0,Satkhira Range,True,False,715750.0,2410750.0,89.086745,21.787363
G_06238,136,21,0.8945766574557632,Satkhira Range,True,False,716250.0,2410750.0,89.091579,21.787302
G_06239,136,22,0.24392000977926095,Satkhira Range,True,False,716750.0,2410750.0,89.096412,21.78724
G_06240,136,42,0.6310629917744257,Satkhira Range,True,False,726750.0,2410750.0,89.19308,21.785985
G_06241,136,43,1.0,Satkhira Range,True,False,727250.0,2410750.0,89.197913,21.785921
G_06242,136,44,1.0,Satkhira Range,True,False,727750.0,2410750.0,89.202746,21.785857
G_06243,136,45,1.0,Satkhira Range,True,False,728250.0,2410750.0,89.207579,21.785792
G_06244,136,46,1.0,Satkhira Range,True,False,728750.0,2410750.0,89.212412,21.785728
G_06245,136,47,1.0,Satkhira Range,True,False,729250.0,2410750.0,89.217245,21.785663
G_06246,136,48,1.0,Satkhira Range,True,False,729750.0,2410750.0,89.222078,21.785598
G_06247,136,49,1.0,Satkhira Range,True,False,730250.0,2410750.0,89.226912,21.785533
G_06248,136,50,1.0,Satkhira Range,True,False,730750.0,2410750.0,89.231745,21.785468
G_06249,136,51,1.0,Satkhira Range,True,False,731250.0,2410750.0,89.236578,21.785402
G_06250,136,52,1.0,Satkhira Range,True,False,731750.0,2410750.0,89.241411,21.785337
G_06251,136,53,1.0,Satkhira Range,True,False,732250.0,2410750.0,89.246244,21.785271
G_06252,136,54,1.0,Satkhira Range,True,False,732750.0,2410750.0,89.251077,21.785205
G_06253,136,55,1.0,Satkhira Range,True,False,733250.0,2410750.0,89.25591,21.785139
G_06254,136,56,1.0,Satkhira Range,True,False,733750.0,2410750.0,89.260743,21.785073
G_06255,136,57,1.0,Satkhira Range,True,False,734250.0,2410750.0,89.265576,21.785007
G_06256,136,58,1.0,Satkhira Range,True,False,734750.0,2410750.0,89.270408,21.784941
G_06257,136,59,1.0,Satkhira Range,True,False,735250.0,2410750.0,89.275241,21.784874
G_06258,136,60,1.0,Satkhira Range,True,False,735750.0,2410750.0,89.280074,21.784808
G_06259,136,61,0.7186005055071323,Satkhira Range,True,False,736250.0,2410750.0,89.284907,21.784741
G_06260,137,12,0.17988503582798815,Satkhira Range,True,False,711750.0,2410250.0,89.048012,21.783332
G_06261,137,13,0.7961592084464698,Satkhira Range,True,False,712250.0,2410250.0,89.052845,21.783272
G_06262,137,14,1.0,Satkhira Range,True,False,712750.0,2410250.0,89.057679,21.783212
G_06263,137,15,1.0,Satkhira Range,True,False,713250.0,2410250.0,89.062512,21.783152
G_06264,137,16,1.0,Satkhira Range,True,False,713750.0,2410250.0,89.067346,21.783091
G_06265,137,17,1.0,Satkhira Range,True,False,714250.0,2410250.0,89.072179,21.783031
G_06266,137,18,1.0,Satkhira Range,True,False,714750.0,2410250.0,89.077013,21.78297
G_06267,137,19,1.0,Satkhira Range,True,False,715250.0,2410250.0,89.081846,21.782909
G_06268,137,20,1.0,Satkhira Range,True,False,715750.0,2410250.0,89.08668,21.782848
G_06269,137,21,1.0,Satkhira Range,True,False,716250.0,2410250.0,89.091513,21.782787
G_06270,137,22,0.9909387019720398,Satkhira Range,True,False,716750.0,2410250.0,89.096346,21.782726
G_06271,137,23,0.5658809272441616,Satkhira Range,True,False,717250.0,2410250.0,89.10118,21.782665
G_06272,137,24,0.07403585176278156,Satkhira Range,True,False,717750.0,2410250.0,89.106013,21.782603
G_06273,137,42,0.10447789823987563,Satkhira Range,True,False,726750.0,2410250.0,89.193011,21.781471
G_06274,137,43,0.897554747844481,Satkhira Range,True,False,727250.0,2410250.0,89.197844,21.781407
G_06275,137,44,1.0,Satkhira Range,True,False,727750.0,2410250.0,89.202677,21.781343
G_06276,137,45,1.0,Satkhira Range,True,False,728250.0,2410250.0,89.20751,21.781278
G_06277,137,46,1.0,Satkhira Range,True,False,728750.0,2410250.0,89.212343,21.781214
G_06278,137,47,1.0,Satkhira Range,True,False,729250.0,2410250.0,89.217176,21.781149
G_06279,137,48,1.0,Satkhira Range,True,False,729750.0,2410250.0,89.222009,21.781084
G_06280,137,49,1.0,Satkhira Range,True,False,730250.0,2410250.0,89.226842,21.781019
G_06281,137,50,1.0,Satkhira Range,True,False,730750.0,2410250.0,89.231675,21.780954
G_06282,137,51,1.0,Satkhira Range,True,False,731250.0,2410250.0,89.236508,21.780888
G_06283,137,52,1.0,Satkhira Range,True,False,731750.0,2410250.0,89.24134,21.780823
G_06284,137,53,1.0,Satkhira Range,True,False,732250.0,2410250.0,89.246173,21.780757
G_06285,137,54,1.0,Satkhira Range,True,False,732750.0,2410250.0,89.251006,21.780692
G_06286,137,55,1.0,Satkhira Range,True,False,733250.0,2410250.0,89.255839,21.780626
G_06287,137,56,1.0,Satkhira Range,True,False,733750.0,2410250.0,89.260672,21.78056
G_06288,137,57,1.0,Satkhira Range,True,False,734250.0,2410250.0,89.265505,21.780493
G_06289,137,58,1.0,Satkhira Range,True,False,734750.0,2410250.0,89.270337,21.780427
G_06290,137,59,1.0,Satkhira Range,True,False,735250.0,2410250.0,89.27517,21.780361
G_06291,137,60,1.0,Satkhira Range,True,False,735750.0,2410250.0,89.280003,21.780294
G_06292,137,61,0.9488730696122151,Satkhira Range,True,False,736250.0,2410250.0,89.284836,21.780227
G_06293,138,14,0.3972905956289825,Satkhira Range,True,False,712750.0,2409750.0,89.057614,21.778698
G_06294,138,15,0.9332677330307071,Satkhira Range,True,False,713250.0,2409750.0,89.062448,21.778637
G_06295,138,16,1.0,Satkhira Range,True,False,713750.0,2409750.0,89.067281,21.778577
G_06296,138,17,1.0,Satkhira Range,True,False,714250.0,2409750.0,89.072114,21.778516
G_06297,138,18,1.0,Satkhira Range,True,False,714750.0,2409750.0,89.076948,21.778456
G_06298,138,19,1.0,Satkhira Range,True,False,715250.0,2409750.0,89.081781,21.778395
G_06299,138,20,1.0,Satkhira Range,True,False,715750.0,2409750.0,89.086614,21.778334
G_06300,138,21,1.0,Satkhira Range,True,False,716250.0,2409750.0,89.091448,21.778273
G_06301,138,22,1.0,Satkhira Range,True,False,716750.0,2409750.0,89.096281,21.778212
G_06302,138,23,1.0,Satkhira Range,True,False,717250.0,2409750.0,89.101114,21.77815
G_06303,138,24,0.9762335201589263,Satkhira Range,True,False,717750.0,2409750.0,89.105947,21.778089
G_06304,138,25,0.6825788978346121,Satkhira Range,True,False,718250.0,2409750.0,89.11078,21.778027
G_06305,138,26,0.35843106911242334,Satkhira Range,True,False,718750.0,2409750.0,89.115614,21.777965
G_06306,138,43,0.12175643181133494,Satkhira Range,True,False,727250.0,2409750.0,89.197775,21.776893
G_06307,138,44,0.7060951570808274,Satkhira Range,True,False,727750.0,2409750.0,89.202608,21.776829
G_06308,138,45,0.9849885301585752,Satkhira Range,True,False,728250.0,2409750.0,89.207441,21.776764
G_06309,138,46,1.0,Satkhira Range,True,False,728750.0,2409750.0,89.212274,21.7767
G_06310,138,47,1.0,Satkhira Range,True,False,729250.0,2409750.0,89.217106,21.776635
G_06311,138,48,1.0,Satkhira Range,True,False,729750.0,2409750.0,89.221939,21.77657
G_06312,138,49,1.0,Satkhira Range,True,False,730250.0,2409750.0,89.226772,21.776505
G_06313,138,50,1.0,Satkhira Range,True,False,730750.0,2409750.0,89.231605,21.77644
G_06314,138,51,1.0,Satkhira Range,True,False,731250.0,2409750.0,89.236438,21.776374
G_06315,138,52,1.0,Satkhira Range,True,False,731750.0,2409750.0,89.24127,21.776309
G_06316,138,53,1.0,Satkhira Range,True,False,732250.0,2409750.0,89.246103,21.776243
G_06317,138,54,1.0,Satkhira Range,True,False,732750.0,2409750.0,89.250936,21.776178
G_06318,138,55,1.0,Satkhira Range,True,False,733250.0,2409750.0,89.255768,21.776112
G_06319,138,56,1.0,Satkhira Range,True,False,733750.0,2409750.0,89.260601,21.776046
G_06320,138,57,1.0,Satkhira Range,True,False,734250.0,2409750.0,89.265434,21.77598
G_06321,138,58,1.0,Satkhira Range,True,False,734750.0,2409750.0,89.270266,21.775913
G_06322,138,59,1.0,Satkhira Range,True,False,735250.0,2409750.0,89.275099,21.775847
G_06323,138,60,1.0,Satkhira Range,True,False,735750.0,2409750.0,89.279931,21.77578
G_06324,138,61,0.820052109844604,Satkhira Range,True,False,736250.0,2409750.0,89.284764,21.775713
G_06325,139,15,0.15604405885482014,Satkhira Range,True,False,713250.0,2409250.0,89.062383,21.774123
G_06326,139,16,0.7278260157578279,Satkhira Range,True,False,713750.0,2409250.0,89.067216,21.774063
G_06327,139,17,1.0,Satkhira Range,True,False,714250.0,2409250.0,89.072049,21.774002
G_06328,139,18,1.0,Satkhira Range,True,False,714750.0,2409250.0,89.076883,21.773941
G_06329,139,19,1.0,Satkhira Range,True,False,715250.0,2409250.0,89.081716,21.773881
G_06330,139,20,1.0,Satkhira Range,True,False,715750.0,2409250.0,89.086549,21.77382
G_06331,139,21,1.0,Satkhira Range,True,False,716250.0,2409250.0,89.091382,21.773759
G_06332,139,22,1.0,Satkhira Range,True,False,716750.0,2409250.0,89.096215,21.773697
G_06333,139,23,1.0,Satkhira Range,True,False,717250.0,2409250.0,89.101048,21.773636
G_06334,139,24,1.0,Satkhira Range,True,False,717750.0,2409250.0,89.105881,21.773574
G_06335,139,25,1.0,Satkhira Range,True,False,718250.0,2409250.0,89.110714,21.773513
G_06336,139,26,1.0,Satkhira Range,True,False,718750.0,2409250.0,89.115547,21.773451
G_06337,139,27,0.9359807152535058,Satkhira Range,True,False,719250.0,2409250.0,89.12038,21.773389
G_06338,139,28,0.4110535092513441,Satkhira Range,True,False,719750.0,2409250.0,89.125213,21.773327
G_06339,139,45,0.45636948741379874,Satkhira Range,True,False,728250.0,2409250.0,89.207372,21.77225
G_06340,139,46,1.0,Satkhira Range,True,False,728750.0,2409250.0,89.212204,21.772186
G_06341,139,47,1.0,Satkhira Range,True,False,729250.0,2409250.0,89.217037,21.772121
G_06342,139,48,1.0,Satkhira Range,True,False,729750.0,2409250.0,89.22187,21.772056
G_06343,139,49,1.0,Satkhira Range,True,False,730250.0,2409250.0,89.226702,21.771991
G_06344,139,50,1.0,Satkhira Range,True,False,730750.0,2409250.0,89.231535,21.771926
G_06345,139,51,1.0,Satkhira Range,True,False,731250.0,2409250.0,89.236368,21.77186
G_06346,139,52,1.0,Satkhira Range,True,False,731750.0,2409250.0,89.2412,21.771795
G_06347,139,53,1.0,Satkhira Range,True,False,732250.0,2409250.0,89.246033,21.771729
G_06348,139,54,1.0,Satkhira Range,True,False,732750.0,2409250.0,89.250865,21.771664
G_06349,139,55,1.0,Satkhira Range,True,False,733250.0,2409250.0,89.255698,21.771598
G_06350,139,56,1.0,Satkhira Range,True,False,733750.0,2409250.0,89.26053,21.771532
G_06351,139,57,1.0,Satkhira Range,True,False,734250.0,2409250.0,89.265363,21.771466
G_06352,139,58,1.0,Satkhira Range,True,False,734750.0,2409250.0,89.270195,21.771399
G_06353,139,59,1.0,Satkhira Range,True,False,735250.0,2409250.0,89.275028,21.771333
G_06354,139,60,1.0,Satkhira Range,True,False,735750.0,2409250.0,89.27986,21.771266
G_06355,139,61,0.560265825775191,Satkhira Range,True,False,736250.0,2409250.0,89.284692,21.7712
G_06356,140,17,0.7074355891250145,Satkhira Range,True,False,714250.0,2408750.0,89.071985,21.769488
G_06357,140,18,1.0,Satkhira Range,True,False,714750.0,2408750.0,89.076818,21.769427
G_06358,140,19,1.0,Satkhira Range,True,False,715250.0,2408750.0,89.081651,21.769366
G_06359,140,20,1.0,Satkhira Range,True,False,715750.0,2408750.0,89.086484,21.769305
G_06360,140,21,1.0,Satkhira Range,True,False,716250.0,2408750.0,89.091317,21.769244
G_06361,140,22,1.0,Satkhira Range,True,False,716750.0,2408750.0,89.09615,21.769183
G_06362,140,23,1.0,Satkhira Range,True,False,717250.0,2408750.0,89.100982,21.769122
G_06363,140,24,1.0,Satkhira Range,True,False,717750.0,2408750.0,89.105815,21.76906
G_06364,140,25,1.0,Satkhira Range,True,False,718250.0,2408750.0,89.110648,21.768998
G_06365,140,26,1.0,Satkhira Range,True,False,718750.0,2408750.0,89.115481,21.768937
G_06366,140,27,1.0,Satkhira Range,True,False,719250.0,2408750.0,89.120314,21.768875
G_06367,140,28,1.0,Satkhira Range,True,False,719750.0,2408750.0,89.125147,21.768813
G_06368,140,29,0.5940740910630455,Satkhira Range,True,False,720250.0,2408750.0,89.12998,21.768751
G_06369,140,46,0.9997162410156732,Satkhira Range,True,False,728750.0,2408750.0,89.212135,21.767672
G_06370,140,47,1.0,Satkhira Range,True,False,729250.0,2408750.0,89.216968,21.767607
G_06371,140,48,1.0,Satkhira Range,True,False,729750.0,2408750.0,89.2218,21.767542
G_06372,140,49,1.0,Satkhira Range,True,False,730250.0,2408750.0,89.226633,21.767477
G_06373,140,50,1.0,Satkhira Range,True,False,730750.0,2408750.0,89.231465,21.767412
G_06374,140,51,1.0,Satkhira Range,True,False,731250.0,2408750.0,89.236298,21.767347
G_06375,140,52,1.0,Satkhira Range,True,False,731750.0,2408750.0,89.24113,21.767281
G_06376,140,53,1.0,Satkhira Range,True,False,732250.0,2408750.0,89.245962,21.767216
G_06377,140,54,1.0,Satkhira Range,True,False,732750.0,2408750.0,89.250795,21.76715
G_06378,140,55,1.0,Satkhira Range,True,False,733250.0,2408750.0,89.255627,21.767084
G_06379,140,56,1.0,Satkhira Range,True,False,733750.0,2408750.0,89.260459,21.767018
G_06380,140,57,1.0,Satkhira Range,True,False,734250.0,2408750.0,89.265292,21.766952
G_06381,140,58,1.0,Satkhira Range,True,False,734750.0,2408750.0,89.270124,21.766885
G_06382,140,59,1.0,Satkhira Range,True,False,735250.0,2408750.0,89.274956,21.766819
G_06383,140,60,1.0,Satkhira Range,True,False,735750.0,2408750.0,89.279789,21.766752
G_06384,140,61,0.49924293629015004,Satkhira Range,True,False,736250.0,2408750.0,89.284621,21.766686
G_06385,141,17,0.06375026224310365,Satkhira Range,True,False,714250.0,2408250.0,89.07192,21.764973
G_06386,141,18,0.860249583173921,Satkhira Range,True,False,714750.0,2408250.0,89.076753,21.764912
G_06387,141,19,1.0,Satkhira Range,True,False,715250.0,2408250.0,89.081585,21.764852
G_06388,141,20,1.0,Satkhira Range,True,False,715750.0,2408250.0,89.086418,21.764791
G_06389,141,21,1.0,Satkhira Range,True,False,716250.0,2408250.0,89.091251,21.76473
G_06390,141,22,1.0,Satkhira Range,True,False,716750.0,2408250.0,89.096084,21.764669
G_06391,141,23,1.0,Satkhira Range,True,False,717250.0,2408250.0,89.100917,21.764607
G_06392,141,24,1.0,Satkhira Range,True,False,717750.0,2408250.0,89.105749,21.764546
G_06393,141,25,1.0,Satkhira Range,True,False,718250.0,2408250.0,89.110582,21.764484
G_06394,141,26,1.0,Satkhira Range,True,False,718750.0,2408250.0,89.115415,21.764422
G_06395,141,27,1.0,Satkhira Range,True,False,719250.0,2408250.0,89.120248,21.76436
G_06396,141,28,1.0,Satkhira Range,True,False,719750.0,2408250.0,89.12508,21.764298
G_06397,141,29,0.7456061308290703,Satkhira Range,True,False,720250.0,2408250.0,89.129913,21.764236
G_06398,141,46,0.43482359389806824,Satkhira Range,True,False,728750.0,2408250.0,89.212066,21.763158
G_06399,141,47,0.9870462857269757,Satkhira Range,True,False,729250.0,2408250.0,89.216898,21.763093
G_06400,141,48,1.0,Satkhira Range,True,False,729750.0,2408250.0,89.221731,21.763028
G_06401,141,49,1.0,Satkhira Range,True,False,730250.0,2408250.0,89.226563,21.762963
G_06402,141,50,1.0,Satkhira Range,True,False,730750.0,2408250.0,89.231395,21.762898
G_06403,141,51,1.0,Satkhira Range,True,False,731250.0,2408250.0,89.236228,21.762833
G_06404,141,52,1.0,Satkhira Range,True,False,731750.0,2408250.0,89.24106,21.762767
G_06405,141,53,1.0,Satkhira Range,True,False,732250.0,2408250.0,89.245892,21.762702
G_06406,141,54,1.0,Satkhira Range,True,False,732750.0,2408250.0,89.250724,21.762636
G_06407,141,55,0.9916373922578998,Satkhira Range,True,False,733250.0,2408250.0,89.255557,21.76257
G_06408,141,56,0.7642813520476311,Satkhira Range,True,False,733750.0,2408250.0,89.260389,21.762504
G_06409,141,57,0.8228885324088829,Satkhira Range,True,False,734250.0,2408250.0,89.265221,21.762438
G_06410,141,58,0.9271709354237513,Satkhira Range,True,False,734750.0,2408250.0,89.270053,21.762372
G_06411,141,59,0.9928725983852513,Satkhira Range,True,False,735250.0,2408250.0,89.274885,21.762305
G_06412,141,60,1.0,Satkhira Range,True,False,735750.0,2408250.0,89.279717,21.762239
G_06413,141,61,0.6380216905121973,Satkhira Range,True,False,736250.0,2408250.0,89.284549,21.762172
G_06414,142,18,0.12232864911517496,Satkhira Range,True,False,714750.0,2407750.0,89.076688,21.760398
G_06415,142,19,0.9457165270203931,Satkhira Range,True,False,715250.0,2407750.0,89.08152,21.760337
G_06416,142,20,1.0,Satkhira Range,True,False,715750.0,2407750.0,89.086353,21.760276
G_06417,142,21,1.0,Satkhira Range,True,False,716250.0,2407750.0,89.091186,21.760215
G_06418,142,22,1.0,Satkhira Range,True,False,716750.0,2407750.0,89.096018,21.760154
G_06419,142,23,1.0,Satkhira Range,True,False,717250.0,2407750.0,89.100851,21.760093
G_06420,142,24,1.0,Satkhira Range,True,False,717750.0,2407750.0,89.105684,21.760031
G_06421,142,25,1.0,Satkhira Range,True,False,718250.0,2407750.0,89.110516,21.75997
G_06422,142,26,1.0,Satkhira Range,True,False,718750.0,2407750.0,89.115349,21.759908
G_06423,142,27,1.0,Satkhira Range,True,False,719250.0,2407750.0,89.120181,21.759846
G_06424,142,28,1.0,Satkhira Range,True,False,719750.0,2407750.0,89.125014,21.759784
G_06425,142,29,0.9625329915834977,Satkhira Range,True,False,720250.0,2407750.0,89.129846,21.759722
G_06426,142,30,0.11509919194095182,Satkhira Range,True,False,720750.0,2407750.0,89.134679,21.75966
G_06427,142,47,0.782520400989578,Satkhira Range,True,False,729250.0,2407750.0,89.216829,21.758579
G_06428,142,48,1.0,Satkhira Range,True,False,729750.0,2407750.0,89.221661,21.758514
G_06429,142,49,1.0,Satkhira Range,True,False,730250.0,2407750.0,89.226493,21.758449
G_06430,142,50,1.0,Satkhira Range,True,False,730750.0,2407750.0,89.231325,21.758384
G_06431,142,51,0.9605049195478408,Satkhira Range,True,False,731250.0,2407750.0,89.236158,21.758319
G_06432,142,52,0.5972710069835502,Satkhira Range,True,False,731750.0,2407750.0,89.24099,21.758253
G_06433,142,53,0.30420083396086584,Satkhira Range,True,False,732250.0,2407750.0,89.245822,21.758188
G_06434,142,54,0.39944341831648017,Satkhira Range,True,False,732750.0,2407750.0,89.250654,21.758122
G_06435,142,55,0.28346157994286136,Satkhira Range,True,False,733250.0,2407750.0,89.255486,21.758056
G_06436,142,56,0.4565160406744108,Satkhira Range,True,False,733750.0,2407750.0,89.260318,21.75799
G_06437,142,57,0.4576988486242344,Satkhira Range,True,False,734250.0,2407750.0,89.26515,21.757924
G_06438,142,58,0.30538865144175653,Satkhira Range,True,False,734750.0,2407750.0,89.269982,21.757858
G_06439,142,59,0.16494396393929858,Satkhira Range,True,False,735250.0,2407750.0,89.274814,21.757791
G_06440,142,60,0.5661747763001038,Satkhira Range,True,False,735750.0,2407750.0,89.279646,21.757725
G_06441,142,61,0.9298634249152465,Satkhira Range,True,False,736250.0,2407750.0,89.284478,21.757658
G_06442,143,19,0.4341109041691575,Satkhira Range,True,False,715250.0,2407250.0,89.081455,21.755823
G_06443,143,20,1.0,Satkhira Range,True,False,715750.0,2407250.0,89.086288,21.755762
G_06444,143,21,1.0,Satkhira Range,True,False,716250.0,2407250.0,89.09112,21.755701
G_06445,143,22,1.0,Satkhira Range,True,False,716750.0,2407250.0,89.095953,21.75564
G_06446,143,23,1.0,Satkhira Range,True,False,717250.0,2407250.0,89.100785,21.755579
G_06447,143,24,1.0,Satkhira Range,True,False,717750.0,2407250.0,89.105618,21.755517
G_06448,143,25,1.0,Satkhira Range,True,False,718250.0,2407250.0,89.11045,21.755455
G_06449,143,26,1.0,Satkhira Range,True,False,718750.0,2407250.0,89.115283,21.755394
G_06450,143,27,1.0,Satkhira Range,True,False,719250.0,2407250.0,89.120115,21.755332
G_06451,143,28,1.0,Satkhira Range,True,False,719750.0,2407250.0,89.124947,21.75527
G_06452,143,29,1.0,Satkhira Range,True,False,720250.0,2407250.0,89.12978,21.755208
G_06453,143,30,0.9172893171986598,Satkhira Range,True,False,720750.0,2407250.0,89.134612,21.755145
G_06454,143,31,0.6805048907640003,Satkhira Range,True,False,721250.0,2407250.0,89.139445,21.755083
G_06455,143,32,0.2592049207723503,Satkhira Range,True,False,721750.0,2407250.0,89.144277,21.75502
G_06456,143,47,0.318750281746588,Satkhira Range,True,False,729250.0,2407250.0,89.21676,21.754065
G_06457,143,48,0.9600827904790699,Satkhira Range,True,False,729750.0,2407250.0,89.221592,21.754
G_06458,143,49,0.48354275459015555,Satkhira Range,True,False,730250.0,2407250.0,89.226424,21.753935
G_06459,143,50,0.24039232204667696,Satkhira Range,True,False,730750.0,2407250.0,89.231256,21.75387
G_06460,143,51,0.3195986194919319,Satkhira Range,True,False,731250.0,2407250.0,89.236088,21.753805
G_06461,143,52,0.6104337179067757,Satkhira Range,True,False,731750.0,2407250.0,89.24092,21.753739
G_06462,143,53,0.9705741560980665,Satkhira Range,True,False,732250.0,2407250.0,89.245752,21.753674
G_06463,143,54,0.9147410065206659,Satkhira Range,True,False,732750.0,2407250.0,89.250584,21.753608
G_06464,143,55,0.9889576960021971,Satkhira Range,True,False,733250.0,2407250.0,89.255415,21.753542
G_06465,143,56,1.0,Satkhira Range,True,False,733750.0,2407250.0,89.260247,21.753476
G_06466,143,57,1.0,Satkhira Range,True,False,734250.0,2407250.0,89.265079,21.75341
G_06467,143,58,1.0,Satkhira Range,True,False,734750.0,2407250.0,89.269911,21.753344
G_06468,143,59,0.9672546603791712,Satkhira Range,True,False,735250.0,2407250.0,89.274743,21.753278
G_06469,143,60,0.45909216314785417,Satkhira Range,True,False,735750.0,2407250.0,89.279575,21.753211
G_06470,143,61,0.056066553030360095,Satkhira Range,True,False,736250.0,2407250.0,89.284407,21.753144
G_06471,144,20,0.7709484305272644,Satkhira Range,True,False,715750.0,2406750.0,89.086223,21.751248
G_06472,144,21,1.0,Satkhira Range,True,False,716250.0,2406750.0,89.091055,21.751187
G_06473,144,22,1.0,Satkhira Range,True,False,716750.0,2406750.0,89.095887,21.751125
G_06474,144,23,1.0,Satkhira Range,True,False,717250.0,2406750.0,89.10072,21.751064
G_06475,144,24,1.0,Satkhira Range,True,False,717750.0,2406750.0,89.105552,21.751003
G_06476,144,25,1.0,Satkhira Range,True,False,718250.0,2406750.0,89.110384,21.750941
G_06477,144,26,1.0,Satkhira Range,True,False,718750.0,2406750.0,89.115216,21.750879
G_06478,144,27,1.0,Satkhira Range,True,False,719250.0,2406750.0,89.120049,21.750818
G_06479,144,28,1.0,Satkhira Range,True,False,719750.0,2406750.0,89.124881,21.750756
G_06480,144,29,1.0,Satkhira Range,True,False,720250.0,2406750.0,89.129713,21.750693
G_06481,144,30,1.0,Satkhira Range,True,False,720750.0,2406750.0,89.134545,21.750631
G_06482,144,31,1.0,Satkhira Range,True,False,721250.0,2406750.0,89.139378,21.750569
G_06483,144,32,0.6437050647866954,Satkhira Range,True,False,721750.0,2406750.0,89.14421,21.750506
G_06484,144,48,0.09314333137435145,Satkhira Range,True,False,729750.0,2406750.0,89.221522,21.749486
G_06485,144,49,0.5887768785748945,Satkhira Range,True,False,730250.0,2406750.0,89.226354,21.749421
G_06486,144,50,0.9977332968700773,Satkhira Range,True,False,730750.0,2406750.0,89.231186,21.749356
G_06487,144,51,1.0,Satkhira Range,True,False,731250.0,2406750.0,89.236018,21.749291
G_06488,144,52,1.0,Satkhira Range,True,False,731750.0,2406750.0,89.24085,21.749225
G_06489,144,53,1.0,Satkhira Range,True,False,732250.0,2406750.0,89.245681,21.74916
G_06490,144,54,1.0,Satkhira Range,True,False,732750.0,2406750.0,89.250513,21.749094
G_06491,144,55,1.0,Satkhira Range,True,False,733250.0,2406750.0,89.255345,21.749028
G_06492,144,56,1.0,Satkhira Range,True,False,733750.0,2406750.0,89.260177,21.748962
G_06493,144,57,1.0,Satkhira Range,True,False,734250.0,2406750.0,89.265008,21.748896
G_06494,144,58,1.0,Satkhira Range,True,False,734750.0,2406750.0,89.26984,21.74883
G_06495,144,59,1.0,Satkhira Range,True,False,735250.0,2406750.0,89.274672,21.748764
G_06496,144,60,1.0,Satkhira Range,True,False,735750.0,2406750.0,89.279503,21.748697
G_06497,144,61,0.5424438443562304,Satkhira Range,True,False,736250.0,2406750.0,89.284335,21.748631
G_06498,145,20,0.16229171915292337,Satkhira Range,True,False,715750.0,2406250.0,89.086157,21.746733
G_06499,145,21,0.9797648710536311,Satkhira Range,True,False,716250.0,2406250.0,89.09099,21.746672
G_06500,145,22,1.0,Satkhira Range,True,False,716750.0,2406250.0,89.095822,21.746611
G_06501,145,23,1.0,Satkhira Range,True,False,717250.0,2406250.0,89.100654,21.74655
G_06502,145,24,1.0,Satkhira Range,True,False,717750.0,2406250.0,89.105486,21.746488
G_06503,145,25,1.0,Satkhira Range,True,False,718250.0,2406250.0,89.110318,21.746427
G_06504,145,26,1.0,Satkhira Range,True,False,718750.0,2406250.0,89.11515,21.746365
G_06505,145,27,1.0,Satkhira Range,True,False,719250.0,2406250.0,89.119982,21.746303
G_06506,145,28,1.0,Satkhira Range,True,False,719750.0,2406250.0,89.124815,21.746241
G_06507,145,29,1.0,Satkhira Range,True,False,720250.0,2406250.0,89.129647,21.746179
G_06508,145,30,1.0,Satkhira Range,True,False,720750.0,2406250.0,89.134479,21.746117
G_06509,145,31,1.0,Satkhira Range,True,False,721250.0,2406250.0,89.139311,21.746054
G_06510,145,32,0.481537278147687,Satkhira Range,True,False,721750.0,2406250.0,89.144143,21.745992
G_06511,145,48,0.33214354155335835,Satkhira Range,True,False,729750.0,2406250.0,89.221453,21.744972
G_06512,145,49,1.0,Satkhira Range,True,False,730250.0,2406250.0,89.226284,21.744907
G_06513,145,50,1.0,Satkhira Range,True,False,730750.0,2406250.0,89.231116,21.744842
G_06514,145,51,1.0,Satkhira Range,True,False,731250.0,2406250.0,89.235948,21.744777
G_06515,145,52,1.0,Satkhira Range,True,False,731750.0,2406250.0,89.24078,21.744711
G_06516,145,53,1.0,Satkhira Range,True,False,732250.0,2406250.0,89.245611,21.744646
G_06517,145,54,1.0,Satkhira Range,True,False,732750.0,2406250.0,89.250443,21.74458
G_06518,145,55,1.0,Satkhira Range,True,False,733250.0,2406250.0,89.255274,21.744514
G_06519,145,56,1.0,Satkhira Range,True,False,733750.0,2406250.0,89.260106,21.744448
G_06520,145,57,1.0,Satkhira Range,True,False,734250.0,2406250.0,89.264938,21.744382
G_06521,145,58,1.0,Satkhira Range,True,False,734750.0,2406250.0,89.269769,21.744316
G_06522,145,59,1.0,Satkhira Range,True,False,735250.0,2406250.0,89.274601,21.74425
G_06523,145,60,1.0,Satkhira Range,True,False,735750.0,2406250.0,89.279432,21.744183
G_06524,145,61,0.8158930861012226,Satkhira Range,True,False,736250.0,2406250.0,89.284264,21.744117
G_06525,146,21,0.5230859594652415,Satkhira Range,True,False,716250.0,2405750.0,89.090924,21.742158
G_06526,146,22,1.0,Satkhira Range,True,False,716750.0,2405750.0,89.095756,21.742097
G_06527,146,23,1.0,Satkhira Range,True,False,717250.0,2405750.0,89.100588,21.742035
G_06528,146,24,1.0,Satkhira Range,True,False,717750.0,2405750.0,89.10542,21.741974
G_06529,146,25,1.0,Satkhira Range,True,False,718250.0,2405750.0,89.110252,21.741912
G_06530,146,26,1.0,Satkhira Range,True,False,718750.0,2405750.0,89.115084,21.741851
G_06531,146,27,1.0,Satkhira Range,True,False,719250.0,2405750.0,89.119916,21.741789
G_06532,146,28,1.0,Satkhira Range,True,False,719750.0,2405750.0,89.124748,21.741727
G_06533,146,29,1.0,Satkhira Range,True,False,720250.0,2405750.0,89.12958,21.741665
G_06534,146,30,1.0,Satkhira Range,True,False,720750.0,2405750.0,89.134412,21.741603
G_06535,146,31,1.0,Satkhira Range,True,False,721250.0,2405750.0,89.139244,21.74154
G_06536,146,32,0.9236334474336132,Satkhira Range,True,False,721750.0,2405750.0,89.144076,21.741478
G_06537,146,33,0.0541202803437048,Satkhira Range,True,False,722250.0,2405750.0,89.148908,21.741415
G_06538,146,48,0.6248055397008464,Satkhira Range,True,False,729750.0,2405750.0,89.221383,21.740458
G_06539,146,49,1.0,Satkhira Range,True,False,730250.0,2405750.0,89.226215,21.740393
G_06540,146,50,1.0,Satkhira Range,True,False,730750.0,2405750.0,89.231046,21.740328
G_06541,146,51,1.0,Satkhira Range,True,False,731250.0,2405750.0,89.235878,21.740263
G_06542,146,52,1.0,Satkhira Range,True,False,731750.0,2405750.0,89.24071,21.740197
G_06543,146,53,1.0,Satkhira Range,True,False,732250.0,2405750.0,89.245541,21.740132
G_06544,146,54,1.0,Satkhira Range,True,False,732750.0,2405750.0,89.250372,21.740066
G_06545,146,55,1.0,Satkhira Range,True,False,733250.0,2405750.0,89.255204,21.740001
G_06546,146,56,1.0,Satkhira Range,True,False,733750.0,2405750.0,89.260035,21.739935
G_06547,146,57,1.0,Satkhira Range,True,False,734250.0,2405750.0,89.264867,21.739869
G_06548,146,58,1.0,Satkhira Range,True,False,734750.0,2405750.0,89.269698,21.739802
G_06549,146,59,1.0,Satkhira Range,True,False,735250.0,2405750.0,89.27453,21.739736
G_06550,146,60,1.0,Satkhira Range,True,False,735750.0,2405750.0,89.279361,21.73967
G_06551,146,61,0.9992099901687512,Satkhira Range,True,False,736250.0,2405750.0,89.284192,21.739603
G_06552,146,62,0.10453541952815384,Satkhira Range,True,False,736750.0,2405750.0,89.289024,21.739536
G_06553,147,22,0.43098200159125527,Satkhira Range,True,False,716750.0,2405250.0,89.095691,21.737582
G_06554,147,23,0.9763803868950892,Satkhira Range,True,False,717250.0,2405250.0,89.100523,21.737521
G_06555,147,24,1.0,Satkhira Range,True,False,717750.0,2405250.0,89.105354,21.73746
G_06556,147,25,1.0,Satkhira Range,True,False,718250.0,2405250.0,89.110186,21.737398
G_06557,147,26,1.0,Satkhira Range,True,False,718750.0,2405250.0,89.115018,21.737336
G_06558,147,27,1.0,Satkhira Range,True,False,719250.0,2405250.0,89.11985,21.737275
G_06559,147,28,1.0,Satkhira Range,True,False,719750.0,2405250.0,89.124682,21.737213
G_06560,147,29,1.0,Satkhira Range,True,False,720250.0,2405250.0,89.129514,21.737151
G_06561,147,30,1.0,Satkhira Range,True,False,720750.0,2405250.0,89.134345,21.737088
G_06562,147,31,1.0,Satkhira Range,True,False,721250.0,2405250.0,89.139177,21.737026
G_06563,147,32,0.9982631350701552,Satkhira Range,True,False,721750.0,2405250.0,89.144009,21.736963
G_06564,147,33,0.0863086030205633,Satkhira Range,True,False,722250.0,2405250.0,89.14884,21.736901
G_06565,147,48,0.5203610061608289,Satkhira Range,True,False,729750.0,2405250.0,89.221314,21.735944
G_06566,147,49,0.99999039194891,Satkhira Range,True,False,730250.0,2405250.0,89.226145,21.735879
G_06567,147,50,1.0,Satkhira Range,True,False,730750.0,2405250.0,89.230977,21.735814
G_06568,147,51,1.0,Satkhira Range,True,False,731250.0,2405250.0,89.235808,21.735749
G_06569,147,52,1.0,Satkhira Range,True,False,731750.0,2405250.0,89.24064,21.735683
G_06570,147,53,1.0,Satkhira Range,True,False,732250.0,2405250.0,89.245471,21.735618
G_06571,147,54,1.0,Satkhira Range,True,False,732750.0,2405250.0,89.250302,21.735552
G_06572,147,55,1.0,Satkhira Range,True,False,733250.0,2405250.0,89.255133,21.735487
G_06573,147,56,1.0,Satkhira Range,True,False,733750.0,2405250.0,89.259965,21.735421
G_06574,147,57,1.0,Satkhira Range,True,False,734250.0,2405250.0,89.264796,21.735355
G_06575,147,58,1.0,Satkhira Range,True,False,734750.0,2405250.0,89.269627,21.735288
G_06576,147,59,1.0,Satkhira Range,True,False,735250.0,2405250.0,89.274459,21.735222
G_06577,147,60,1.0,Satkhira Range,True,False,735750.0,2405250.0,89.27929,21.735156
G_06578,147,61,1.0,Satkhira Range,True,False,736250.0,2405250.0,89.284121,21.735089
G_06579,147,62,0.1608852097630663,Satkhira Range,True,False,736750.0,2405250.0,89.288952,21.735022
G_06580,148,23,0.16465322413960634,Satkhira Range,True,False,717250.0,2404750.0,89.100457,21.733007
G_06581,148,24,1.0,Satkhira Range,True,False,717750.0,2404750.0,89.105289,21.732945
G_06582,148,25,1.0,Satkhira Range,True,False,718250.0,2404750.0,89.11012,21.732884
G_06583,148,26,1.0,Satkhira Range,True,False,718750.0,2404750.0,89.114952,21.732822
G_06584,148,27,1.0,Satkhira Range,True,False,719250.0,2404750.0,89.119784,21.73276
G_06585,148,28,1.0,Satkhira Range,True,False,719750.0,2404750.0,89.124615,21.732698
G_06586,148,29,1.0,Satkhira Range,True,False,720250.0,2404750.0,89.129447,21.732636
G_06587,148,30,1.0,Satkhira Range,True,False,720750.0,2404750.0,89.134279,21.732574
G_06588,148,31,1.0,Satkhira Range,True,False,721250.0,2404750.0,89.13911,21.732512
G_06589,148,32,0.6903286472011475,Satkhira Range,True,False,721750.0,2404750.0,89.143942,21.732449
G_06590,148,48,0.155226369647543,Satkhira Range,True,False,729750.0,2404750.0,89.221245,21.73143
G_06591,148,49,0.9993397230990855,Satkhira Range,True,False,730250.0,2404750.0,89.226076,21.731365
G_06592,148,50,1.0,Satkhira Range,True,False,730750.0,2404750.0,89.230907,21.7313
G_06593,148,51,1.0,Satkhira Range,True,False,731250.0,2404750.0,89.235738,21.731235
G_06594,148,52,1.0,Satkhira Range,True,False,731750.0,2404750.0,89.24057,21.731169
G_06595,148,53,1.0,Satkhira Range,True,False,732250.0,2404750.0,89.245401,21.731104
G_06596,148,54,1.0,Satkhira Range,True,False,732750.0,2404750.0,89.250232,21.731038
G_06597,148,55,1.0,Satkhira Range,True,False,733250.0,2404750.0,89.255063,21.730973
G_06598,148,56,1.0,Satkhira Range,True,False,733750.0,2404750.0,89.259894,21.730907
G_06599,148,57,1.0,Satkhira Range,True,False,734250.0,2404750.0,89.264725,21.730841
G_06600,148,58,1.0,Satkhira Range,True,False,734750.0,2404750.0,89.269556,21.730775
G_06601,148,59,1.0,Satkhira Range,True,False,735250.0,2404750.0,89.274388,21.730708
G_06602,148,60,1.0,Satkhira Range,True,False,735750.0,2404750.0,89.279219,21.730642
G_06603,148,61,1.0,Satkhira Range,True,False,736250.0,2404750.0,89.28405,21.730575
G_06604,148,62,0.23108594232862578,Satkhira Range,True,False,736750.0,2404750.0,89.288881,21.730509
G_06605,149,23,0.12986772701801355,Satkhira Range,True,False,717250.0,2404250.0,89.100391,21.728492
G_06606,149,24,0.8859922042374911,Satkhira Range,True,False,717750.0,2404250.0,89.105223,21.728431
G_06607,149,25,1.0,Satkhira Range,True,False,718250.0,2404250.0,89.110054,21.728369
G_06608,149,26,1.0,Satkhira Range,True,False,718750.0,2404250.0,89.114886,21.728308
G_06609,149,27,1.0,Satkhira Range,True,False,719250.0,2404250.0,89.119717,21.728246
G_06610,149,28,1.0,Satkhira Range,True,False,719750.0,2404250.0,89.124549,21.728184
G_06611,149,29,1.0,Satkhira Range,True,False,720250.0,2404250.0,89.12938,21.728122
G_06612,149,30,1.0,Satkhira Range,True,False,720750.0,2404250.0,89.134212,21.72806
G_06613,149,31,0.7851178867009394,Satkhira Range,True,False,721250.0,2404250.0,89.139043,21.727997
G_06614,149,32,0.0781399227101932,Satkhira Range,True,False,721750.0,2404250.0,89.143875,21.727935
G_06615,149,49,0.9069920717740659,Satkhira Range,True,False,730250.0,2404250.0,89.226006,21.726851
G_06616,149,50,1.0,Satkhira Range,True,False,730750.0,2404250.0,89.230837,21.726786
G_06617,149,51,1.0,Satkhira Range,True,False,731250.0,2404250.0,89.235668,21.726721
G_06618,149,52,1.0,Satkhira Range,True,False,731750.0,2404250.0,89.2405,21.726656
G_06619,149,53,1.0,Satkhira Range,True,False,732250.0,2404250.0,89.245331,21.72659
G_06620,149,54,1.0,Satkhira Range,True,False,732750.0,2404250.0,89.250162,21.726525
G_06621,149,55,1.0,Satkhira Range,True,False,733250.0,2404250.0,89.254993,21.726459
G_06622,149,56,1.0,Satkhira Range,True,False,733750.0,2404250.0,89.259824,21.726393
G_06623,149,57,1.0,Satkhira Range,True,False,734250.0,2404250.0,89.264655,21.726327
G_06624,149,58,1.0,Satkhira Range,True,False,734750.0,2404250.0,89.269486,21.726261
G_06625,149,59,1.0,Satkhira Range,True,False,735250.0,2404250.0,89.274316,21.726194
G_06626,149,60,1.0,Satkhira Range,True,False,735750.0,2404250.0,89.279147,21.726128
G_06627,149,61,0.7525345912058021,Satkhira Range,True,False,736250.0,2404250.0,89.283978,21.726061
G_06628,150,24,0.18473627454108457,Satkhira Range,True,False,717750.0,2403750.0,89.105157,21.723917
G_06629,150,25,0.9747944651750698,Satkhira Range,True,False,718250.0,2403750.0,89.109989,21.723855
G_06630,150,26,1.0,Satkhira Range,True,False,718750.0,2403750.0,89.11482,21.723793
G_06631,150,27,1.0,Satkhira Range,True,False,719250.0,2403750.0,89.119651,21.723732
G_06632,150,28,1.0,Satkhira Range,True,False,719750.0,2403750.0,89.124483,21.72367
G_06633,150,29,1.0,Satkhira Range,True,False,720250.0,2403750.0,89.129314,21.723608
G_06634,150,30,0.9354859569593522,Satkhira Range,True,False,720750.0,2403750.0,89.134145,21.723545
G_06635,150,31,0.2453687225945249,Satkhira Range,True,False,721250.0,2403750.0,89.138977,21.723483
G_06636,150,49,0.8171263958183372,Satkhira Range,True,False,730250.0,2403750.0,89.225937,21.722337
G_06637,150,50,1.0,Satkhira Range,True,False,730750.0,2403750.0,89.230768,21.722272
G_06638,150,51,1.0,Satkhira Range,True,False,731250.0,2403750.0,89.235599,21.722207
G_06639,150,52,1.0,Satkhira Range,True,False,731750.0,2403750.0,89.24043,21.722142
G_06640,150,53,1.0,Satkhira Range,True,False,732250.0,2403750.0,89.24526,21.722076
G_06641,150,54,1.0,Satkhira Range,True,False,732750.0,2403750.0,89.250091,21.722011
G_06642,150,55,1.0,Satkhira Range,True,False,733250.0,2403750.0,89.254922,21.721945
G_06643,150,56,1.0,Satkhira Range,True,False,733750.0,2403750.0,89.259753,21.721879
G_06644,150,57,1.0,Satkhira Range,True,False,734250.0,2403750.0,89.264584,21.721813
G_06645,150,58,1.0,Satkhira Range,True,False,734750.0,2403750.0,89.269415,21.721747
G_06646,150,59,1.0,Satkhira Range,True,False,735250.0,2403750.0,89.274245,21.721681
G_06647,150,60,1.0,Satkhira Range,True,False,735750.0,2403750.0,89.279076,21.721614
G_06648,150,61,0.3756182218762187,Satkhira Range,True,False,736250.0,2403750.0,89.283907,21.721548
G_06649,151,25,0.06795079634009893,Satkhira Range,True,False,718250.0,2403250.0,89.109923,21.719341
G_06650,151,26,0.4006078782202307,Satkhira Range,True,False,718750.0,2403250.0,89.114754,21.719279
G_06651,151,27,0.5546079855701321,Satkhira Range,True,False,719250.0,2403250.0,89.119585,21.719217
G_06652,151,28,0.3169185032170775,Satkhira Range,True,False,719750.0,2403250.0,89.124416,21.719155
G_06653,151,29,0.18593849073232907,Satkhira Range,True,False,720250.0,2403250.0,89.129247,21.719093
G_06654,151,49,0.463855230757558,Satkhira Range,True,False,730250.0,2403250.0,89.225867,21.717823
G_06655,151,50,1.0,Satkhira Range,True,False,730750.0,2403250.0,89.230698,21.717758
G_06656,151,51,1.0,Satkhira Range,True,False,731250.0,2403250.0,89.235529,21.717693
G_06657,151,52,1.0,Satkhira Range,True,False,731750.0,2403250.0,89.24036,21.717628
G_06658,151,53,1.0,Satkhira Range,True,False,732250.0,2403250.0,89.24519,21.717562
G_06659,151,54,1.0,Satkhira Range,True,False,732750.0,2403250.0,89.250021,21.717497
G_06660,151,55,1.0,Satkhira Range,True,False,733250.0,2403250.0,89.254852,21.717431
G_06661,151,56,1.0,Satkhira Range,True,False,733750.0,2403250.0,89.259683,21.717365
G_06662,151,57,1.0,Satkhira Range,True,False,734250.0,2403250.0,89.264513,21.717299
G_06663,151,58,1.0,Satkhira Range,True,False,734750.0,2403250.0,89.269344,21.717233
G_06664,151,59,1.0,Satkhira Range,True,False,735250.0,2403250.0,89.274174,21.717167
G_06665,151,60,1.0,Satkhira Range,True,False,735750.0,2403250.0,89.279005,21.7171
G_06666,151,61,0.170260661276016,Satkhira Range,True,False,736250.0,2403250.0,89.283836,21.717034
G_06667,152,49,0.06776936468422425,Satkhira Range,True,False,730250.0,2402750.0,89.225798,21.713309
G_06668,152,50,0.9993385411958116,Satkhira Range,True,False,730750.0,2402750.0,89.230628,21.713244
G_06669,152,51,1.0,Satkhira Range,True,False,731250.0,2402750.0,89.235459,21.713179
G_06670,152,52,1.0,Satkhira Range,True,False,731750.0,2402750.0,89.24029,21.713114
G_06671,152,53,1.0,Satkhira Range,True,False,732250.0,2402750.0,89.24512,21.713048
G_06672,152,54,1.0,Satkhira Range,True,False,732750.0,2402750.0,89.249951,21.712983
G_06673,152,55,1.0,Satkhira Range,True,False,733250.0,2402750.0,89.254781,21.712917
G_06674,152,56,1.0,Satkhira Range,True,False,733750.0,2402750.0,89.259612,21.712851
G_06675,152,57,1.0,Satkhira Range,True,False,734250.0,2402750.0,89.264443,21.712785
G_06676,152,58,1.0,Satkhira Range,True,False,734750.0,2402750.0,89.269273,21.712719
G_06677,152,59,1.0,Satkhira Range,True,False,735250.0,2402750.0,89.274104,21.712653
G_06678,152,60,0.7914308503988748,Satkhira Range,True,False,735750.0,2402750.0,89.278934,21.712586
G_06679,153,49,0.19608349623332447,Satkhira Range,True,False,730250.0,2402250.0,89.225728,21.708795
G_06680,153,50,1.0,Satkhira Range,True,False,730750.0,2402250.0,89.230559,21.70873
G_06681,153,51,1.0,Satkhira Range,True,False,731250.0,2402250.0,89.235389,21.708665
G_06682,153,52,1.0,Satkhira Range,True,False,731750.0,2402250.0,89.24022,21.7086
G_06683,153,53,1.0,Satkhira Range,True,False,732250.0,2402250.0,89.24505,21.708534
G_06684,153,54,1.0,Satkhira Range,True,False,732750.0,2402250.0,89.249881,21.708469
G_06685,153,55,1.0,Satkhira Range,True,False,733250.0,2402250.0,89.254711,21.708403
G_06686,153,56,1.0,Satkhira Range,True,False,733750.0,2402250.0,89.259541,21.708337
G_06687,153,57,1.0,Satkhira Range,True,False,734250.0,2402250.0,89.264372,21.708271
G_06688,153,58,1.0,Satkhira Range,True,False,734750.0,2402250.0,89.269202,21.708205
G_06689,153,59,1.0,Satkhira Range,True,False,735250.0,2402250.0,89.274033,21.708139
G_06690,153,60,0.7609346066312764,Satkhira Range,True,False,735750.0,2402250.0,89.278863,21.708073
G_06691,154,49,0.1807243739661363,Satkhira Range,True,False,730250.0,2401750.0,89.225659,21.704281
G_06692,154,50,0.32723461947646576,Satkhira Range,True,False,730750.0,2401750.0,89.230489,21.704216
G_06693,154,51,0.8035870471217118,Satkhira Range,True,False,731250.0,2401750.0,89.23532,21.704151
G_06694,154,52,1.0,Satkhira Range,True,False,731750.0,2401750.0,89.24015,21.704086
G_06695,154,53,1.0,Satkhira Range,True,False,732250.0,2401750.0,89.24498,21.70402
G_06696,154,54,1.0,Satkhira Range,True,False,732750.0,2401750.0,89.24981,21.703955
G_06697,154,55,1.0,Satkhira Range,True,False,733250.0,2401750.0,89.254641,21.703889
G_06698,154,56,1.0,Satkhira Range,True,False,733750.0,2401750.0,89.259471,21.703823
G_06699,154,57,0.9315151070700816,Satkhira Range,True,False,734250.0,2401750.0,89.264301,21.703757
G_06700,154,58,0.7298775994445866,Satkhira Range,True,False,734750.0,2401750.0,89.269131,21.703691
G_06701,154,59,0.6983760657825141,Satkhira Range,True,False,735250.0,2401750.0,89.273962,21.703625
G_06702,154,60,0.35465499433809444,Satkhira Range,True,False,735750.0,2401750.0,89.278792,21.703559
G_06703,155,49,0.3465414349126483,Satkhira Range,True,False,730250.0,2401250.0,89.225589,21.699767
G_06704,155,50,0.41843342455373705,Satkhira Range,True,False,730750.0,2401250.0,89.23042,21.699702
G_06705,155,51,0.5054265310002941,Satkhira Range,True,False,731250.0,2401250.0,89.23525,21.699637
G_06706,155,52,1.0,Satkhira Range,True,False,731750.0,2401250.0,89.24008,21.699572
G_06707,155,53,1.0,Satkhira Range,True,False,732250.0,2401250.0,89.24491,21.699506
G_06708,155,54,0.9999747193751329,Satkhira Range,True,False,732750.0,2401250.0,89.24974,21.699441
G_06709,155,55,0.6280172017173954,Satkhira Range,True,False,733250.0,2401250.0,89.25457,21.699375
G_06710,155,56,0.39203801866259474,Satkhira Range,True,False,733750.0,2401250.0,89.259401,21.699309
G_06711,155,57,0.12416268030788025,Satkhira Range,True,False,734250.0,2401250.0,89.264231,21.699244
G_06712,156,49,0.8935765405285813,Satkhira Range,True,False,730250.0,2400750.0,89.22552,21.695253
G_06713,156,50,0.929909649075975,Satkhira Range,True,False,730750.0,2400750.0,89.23035,21.695188
G_06714,156,51,0.22059615132944124,Satkhira Range,True,False,731250.0,2400750.0,89.23518,21.695123
G_06715,156,52,0.6789486048518097,Satkhira Range,True,False,731750.0,2400750.0,89.24001,21.695058
G_06716,156,53,0.965102546262792,Satkhira Range,True,False,732250.0,2400750.0,89.24484,21.694992
G_06717,156,54,0.688743832078287,Satkhira Range,True,False,732750.0,2400750.0,89.24967,21.694927
G_06718,156,55,0.4013483356761752,Satkhira Range,True,False,733250.0,2400750.0,89.2545,21.694861
G_06719,156,56,0.9459823533549997,Satkhira Range,True,False,733750.0,2400750.0,89.25933,21.694796
G_06720,156,57,0.8925567614094967,Satkhira Range,True,False,734250.0,2400750.0,89.26416,21.69473
G_06721,156,58,0.8139812177994817,Satkhira Range,True,False,734750.0,2400750.0,89.26899,21.694664
G_06722,156,59,0.7607608454092298,Satkhira Range,True,False,735250.0,2400750.0,89.27382,21.694597
G_06723,156,60,0.5864471236995279,Satkhira Range,True,False,735750.0,2400750.0,89.27865,21.694531
G_06724,156,61,0.27983944271392375,Satkhira Range,True,False,736250.0,2400750.0,89.283479,21.694465
G_06725,157,48,0.42502389884794806,Satkhira Range,True,False,729750.0,2400250.0,89.220621,21.690804
G_06726,157,49,1.0,Satkhira Range,True,False,730250.0,2400250.0,89.225451,21.690739
G_06727,157,50,1.0,Satkhira Range,True,False,730750.0,2400250.0,89.230281,21.690674
G_06728,157,51,0.9156022122814786,Satkhira Range,True,False,731250.0,2400250.0,89.235111,21.690609
G_06729,157,52,0.5647278801178074,Satkhira Range,True,False,731750.0,2400250.0,89.23994,21.690544
G_06730,157,53,0.31733150334042853,Satkhira Range,True,False,732250.0,2400250.0,89.24477,21.690478
G_06731,157,54,0.3730724669309338,Satkhira Range,True,False,732750.0,2400250.0,89.2496,21.690413
G_06732,157,55,0.9468045220661724,Satkhira Range,True,False,733250.0,2400250.0,89.25443,21.690347
G_06733,157,56,1.0,Satkhira Range,True,False,733750.0,2400250.0,89.25926,21.690282
G_06734,157,57,1.0,Satkhira Range,True,False,734250.0,2400250.0,89.264089,21.690216
G_06735,157,58,1.0,Satkhira Range,True,False,734750.0,2400250.0,89.268919,21.69015
G_06736,157,59,1.0,Satkhira Range,True,False,735250.0,2400250.0,89.273749,21.690084
G_06737,157,60,1.0,Satkhira Range,True,False,735750.0,2400250.0,89.278579,21.690017
G_06738,157,61,1.0,Satkhira Range,True,False,736250.0,2400250.0,89.283408,21.689951
G_06739,157,62,0.9204329051824264,Satkhira Range,True,False,736750.0,2400250.0,89.288238,21.689884
G_06740,157,63,0.15366237937125324,Satkhira Range,True,False,737250.0,2400250.0,89.293068,21.689817
G_06741,158,48,0.815309891896813,Satkhira Range,True,False,729750.0,2399750.0,89.220552,21.68629
G_06742,158,49,1.0,Satkhira Range,True,False,730250.0,2399750.0,89.225381,21.686225
G_06743,158,50,1.0,Satkhira Range,True,False,730750.0,2399750.0,89.230211,21.68616
G_06744,158,51,1.0,Satkhira Range,True,False,731250.0,2399750.0,89.235041,21.686095
G_06745,158,52,1.0,Satkhira Range,True,False,731750.0,2399750.0,89.239871,21.68603
G_06746,158,53,1.0,Satkhira Range,True,False,732250.0,2399750.0,89.2447,21.685964
G_06747,158,54,1.0,Satkhira Range,True,False,732750.0,2399750.0,89.24953,21.685899
G_06748,158,55,1.0,Satkhira Range,True,False,733250.0,2399750.0,89.25436,21.685833
G_06749,158,56,1.0,Satkhira Range,True,False,733750.0,2399750.0,89.259189,21.685768
G_06750,158,57,1.0,Satkhira Range,True,False,734250.0,2399750.0,89.264019,21.685702
G_06751,158,58,1.0,Satkhira Range,True,False,734750.0,2399750.0,89.268848,21.685636
G_06752,158,59,1.0,Satkhira Range,True,False,735250.0,2399750.0,89.273678,21.68557
G_06753,158,60,1.0,Satkhira Range,True,False,735750.0,2399750.0,89.278508,21.685503
G_06754,158,61,1.0,Satkhira Range,True,False,736250.0,2399750.0,89.283337,21.685437
G_06755,158,62,1.0,Satkhira Range,True,False,736750.0,2399750.0,89.288167,21.68537
G_06756,158,63,0.3040382800071133,Satkhira Range,True,False,737250.0,2399750.0,89.292996,21.685304
G_06757,159,47,0.16858279993712788,Satkhira Range,True,False,729250.0,2399250.0,89.215653,21.68184
G_06758,159,48,1.0,Satkhira Range,True,False,729750.0,2399250.0,89.220482,21.681776
G_06759,159,49,1.0,Satkhira Range,True,False,730250.0,2399250.0,89.225312,21.681711
G_06760,159,50,1.0,Satkhira Range,True,False,730750.0,2399250.0,89.230142,21.681646
G_06761,159,51,1.0,Satkhira Range,True,False,731250.0,2399250.0,89.234971,21.681581
G_06762,159,52,1.0,Satkhira Range,True,False,731750.0,2399250.0,89.239801,21.681516
G_06763,159,53,1.0,Satkhira Range,True,False,732250.0,2399250.0,89.24463,21.68145
G_06764,159,54,1.0,Satkhira Range,True,False,732750.0,2399250.0,89.24946,21.681385
G_06765,159,55,1.0,Satkhira Range,True,False,733250.0,2399250.0,89.254289,21.681319
G_06766,159,56,1.0,Satkhira Range,True,False,733750.0,2399250.0,89.259119,21.681254
G_06767,159,57,1.0,Satkhira Range,True,False,734250.0,2399250.0,89.263948,21.681188
G_06768,159,58,1.0,Satkhira Range,True,False,734750.0,2399250.0,89.268778,21.681122
G_06769,159,59,1.0,Satkhira Range,True,False,735250.0,2399250.0,89.273607,21.681056
G_06770,159,60,1.0,Satkhira Range,True,False,735750.0,2399250.0,89.278437,21.680989
G_06771,159,61,1.0,Satkhira Range,True,False,736250.0,2399250.0,89.283266,21.680923
G_06772,159,62,0.9233415579685332,Satkhira Range,True,False,736750.0,2399250.0,89.288095,21.680856
G_06773,159,63,0.0823314694048159,Satkhira Range,True,False,737250.0,2399250.0,89.292925,21.68079
G_06774,160,47,0.3952011227225423,Satkhira Range,True,False,729250.0,2398750.0,89.215584,21.677326
G_06775,160,48,1.0,Satkhira Range,True,False,729750.0,2398750.0,89.220413,21.677262
G_06776,160,49,1.0,Satkhira Range,True,False,730250.0,2398750.0,89.225243,21.677197
G_06777,160,50,1.0,Satkhira Range,True,False,730750.0,2398750.0,89.230072,21.677132
G_06778,160,51,1.0,Satkhira Range,True,False,731250.0,2398750.0,89.234902,21.677067
G_06779,160,52,1.0,Satkhira Range,True,False,731750.0,2398750.0,89.239731,21.677002
G_06780,160,53,1.0,Satkhira Range,True,False,732250.0,2398750.0,89.24456,21.676936
G_06781,160,54,1.0,Satkhira Range,True,False,732750.0,2398750.0,89.24939,21.676871
G_06782,160,55,1.0,Satkhira Range,True,False,733250.0,2398750.0,89.254219,21.676806
G_06783,160,56,1.0,Satkhira Range,True,False,733750.0,2398750.0,89.259048,21.67674
G_06784,160,57,1.0,Satkhira Range,True,False,734250.0,2398750.0,89.263878,21.676674
G_06785,160,58,1.0,Satkhira Range,True,False,734750.0,2398750.0,89.268707,21.676608
G_06786,160,59,1.0,Satkhira Range,True,False,735250.0,2398750.0,89.273536,21.676542
G_06787,160,60,1.0,Satkhira Range,True,False,735750.0,2398750.0,89.278366,21.676476
G_06788,160,61,0.9124152454105876,Satkhira Range,True,False,736250.0,2398750.0,89.283195,21.676409
G_06789,160,62,0.2029362075986003,Satkhira Range,True,False,736750.0,2398750.0,89.288024,21.676343
G_06790,161,47,0.8695653617031867,Satkhira Range,True,False,729250.0,2398250.0,89.215515,21.672812
G_06791,161,48,1.0,Satkhira Range,True,False,729750.0,2398250.0,89.220344,21.672747
G_06792,161,49,1.0,Satkhira Range,True,False,730250.0,2398250.0,89.225173,21.672683
G_06793,161,50,1.0,Satkhira Range,True,False,730750.0,2398250.0,89.230003,21.672618
G_06794,161,51,1.0,Satkhira Range,True,False,731250.0,2398250.0,89.234832,21.672553
G_06795,161,52,1.0,Satkhira Range,True,False,731750.0,2398250.0,89.239661,21.672488
G_06796,161,53,1.0,Satkhira Range,True,False,732250.0,2398250.0,89.24449,21.672423
G_06797,161,54,1.0,Satkhira Range,True,False,732750.0,2398250.0,89.24932,21.672357
G_06798,161,55,1.0,Satkhira Range,True,False,733250.0,2398250.0,89.254149,21.672292
G_06799,161,56,1.0,Satkhira Range,True,False,733750.0,2398250.0,89.258978,21.672226
G_06800,161,57,1.0,Satkhira Range,True,False,734250.0,2398250.0,89.263807,21.67216
G_06801,161,58,1.0,Satkhira Range,True,False,734750.0,2398250.0,89.268636,21.672094
G_06802,161,59,1.0,Satkhira Range,True,False,735250.0,2398250.0,89.273466,21.672028
G_06803,161,60,0.9869905020719065,Satkhira Range,True,False,735750.0,2398250.0,89.278295,21.671962
G_06804,161,61,0.2704999161390957,Satkhira Range,True,False,736250.0,2398250.0,89.283124,21.671895
G_06805,162,46,0.34637279168810586,Satkhira Range,True,False,728750.0,2397750.0,89.210617,21.668362
G_06806,162,47,1.0,Satkhira Range,True,False,729250.0,2397750.0,89.215446,21.668298
G_06807,162,48,1.0,Satkhira Range,True,False,729750.0,2397750.0,89.220275,21.668233
G_06808,162,49,1.0,Satkhira Range,True,False,730250.0,2397750.0,89.225104,21.668169
G_06809,162,50,1.0,Satkhira Range,True,False,730750.0,2397750.0,89.229933,21.668104
G_06810,162,51,1.0,Satkhira Range,True,False,731250.0,2397750.0,89.234762,21.668039
G_06811,162,52,1.0,Satkhira Range,True,False,731750.0,2397750.0,89.239591,21.667974
G_06812,162,53,1.0,Satkhira Range,True,False,732250.0,2397750.0,89.244421,21.667909
G_06813,162,54,1.0,Satkhira Range,True,False,732750.0,2397750.0,89.24925,21.667843
G_06814,162,55,1.0,Satkhira Range,True,False,733250.0,2397750.0,89.254079,21.667778
G_06815,162,56,0.9291291952551496,Satkhira Range,True,False,733750.0,2397750.0,89.258908,21.667712
G_06816,162,57,0.6702911896153739,Satkhira Range,True,False,734250.0,2397750.0,89.263737,21.667646
G_06817,162,58,0.8719080005830468,Satkhira Range,True,False,734750.0,2397750.0,89.268566,21.66758
G_06818,162,59,0.7550434136416453,Satkhira Range,True,False,735250.0,2397750.0,89.273395,21.667514
G_06819,162,60,0.2903153816025078,Satkhira Range,True,False,735750.0,2397750.0,89.278224,21.667448
G_06820,163,46,0.8265655142990852,Satkhira Range,True,False,728750.0,2397250.0,89.210548,21.663848
G_06821,163,47,1.0,Satkhira Range,True,False,729250.0,2397250.0,89.215377,21.663784
G_06822,163,48,1.0,Satkhira Range,True,False,729750.0,2397250.0,89.220206,21.663719
G_06823,163,49,1.0,Satkhira Range,True,False,730250.0,2397250.0,89.225035,21.663655
G_06824,163,50,1.0,Satkhira Range,True,False,730750.0,2397250.0,89.229864,21.66359
G_06825,163,51,1.0,Satkhira Range,True,False,731250.0,2397250.0,89.234693,21.663525
G_06826,163,52,1.0,Satkhira Range,True,False,731750.0,2397250.0,89.239522,21.66346
G_06827,163,53,1.0,Satkhira Range,True,False,732250.0,2397250.0,89.244351,21.663395
G_06828,163,54,1.0,Satkhira Range,True,False,732750.0,2397250.0,89.24918,21.663329
G_06829,163,55,1.0,Satkhira Range,True,False,733250.0,2397250.0,89.254009,21.663264
G_06830,163,56,0.997506060325851,Satkhira Range,True,False,733750.0,2397250.0,89.258837,21.663198
G_06831,163,57,0.20227373552174552,Satkhira Range,True,False,734250.0,2397250.0,89.263666,21.663132
G_06832,164,46,0.9304618479032035,Satkhira Range,True,False,728750.0,2396750.0,89.210479,21.659334
G_06833,164,47,1.0,Satkhira Range,True,False,729250.0,2396750.0,89.215308,21.65927
G_06834,164,48,1.0,Satkhira Range,True,False,729750.0,2396750.0,89.220137,21.659205
G_06835,164,49,1.0,Satkhira Range,True,False,730250.0,2396750.0,89.224966,21.659141
G_06836,164,50,1.0,Satkhira Range,True,False,730750.0,2396750.0,89.229794,21.659076
G_06837,164,51,1.0,Satkhira Range,True,False,731250.0,2396750.0,89.234623,21.659011
G_06838,164,52,1.0,Satkhira Range,True,False,731750.0,2396750.0,89.239452,21.658946
G_06839,164,53,1.0,Satkhira Range,True,False,732250.0,2396750.0,89.244281,21.658881
G_06840,164,54,0.8852060498466785,Satkhira Range,True,False,732750.0,2396750.0,89.24911,21.658815
G_06841,164,55,0.7336690707074869,Satkhira Range,True,False,733250.0,2396750.0,89.253938,21.65875
G_06842,164,56,0.5298035499790407,Satkhira Range,True,False,733750.0,2396750.0,89.258767,21.658684
G_06843,165,46,0.5967274792515832,Satkhira Range,True,False,728750.0,2396250.0,89.21041,21.65482
G_06844,165,47,0.6495204875556074,Satkhira Range,True,False,729250.0,2396250.0,89.215239,21.654756
G_06845,165,48,0.41052627467721814,Satkhira Range,True,False,729750.0,2396250.0,89.220068,21.654691
G_06846,165,49,0.5694219804485816,Satkhira Range,True,False,730250.0,2396250.0,89.224896,21.654627
G_06847,165,50,0.7124982977054928,Satkhira Range,True,False,730750.0,2396250.0,89.229725,21.654562
G_06848,165,51,0.7226579947137047,Satkhira Range,True,False,731250.0,2396250.0,89.234554,21.654497
G_06849,165,52,0.6726116152561188,Satkhira Range,True,False,731750.0,2396250.0,89.239382,21.654432
G_06850,165,53,0.3408164527107812,Satkhira Range,True,False,732250.0,2396250.0,89.244211,21.654367
